i,j,family_i,family_j,era_i,era_j,within_family,between_family,within_era,across_era,phi_primary,jaccard,overlap,cosine,phi,yule_q,cohen_kappa,ci_lo,ci_hi
DeepSeek-R1,DeepSeek-V3,DeepSeek,DeepSeek,2025Q1,2024Q4,1,0,0,1,0.07311120320928702,0.3174010455563854,0.48405466970387245,0.48186436584389797,0.07311120320928702,0.14719922900697896,0.073108797150773,0.031938518932946185,0.11702401034333118
DeepSeek-R1,DeepSeek-V3.1,DeepSeek,DeepSeek,2025Q1,2025Q3,1,0,0,1,0.048174534560589316,0.31445170660856936,0.49316628701594534,0.4786661123155644,0.048174534560589316,0.09699601882012306,0.048103063010737045,0.008603883666738208,0.08808519638163795
DeepSeek-R1,DeepSeek-V3.2,DeepSeek,DeepSeek,2025Q1,2025Q4,1,0,0,1,0.04797800444454332,0.3004484304932735,0.46635730858468677,0.4620885019747036,0.04797800444454332,0.09722852124580485,0.047971650711376726,0.005725520131032334,0.08937063569215062
DeepSeek-R1,DeepSeek-V4,DeepSeek,DeepSeek,2025Q1,2026Q2,1,0,0,1,0.0587647670425797,0.29555895865237364,0.4742014742014742,0.45659152308620327,0.0587647670425797,0.11977594783262968,0.058638627740691916,0.015985242204103824,0.10284722594481849
DeepSeek-R1,Devstral-2,DeepSeek,Mistral,2025Q1,2025Q4,0,1,0,1,0.03367969134857396,0.29874908020603386,0.4624145785876993,0.46006263838341493,0.03367969134857396,0.06816232212412626,0.03367828889064631,-0.010049528885324685,0.07848353883580954
DeepSeek-R1,Gemma-1,DeepSeek,Gemma,2025Q1,2024Q1,0,1,0,1,0.03295071933432988,0.3543563068920676,0.6207289293849658,0.5298533943595739,0.03295071933432988,0.06787963610916725,0.031228963619867,-0.009295571884593765,0.08078781429370711
DeepSeek-R1,Gemma-2,DeepSeek,Gemma,2025Q1,2024Q2,0,1,0,1,0.03668171881644107,0.26403162055335966,0.463245492371706,0.4197895047585275,0.03668171881644107,0.07666802626212123,0.03619397036322333,-0.0065430352830296,0.07941910398183774
DeepSeek-R1,Gemma-3,DeepSeek,Gemma,2025Q1,2025Q1,0,1,1,0,0.0466352534925791,0.3144927536231884,0.49430523917995445,0.47874532624093885,0.0466352534925791,0.09389228567711722,0.046555505386054324,0.0030458356405471307,0.08859344421052512
DeepSeek-R1,Gemma-3n,DeepSeek,Gemma,2025Q1,2025Q2,0,1,0,1,0.051755854350369605,0.2981132075471698,0.4691211401425178,0.45940296299692956,0.051755854350369605,0.10512179654567837,0.05172097348489483,0.005503956880683197,0.0960680864700017
DeepSeek-R1,Gemma-4,DeepSeek,Gemma,2025Q1,2026Q2,0,1,0,1,0.0829435928931047,0.3481953290870488,0.5603644646924829,0.5181227035730436,0.0829435928931047,0.16614511198956622,0.08202381355813948,0.03816478873230288,0.1278195639142028
DeepSeek-R1,Gemma-4-12B,DeepSeek,Gemma,2025Q1,2026Q2,0,1,0,1,0.04826530328489524,0.28812260536398465,0.46824408468244083,0.4477986854476104,0.04826530328489524,0.09873568872799439,0.048122578040628305,0.004696358310571855,0.09126338754137127
DeepSeek-R1,Llama-1,DeepSeek,Llama,2025Q1,2023Q1,0,1,0,1,0.04010446208217036,0.2880970432145565,0.4628501827040195,0.44757390734609087,0.04010446208217036,0.08186071012002559,0.040036313003367456,-0.0017245161113243785,0.08467524520840493
DeepSeek-R1,Llama-2,DeepSeek,Llama,2025Q1,2023Q3,0,1,0,1,0.05961888546522791,0.26542207792207795,0.4801762114537445,0.4228895356840685,0.05961888546522791,0.12569084918980702,0.05835298132729566,0.01515187164969165,0.10294614744515311
DeepSeek-R1,Llama-3,DeepSeek,Llama,2025Q1,2024Q2,0,1,0,1,0.02959398300885902,0.3292181069958848,0.5466970387243736,0.4975549449015081,0.02959398300885902,0.059714867617107946,0.029106937219552886,-0.0112773847675456,0.07117730033332033
DeepSeek-R1,Llama-3.1,DeepSeek,Llama,2025Q1,2024Q3,0,1,0,1,0.09766959089126293,0.34757422157856627,0.5466970387243736,0.5166747291825771,0.09766959089126293,0.1948989974141086,0.09712744231536212,0.05321826490041345,0.14531672900718448
DeepSeek-R1,Llama-3.2,DeepSeek,Llama,2025Q1,2024Q3,0,1,0,1,0.011574642021089794,0.296987087517934,0.4715261958997722,0.4581541332211689,0.011574642021089794,0.02337306346215032,0.011558711395316024,-0.033195606581257385,0.05487269836981245
DeepSeek-R1,Llama-3.3,DeepSeek,Llama,2025Q1,2024Q4,0,1,0,1,0.04834908689624388,0.3064992614475628,0.47266514806378135,0.4692043034660904,0.04834908689624388,0.09765434676689635,0.04834489035189947,0.004892787797586772,0.09461071253495595
DeepSeek-R1,Llama-4,DeepSeek,Llama,2025Q1,2025Q2,0,1,0,1,0.04307798441812751,0.31831187410586553,0.5068337129840547,0.4834472524317815,0.04307798441812751,0.08666463847479972,0.042913239532805014,-0.00017774683095359944,0.08568638768951004
DeepSeek-R1,Ministral-3,DeepSeek,Mistral,2025Q1,2025Q4,0,1,0,1,0.01134964416603377,0.27259036144578314,0.4458128078817734,0.4287294313962275,0.01134964416603377,0.023269900560294786,0.011323720861683538,-0.03050718517016745,0.056485303042602825
DeepSeek-R1,Mistral-7B,DeepSeek,Mistral,2025Q1,2023Q3,0,1,0,1,0.04192192577817135,0.25545675020210185,0.46814814814814815,0.41047615943635574,0.04192192577817135,0.08885306164844445,0.040974644660800745,-0.0033356564925472324,0.08437123780251264
DeepSeek-R1,Mistral-Large-2,DeepSeek,Mistral,2025Q1,2024Q3,0,1,0,1,0.04496525553467305,0.2954887218045113,0.4650887573964497,0.45626477154208067,0.04496525553467305,0.0913725571467059,0.044939811841930875,0.00038869850183747374,0.08664461433240862
DeepSeek-R1,Mistral-Large-3,DeepSeek,Mistral,2025Q1,2025Q4,0,1,0,1,0.06411061733708052,0.27980922098569155,0.4808743169398907,0.43907616771019625,0.06411061733708052,0.13296201828813353,0.0633761464854896,0.022546197958303076,0.10525641296360651
DeepSeek-R1,Mistral-Medium-3,DeepSeek,Mistral,2025Q1,2025Q2,0,1,0,1,0.008221164107763938,0.2561919504643963,0.4442953020134228,0.4092631093471366,0.008221164107763938,0.017122172888373848,0.008143339285161321,-0.04172063924487544,0.048274943554013995
DeepSeek-R1,Mistral-Medium-3.5,DeepSeek,Mistral,2025Q1,2026Q2,0,1,0,1,0.07568741495938533,0.34022824536376606,0.5432801822323462,0.5088081771784584,0.07568741495938533,0.1516482629145891,0.07511283623397937,0.03046462601594638,0.12669156479138227
DeepSeek-R1,Mistral-Small-2,DeepSeek,Mistral,2025Q1,2024Q3,0,1,0,1,0.0787062552385266,0.3294203961848863,0.5113895216400911,0.49582183114527933,0.0787062552385266,0.15776456348997528,0.07858073205450299,0.03337344776271424,0.12722156495775155
DeepSeek-R1,Mistral-Small-3,DeepSeek,Mistral,2025Q1,2025Q1,0,1,1,0,0.015001195441492313,0.3039772727272727,0.4874715261958998,0.46667416224552516,0.015001195441492313,0.030243394676707138,0.014952617210587158,-0.027633726563879475,0.0567398961982386
DeepSeek-R1,Mistral-Small-3.1,DeepSeek,Mistral,2025Q1,2025Q1,0,1,1,0,0.07413198427503012,0.342998585572843,0.5523917995444191,0.5122495783675673,0.07413198427503012,0.14865274482780919,0.07337401577159308,0.03221628292073316,0.11381547399470476
DeepSeek-R1,Mistral-Small-3.2,DeepSeek,Mistral,2025Q1,2025Q2,0,1,0,1,0.04464736977389968,0.2510220768601799,0.4708588957055215,0.4057582134343931,0.04464736977389968,0.09538635330421964,0.043385995839355714,0.0016158902714419907,0.08990271010234308
DeepSeek-R1,Mistral-Small-4,DeepSeek,Mistral,2025Q1,2026Q1,0,1,0,1,0.06012429219639873,0.3407665505226481,0.5569476082004556,0.5102649748515483,0.06012429219639873,0.12092713780890056,0.059279324431291594,0.015462258950690517,0.09960158392782442
DeepSeek-R1,Mixtral-8x22B,DeepSeek,Mistral,2025Q1,2024Q2,0,1,0,1,0.04118860555551593,0.2849503437738732,0.4639303482587065,0.44394947779993554,0.04118860555551593,0.08432513388781611,0.0410700674529347,-0.002490199379177864,0.08072321373159065
DeepSeek-R1,Mixtral-8x7B,DeepSeek,Mistral,2025Q1,2023Q4,0,1,0,1,0.050622243570400294,0.3286219081272085,0.5296127562642369,0.49576040071091204,0.050622243570400294,0.10174845992150763,0.05023174345459715,0.006474785011139316,0.0891058462581049
DeepSeek-R1,Phi-1,DeepSeek,Phi,2025Q1,2023Q2,0,1,0,1,0.022995751540403026,0.27870090634441086,0.452760736196319,0.43621470708736837,0.022995751540403026,0.047076552392865685,0.022947934890478038,-0.02319832884901693,0.06678917964123948
DeepSeek-R1,Phi-1.5,DeepSeek,Phi,2025Q1,2023Q3,0,1,0,1,0.046162953125759604,0.33030090972708187,0.5375854214123007,0.4980316278636312,0.046162953125759604,0.09287171190021451,0.04567782801459096,0.0018304690939228284,0.09520296894250253
DeepSeek-R1,Phi-2,DeepSeek,Phi,2025Q1,2023Q4,0,1,0,1,0.03654237340485921,0.2980769230769231,0.45952109464082097,0.45925933381374684,0.03654237340485921,0.07401695270762132,0.036542354572718067,-0.008141617356172722,0.07709204348879067
DeepSeek-R1,Phi-3,DeepSeek,Phi,2025Q1,2024Q2,0,1,0,1,0.06522035471563511,0.33617021276595743,0.5398633257403189,0.5043500791975666,0.06522035471563511,0.1308806521791875,0.06468465083558836,0.01951668505826491,0.10928499042972106
DeepSeek-R1,Phi-3.5,DeepSeek,Phi,2025Q1,2024Q3,0,1,0,1,0.0989438796328058,0.3569907735982967,0.5728929384965832,0.5279106916144735,0.0989438796328058,0.19772037760023206,0.09774256384517035,0.05710224191371493,0.1466704249389597
DeepSeek-R1,Phi-4,DeepSeek,Phi,2025Q1,2024Q4,0,1,0,1,0.03997237573468245,0.35119047619047616,0.6047835990888383,0.525030218722525,0.03997237573468245,0.08166953995399957,0.03835785635164135,-0.0036948841445282442,0.08761666916116387
DeepSeek-R1,Phi-4-reasoning-plus,DeepSeek,Phi,2025Q1,2025Q2,0,1,0,1,0.07046619375851934,0.3431786216596343,0.5558086560364465,0.5126638744862767,0.07046619375851934,0.1414419372592185,0.06963215606273118,0.030142103849374564,0.1144261443839078
DeepSeek-R1,Phi-4-reasoning-vision-15B,DeepSeek,Phi,2025Q1,2026Q1,0,1,0,1,0.04990843269335563,0.33725761772853186,0.5546697038724373,0.5064860843525794,0.04990843269335563,0.10052471356167111,0.04914820768908229,0.00824134521383782,0.09429014333216391
DeepSeek-R1,Qwen-7B,DeepSeek,Qwen,2025Q1,2023Q3,0,1,0,1,0.08044395487072618,0.3281710914454277,0.5068337129840547,0.49432423452473606,0.08044395487072618,0.16129136832038643,0.08036091039222462,0.036477244836294234,0.1239879188216876
DeepSeek-R1,Qwen1.5,DeepSeek,Qwen,2025Q1,2024Q1,0,1,0,1,0.04591705916041966,0.35596572181938035,0.6150341685649203,0.5307495068649316,0.04591705916041966,0.09403903507116161,0.04387975393359802,0.004479641602842966,0.08854361061113807
DeepSeek-R1,Qwen2,DeepSeek,Qwen,2025Q1,2024Q2,0,1,0,1,0.06300633438355366,0.3143068939955523,0.48291571753986334,0.4783073790650182,0.06300633438355366,0.12695515843366853,0.06299699146061039,0.020471501887554668,0.1027617087363049
DeepSeek-R1,Qwen2.5,DeepSeek,Qwen,2025Q1,2024Q3,0,1,0,1,0.044096910672752,0.34936539746158984,0.5956719817767654,0.5223016273218183,0.044096910672752,0.08973227785441185,0.042586236046726546,-0.0016239270387614527,0.08650494977288359
DeepSeek-R1,Qwen3,DeepSeek,Qwen,2025Q1,2025Q2,0,1,0,1,0.03395974609182253,0.3060188542422045,0.4806378132118451,0.4687748920661542,0.03395974609182253,0.0685112472936773,0.033924688523994426,-0.012640651051806907,0.07372972271727767
DeepSeek-R1,Qwen3.5,DeepSeek,Qwen,2025Q1,2026Q1,0,1,0,1,0.050900817188699085,0.32160804020100503,0.510250569476082,0.48721159173905776,0.050900817188699085,0.10232556254129627,0.0507149271812964,0.0013831707962974503,0.09529167236144516
DeepSeek-R1,Qwen3.6,DeepSeek,Qwen,2025Q1,2026Q2,0,1,0,1,0.07009753775126457,0.3338119167264896,0.5296127562642369,0.5012941737498869,0.07009753775126457,0.14053944842913427,0.06973014154537077,0.0241852452834743,0.11112453678046294
DeepSeek-V3,DeepSeek-V3.1,DeepSeek,DeepSeek,2024Q4,2025Q3,1,0,0,1,0.040606098655004606,0.31263537906137184,0.4887133182844244,0.47650019119329706,0.040606098655004606,0.08174805318254384,0.04056244003515257,-0.0023012566597712517,0.08356894718891861
DeepSeek-V3,DeepSeek-V3.2,DeepSeek,DeepSeek,2024Q4,2025Q4,1,0,0,1,0.006370078253719229,0.28246515040352166,0.4466357308584687,0.44054495851685416,0.006370078253719229,0.012944475880897605,0.0063681842750144685,-0.03375662352690709,0.04889157877350679
DeepSeek-V3,DeepSeek-V4,DeepSeek,DeepSeek,2024Q4,2026Q2,1,0,0,1,0.07047728810330604,0.30268199233716475,0.48525798525798525,0.4651232320226119,0.07047728810330604,0.1432491972997622,0.07028635180364456,0.029981066101679717,0.1141118876923003
DeepSeek-V3,Devstral-2,DeepSeek,Mistral,2024Q4,2025Q4,0,1,0,1,0.05887647659390088,0.31236121391561805,0.4762979683972912,0.4760294045369778,0.05887647659390088,0.11869585285455786,0.05887644638229664,0.01566917352894533,0.09851467574459234
DeepSeek-V3,Gemma-1,DeepSeek,Gemma,2024Q4,2024Q1,0,1,0,1,0.07031193269681867,0.37294812869336835,0.6410835214446953,0.5497154602945001,0.07031193269681867,0.14439220953660176,0.06680868112217471,0.02857078062631708,0.11565507306522829
DeepSeek-V3,Gemma-2,DeepSeek,Gemma,2024Q4,2024Q2,0,1,0,1,0.05994985128172072,0.2764098490865767,0.4826629680998613,0.4354063420874437,0.05994985128172072,0.12473012286769805,0.059072871759172196,0.017662112054835994,0.10419403236012509
DeepSeek-V3,Gemma-3,DeepSeek,Gemma,2024Q4,2025Q1,0,1,0,1,0.05921060514692332,0.32220609579100146,0.5011286681715575,0.4875601307077301,0.05921060514692332,0.11892259821081291,0.05913545225968676,0.015303587655147005,0.09960587578882023
DeepSeek-V3,Gemma-3n,DeepSeek,Gemma,2024Q4,2025Q2,0,1,0,1,0.05095607631209305,0.2992481203007519,0.47268408551068886,0.46079755429260644,0.05095607631209305,0.10342373358271333,0.05090489904153629,0.005968913888680371,0.09778644555552468
DeepSeek-V3,Gemma-4,DeepSeek,Gemma,2024Q4,2026Q2,0,1,0,1,0.06250814606079765,0.3405746320953048,0.5485327313769752,0.5094882663261837,0.06250814606079765,0.12544101778620184,0.06188751024347057,0.021748291648554123,0.10517540847786933
DeepSeek-V3,Gemma-4-12B,DeepSeek,Gemma,2024Q4,2026Q2,0,1,0,1,0.04573044309266701,0.28832951945080093,0.47073474470734744,0.4481435666389053,0.04573044309266701,0.09350844561260607,0.045565305633926585,0.0054031135197078325,0.091109914646085
DeepSeek-V3,Llama-1,DeepSeek,Llama,2024Q4,2023Q1,0,1,0,1,0.04971583201165302,0.2941622441243366,0.4725943970767357,0.45492864777494035,0.04971583201165302,0.10126661415156858,0.04960626545283048,0.009716276884571466,0.08998907743674768
DeepSeek-V3,Llama-2,DeepSeek,Llama,2024Q4,2023Q3,0,1,0,1,0.060148087990302544,0.2667744543249798,0.4845814977973568,0.4248381636806624,0.060148087990302544,0.12671329422346322,0.058771276231432336,0.012328794072940137,0.10323817736528644
DeepSeek-V3,Llama-3,DeepSeek,Llama,2024Q4,2024Q2,0,1,0,1,0.05933300553788189,0.34485141672425706,0.5632054176072234,0.5149093191698212,0.05933300553788189,0.11933784129121759,0.05844026856302889,0.020966160531070838,0.10380725024323648
DeepSeek-V3,Llama-3.1,DeepSeek,Llama,2024Q4,2024Q3,0,1,0,1,0.08361913916024583,0.3426724137931034,0.5383747178329571,0.5111222173457299,0.08361913916024583,0.1671368493067992,0.08322328672968209,0.04365742559871205,0.12466890844540524
DeepSeek-V3,Llama-3.2,DeepSeek,Llama,2024Q4,2024Q3,0,1,0,1,0.0282732225345138,0.3064748201438849,0.48081264108352145,0.4693007668719979,0.0282732225345138,0.05698596705308115,0.028245398278260454,-0.012383459983704981,0.0713478511134505
DeepSeek-V3,Llama-3.3,DeepSeek,Llama,2024Q4,2024Q4,0,1,1,0,0.026908708201329082,0.29802775748721694,0.4604966139954853,0.4592027181703491,0.026908708201329082,0.05441901040706747,0.02690836332264709,-0.015997055528397305,0.07159765687095183
DeepSeek-V3,Llama-4,DeepSeek,Llama,2024Q4,2025Q2,0,1,0,1,0.059433639639673706,0.3278335724533716,0.5158013544018059,0.49423748666454076,0.059433639639673706,0.1192424738418264,0.05924639310850293,0.019632186614438184,0.10352361884668235
DeepSeek-V3,Ministral-3,DeepSeek,Mistral,2024Q4,2025Q4,0,1,0,1,0.06412192939559197,0.2991583779648049,0.4815270935960591,0.46097978586401817,0.06412192939559197,0.1305245766212309,0.06393832620727448,0.023707446612066644,0.1112139549248256
DeepSeek-V3,Mistral-7B,DeepSeek,Mistral,2024Q4,2023Q3,0,1,0,1,0.03613437078822116,0.25381526104417673,0.46814814814814815,0.40861879172003773,0.03613437078822116,0.07660025721441303,0.035256243834051536,-0.006498520280778806,0.07939649026331558
DeepSeek-V3,Mistral-Large-2,DeepSeek,Mistral,2024Q4,2024Q3,0,1,0,1,0.09712941881008945,0.32238349885408707,0.49940828402366866,0.48771626083333613,0.09712941881008945,0.19539881198834125,0.09704478128531137,0.04968009000028003,0.14005963568482338
DeepSeek-V3,Mistral-Large-3,DeepSeek,Mistral,2024Q4,2025Q4,0,1,0,1,0.04957278147268472,0.2740157480314961,0.47540983606557374,0.43212246266954096,0.04957278147268472,0.10300630438180587,0.04894331619643359,0.005805300346105897,0.1002588976701572
DeepSeek-V3,Mistral-Medium-3,DeepSeek,Mistral,2024Q4,2025Q2,0,1,0,1,0.03323835047883385,0.26926070038910505,0.46442953020134226,0.4258739751613282,0.03323835047883385,0.06898563249432861,0.03288599590083735,-0.012856699146892702,0.08241970815315551
DeepSeek-V3,Mistral-Medium-3.5,DeepSeek,Mistral,2024Q4,2026Q2,0,1,0,1,0.08164631331057998,0.3449750534568781,0.54627539503386,0.5139388660515469,0.08164631331057998,0.16327886276072803,0.0811047540580373,0.037027501078183804,0.12729876686307645
DeepSeek-V3,Mistral-Small-2,DeepSeek,Mistral,2024Q4,2024Q3,0,1,0,1,0.03679558484769346,0.3112391930835735,0.48758465011286684,0.4748904627997909,0.03679558484769346,0.07409423675379653,0.03675252600566659,-0.004716687758786749,0.08222501430518976
DeepSeek-V3,Mistral-Small-3,DeepSeek,Mistral,2024Q4,2025Q1,0,1,0,1,0.07778730613405885,0.33526430123099205,0.5225733634311512,0.5025524279805306,0.07778730613405885,0.15567500433483472,0.07758346965269718,0.03451404201715121,0.12503191341715922
DeepSeek-V3,Mistral-Small-3.1,DeepSeek,Mistral,2024Q4,2025Q1,0,1,0,1,0.08395974908161408,0.34961075725406937,0.5575620767494357,0.5193943450926498,0.08395974908161408,0.1679427745175829,0.0831948315732137,0.04292424635373338,0.12941061960231295
DeepSeek-V3,Mistral-Small-3.2,DeepSeek,Mistral,2024Q4,2025Q2,0,1,0,1,0.034709682183544935,0.24736415247364152,0.4677914110429448,0.40129077905492994,0.034709682183544935,0.07422475903586795,0.03366349830474601,-0.009475485004687782,0.07786353271664993
DeepSeek-V3,Mistral-Small-4,DeepSeek,Mistral,2024Q4,2026Q1,0,1,0,1,0.0355128646870406,0.3314955203308063,0.5428893905191874,0.49964595193460326,0.0355128646870406,0.0715042179454406,0.03506014460170869,-0.008132271669473305,0.07728916680768537
DeepSeek-V3,Mixtral-8x22B,DeepSeek,Mistral,2024Q4,2024Q2,0,1,0,1,0.009911609574423165,0.27163280662151995,0.4490049751243781,0.4277227166869803,0.009911609574423165,0.020336727000080032,0.00987668464163275,-0.02849812762438606,0.054580931173757646
DeepSeek-V3,Mixtral-8x7B,DeepSeek,Mistral,2024Q4,2023Q4,0,1,0,1,0.05055769874966517,0.33051444679351655,0.5293453724604966,0.4977624381111779,0.05055769874966517,0.10152198079838302,0.050216550626457225,0.008626914843492164,0.0949697824154863
DeepSeek-V3,Phi-1,DeepSeek,Phi,2024Q4,2023Q2,0,1,0,1,0.06545930374510465,0.30045871559633025,0.4822085889570552,0.46248418368432015,0.06545930374510465,0.13314527856133931,0.0652869007365334,0.022543935899821975,0.10995199457588539
DeepSeek-V3,Phi-1.5,DeepSeek,Phi,2024Q4,2023Q3,0,1,0,1,0.05801546440296948,0.33777154870357395,0.5440180586907449,0.5062818523959101,0.05801546440296948,0.11646690247599797,0.057471310224591066,0.01616722225743691,0.10102525943970048
DeepSeek-V3,Phi-2,DeepSeek,Phi,2024Q4,2023Q4,0,1,0,1,0.03750544191086796,0.3001474926253687,0.4640820980615735,0.46171900554363543,0.03750544191086796,0.07589309536612497,0.037503879396903333,-0.006371770365299679,0.08032059929457348
DeepSeek-V3,Phi-3,DeepSeek,Phi,2024Q4,2024Q2,0,1,0,1,0.03893854646198446,0.3258584442887176,0.5248306997742663,0.4925350048564873,0.03893854646198446,0.0782750512943995,0.03865755823017061,-0.0025203338972004763,0.08116646823732258
DeepSeek-V3,Phi-3.5,DeepSeek,Phi,2024Q4,2024Q3,0,1,0,1,0.06433235106858783,0.34265734265734266,0.5530474040632054,0.5119398651435366,0.06433235106858783,0.12911441531035486,0.06362937255198854,0.01436350863450629,0.10855403578449364
DeepSeek-V3,Phi-4,DeepSeek,Phi,2024Q4,2024Q4,0,1,1,0,0.03654590022665918,0.35201054713249835,0.6027088036117382,0.5256073544934177,0.03654590022665918,0.07459888257915065,0.035148850129072054,-0.004483106399574268,0.08239455826448402
DeepSeek-V3,Phi-4-reasoning-plus,DeepSeek,Phi,2024Q4,2025Q2,0,1,0,1,0.021801219905286783,0.32275862068965516,0.5282167042889391,0.4894283740654324,0.021801219905286783,0.043897216274089934,0.021569315138375206,-0.019357591622528675,0.06649370873279756
DeepSeek-V3,Phi-4-reasoning-vision-15B,DeepSeek,Phi,2024Q4,2026Q1,0,1,0,1,0.03128967578428366,0.33081674673987643,0.5440180586907449,0.49901774770553836,0.03128967578428366,0.06304096180012592,0.030855570642179857,-0.011774403058550242,0.07515354754723771
DeepSeek-V3,Qwen-7B,DeepSeek,Qwen,2024Q4,2023Q3,0,1,0,1,0.05675944396308507,0.3185131195335277,0.4932279909706546,0.48324094563994263,0.05675944396308507,0.11412158733380696,0.05671988716957452,0.013769790167359507,0.09893881885743672
DeepSeek-V3,Qwen1.5,DeepSeek,Qwen,2024Q4,2024Q1,0,1,0,1,0.052592749318661466,0.3612392880685564,0.618510158013544,0.5361752895549,0.052592749318661466,0.10755248325180664,0.05037798680133197,0.007537111500065626,0.0961291572104717
DeepSeek-V3,Qwen2,DeepSeek,Qwen,2024Q4,2024Q2,0,1,0,1,0.055699000218658735,0.3124539425202653,0.4785553047404063,0.47614308117845655,0.055699000218658735,0.11225251614535099,0.05569668937178012,0.015694224537649494,0.10154894487835972
DeepSeek-V3,Qwen2.5,DeepSeek,Qwen,2024Q4,2024Q3,0,1,0,1,0.06527061303543763,0.3610738255033557,0.6072234762979684,0.5348504465899151,0.06527061303543763,0.13246328718951983,0.06316547725420889,0.020690257841757813,0.11269750545711724
DeepSeek-V3,Qwen3,DeepSeek,Qwen,2024Q4,2025Q2,0,1,0,1,0.026472664430294487,0.304253785147801,0.4762979683972912,0.4666537278262146,0.026472664430294487,0.053388985035121655,0.026454215100149076,-0.01831742800873805,0.07124803488201432
DeepSeek-V3,Qwen3.5,DeepSeek,Qwen,2024Q4,2026Q1,0,1,0,1,0.03704873312428949,0.31695156695156695,0.5022573363431151,0.4817591883378674,0.03704873312428949,0.07450907308298457,0.03693780365582012,-0.00756353469766111,0.08358381241501432
DeepSeek-V3,Qwen3.6,DeepSeek,Qwen,2024Q4,2026Q2,0,1,0,1,0.06213743721138173,0.33190578158458245,0.5248306997742663,0.4990258626840753,0.06213743721138173,0.12459876854749168,0.06186104317844686,0.019596509427126443,0.10778078578961162
DeepSeek-V3.1,DeepSeek-V3.2,DeepSeek,DeepSeek,2025Q3,2025Q4,1,0,0,1,0.0026473989555581313,0.2897196261682243,0.46751740139211134,0.4496177594044866,0.0026473989555581313,0.005358042593980804,0.0026407810897461294,-0.04187573469650273,0.04620247484949312
DeepSeek-V3.1,DeepSeek-V4,DeepSeek,DeepSeek,2025Q3,2026Q2,1,0,0,1,0.060546247043809766,0.3059087509349289,0.5024570024570024,0.4695730345422542,0.060546247043809766,0.12288656720126216,0.0601123003751449,0.015467071637938656,0.10463265781363344
DeepSeek-V3.1,Devstral-2,DeepSeek,Mistral,2025Q3,2025Q4,0,1,0,1,0.03966124580685778,0.3124098124098124,0.4881623449830891,0.4762315133082799,0.03966124580685778,0.07984435671231986,0.03962044348775985,0.0008282090511026174,0.08252820379482967
DeepSeek-V3.1,Gemma-1,DeepSeek,Gemma,2025Q3,2024Q1,0,1,0,1,0.10746582809314509,0.40315167432698623,0.6587982832618026,0.5793845252952974,0.10746582809314509,0.21825396825396826,0.10349724835789094,0.06565631775343221,0.14604355938884192
DeepSeek-V3.1,Gemma-2,DeepSeek,Gemma,2025Q3,2024Q2,0,1,0,1,0.03969236698893934,0.27349768875192604,0.492371705963939,0.43306467964572054,0.03969236698893934,0.0825991763540635,0.038763419596586385,0.0004897512221642623,0.08085171403212664
DeepSeek-V3.1,Gemma-3,DeepSeek,Gemma,2025Q3,2025Q1,0,1,0,1,0.0779880305427947,0.34099066762383345,0.509656652360515,0.508566476454703,0.0779880305427947,0.15560659075514727,0.07798740116989153,0.032724921929765095,0.12098427465397302
DeepSeek-V3.1,Gemma-3n,DeepSeek,Gemma,2025Q3,2025Q2,0,1,0,1,0.08248054681140783,0.32289336316181955,0.5142517814726841,0.4887917807325175,0.08248054681140783,0.16601898503998463,0.08213849600103512,0.03995822930903799,0.1253161916302478
DeepSeek-V3.1,Gemma-4,DeepSeek,Gemma,2025Q3,2026Q2,0,1,0,1,0.10311217580316517,0.370888733379986,0.5686695278969958,0.5417297567001995,0.10311217580316517,0.20467971275257552,0.10264753911817896,0.05774154216122029,0.14989346616639354
DeepSeek-V3.1,Gemma-4-12B,DeepSeek,Gemma,2025Q3,2026Q2,0,1,0,1,0.04253404217243904,0.2947761194029851,0.4919053549190536,0.4565952264871879,0.04253404217243904,0.08671185253732837,0.042168894510867555,0.002310595965974611,0.08442745079520617
DeepSeek-V3.1,Llama-1,DeepSeek,Llama,2025Q3,2023Q1,0,1,0,1,0.01103128699319336,0.28424908424908424,0.4725943970767357,0.4435598121308164,0.01103128699319336,0.022467900035689683,0.010961422433864842,-0.03182034305733218,0.055179052652466164
DeepSeek-V3.1,Llama-2,DeepSeek,Llama,2025Q3,2023Q3,0,1,0,1,0.05426196911131393,0.2700787401574803,0.5036710719530103,0.4305391091982588,0.05426196911131393,0.11415171579097252,0.05244565106285537,0.009349617986523255,0.09820431935468614
DeepSeek-V3.1,Llama-3,DeepSeek,Llama,2025Q3,2024Q2,0,1,0,1,0.03823723654921552,0.34685598377281945,0.5504291845493562,0.5161268782085118,0.03823723654921552,0.07670213065950135,0.037925264919129946,-0.010567023015231375,0.08239263136727015
DeepSeek-V3.1,Llama-3.1,DeepSeek,Llama,2025Q3,2024Q3,0,1,0,1,0.055981650751530145,0.34009797060881736,0.5214592274678111,0.5077518964527151,0.055981650751530145,0.11187415859991025,0.055908630376715486,0.013404613182774867,0.09537994962141116
DeepSeek-V3.1,Llama-3.2,DeepSeek,Llama,2025Q3,2024Q3,0,1,0,1,0.06957129919238175,0.3357245337159254,0.5032258064516129,0.5026855746196008,0.06957129919238175,0.13904284543833437,0.06957115871548569,0.02253970397917401,0.11269191078710354
DeepSeek-V3.1,Llama-3.3,DeepSeek,Llama,2025Q3,2024Q4,0,1,0,1,0.07420083492098122,0.3296863603209336,0.5072951739618407,0.4960113639917551,0.07420083492098122,0.1486542175392099,0.07413750720339152,0.03285729098985141,0.11870885507228694
DeepSeek-V3.1,Llama-4,DeepSeek,Llama,2025Q3,2025Q2,0,1,0,1,0.1490561305447371,0.381646030589949,0.5622317596566524,0.5525348483231514,0.1490561305447371,0.29228518160149153,0.14897455945149454,0.10719742712682556,0.19185710230577255
DeepSeek-V3.1,Ministral-3,DeepSeek,Mistral,2025Q3,2025Q4,0,1,0,1,0.10125160041471339,0.3252279635258359,0.5270935960591133,0.4919917249484024,0.10125160041471339,0.204027243115191,0.10050080225604141,0.055902983202851496,0.1443074658713141
DeepSeek-V3.1,Mistral-7B,DeepSeek,Mistral,2025Q3,2023Q3,0,1,0,1,0.03274952997659843,0.25841816758026626,0.4888888888888889,0.41605821095972856,0.03274952997659843,0.06923904275342833,0.03159832293690554,-0.011790501696693753,0.08095884473387019
DeepSeek-V3.1,Mistral-Large-2,DeepSeek,Mistral,2025Q3,2024Q3,0,1,0,1,0.0877207431138883,0.32611940298507464,0.5171597633136095,0.4924307064039496,0.0877207431138883,0.17631224764468373,0.0873809956946213,0.047903454737216154,0.13280669594574188
DeepSeek-V3.1,Mistral-Large-3,DeepSeek,Mistral,2025Q3,2025Q4,0,1,0,1,0.05594737894975584,0.2839506172839506,0.5027322404371585,0.4455375598691506,0.05594737894975584,0.11580470661199738,0.05477420511399754,0.01388284430312728,0.096650522395853
DeepSeek-V3.1,Mistral-Medium-3,DeepSeek,Mistral,2025Q3,2025Q2,0,1,0,1,0.0639160515846781,0.2909930715935335,0.5073825503355704,0.45363411456817154,0.0639160515846781,0.13166885901224867,0.06274805120794583,0.023998115940995716,0.10659921292898002
DeepSeek-V3.1,Mistral-Medium-3.5,DeepSeek,Mistral,2025Q3,2026Q2,0,1,0,1,0.05118650585751232,0.3414295628036086,0.5278969957081545,0.5093779108210127,0.05118650585751232,0.10234314252046141,0.05106452761212227,0.01136228024597551,0.10152991966083903
DeepSeek-V3.1,Mistral-Small-2,DeepSeek,Mistral,2025Q3,2024Q3,0,1,0,1,0.031654127317126426,0.3187279151943463,0.48390557939914164,0.48338720155414966,0.031654127317126426,0.06351202641094168,0.03165406343670391,-0.01108051051215371,0.07152993828587123
DeepSeek-V3.1,Mistral-Small-3,DeepSeek,Mistral,2025Q3,2025Q1,0,1,0,1,0.0633463933564674,0.3385269121813031,0.5128755364806867,0.5058679744311569,0.0633463933564674,0.126545139723919,0.06332485578813099,0.021349382174006663,0.10582376630762806
DeepSeek-V3.1,Mistral-Small-3.1,DeepSeek,Mistral,2025Q3,2025Q1,0,1,0,1,0.08263746057149873,0.36002785515320335,0.5547210300429185,0.5299924902284181,0.08263746057149873,0.16460974382324042,0.08231046066217436,0.042660345577936,0.12727938448552073
DeepSeek-V3.1,Mistral-Small-3.2,DeepSeek,Mistral,2025Q3,2025Q2,0,1,0,1,0.07306127175873918,0.2712680577849117,0.5184049079754601,0.4335956796456918,0.07306127175873918,0.15482771746025992,0.0699922977335673,0.029739339371938067,0.11696874408099651
DeepSeek-V3.1,Mistral-Small-4,DeepSeek,Mistral,2025Q3,2026Q1,0,1,0,1,0.01919269452198132,0.33558406482106684,0.5332618025751072,0.503364507887657,0.01919269452198132,0.03850567076926793,0.019068354188099657,-0.026029758961060405,0.06101384107177163
DeepSeek-V3.1,Mixtral-8x22B,DeepSeek,Mistral,2025Q3,2024Q2,0,1,0,1,0.06610420630026079,0.30624529721595184,0.5062189054726368,0.4701738041886632,0.06610420630026079,0.13430746674087582,0.06554559164545062,0.020479364789040215,0.10995237198095628
DeepSeek-V3.1,Mixtral-8x7B,DeepSeek,Mistral,2025Q3,2023Q4,0,1,0,1,0.09034530063083654,0.360056258790436,0.5493562231759657,0.5298197507921307,0.09034530063083654,0.17964826123698519,0.09012374317092886,0.04867094327584654,0.13381141399502505
DeepSeek-V3.1,Phi-1,DeepSeek,Phi,2025Q3,2023Q2,0,1,0,1,0.08814195924584706,0.31948640483383683,0.5190184049079755,0.48534840509736005,0.08814195924584706,0.1780108594451631,0.08752101436065701,0.04120953115926522,0.1328978737912903
DeepSeek-V3.1,Phi-1.5,DeepSeek,Phi,2025Q3,2023Q3,0,1,0,1,0.07475676791724792,0.3566967383761277,0.5515021459227468,0.5264017761332296,0.07475676791724792,0.14910175809057605,0.07444756400988849,0.029833623575869637,0.11715436170831607
DeepSeek-V3.1,Phi-2,DeepSeek,Phi,2025Q3,2023Q4,0,1,0,1,0.0329620085061966,0.3070809248554913,0.4846066134549601,0.47009017799660735,0.0329620085061966,0.06647330557841308,0.03291126986111828,-0.012141430620334728,0.07722737052134704
DeepSeek-V3.1,Phi-3,DeepSeek,Phi,2025Q3,2024Q2,0,1,0,1,0.05253053468809788,0.34303534303534305,0.5311158798283262,0.5112087190069134,0.05253053468809788,0.10502142190123882,0.052386626256487365,0.009647781424939867,0.09558483735756114
DeepSeek-V3.1,Phi-3.5,DeepSeek,Phi,2025Q3,2024Q3,0,1,0,1,0.06449849790568661,0.35399449035812675,0.5515021459227468,0.5235942799759115,0.06449849790568661,0.12887349909424647,0.06416365363280101,0.018064350785233763,0.10966623939425105
DeepSeek-V3.1,Phi-4,DeepSeek,Phi,2025Q3,2024Q4,0,1,0,1,0.07542601568165405,0.3823335530652604,0.6223175965665236,0.5566177798068146,0.07542601568165405,0.15269719787680533,0.07339649136686374,0.036330512706258096,0.12058532621763988
DeepSeek-V3.1,Phi-4-reasoning-plus,DeepSeek,Phi,2025Q3,2025Q2,0,1,0,1,0.10045986185588354,0.3705512909979065,0.5697424892703863,0.5414354859700383,0.10045986185588354,0.19956253062883234,0.09995849032505273,0.05878616211213911,0.14628858888327667
DeepSeek-V3.1,Phi-4-reasoning-vision-15B,DeepSeek,Phi,2025Q3,2026Q1,0,1,0,1,0.05079279240636534,0.3512593601089176,0.5536480686695279,0.5208678595357161,0.05079279240636534,0.10173948708050858,0.050422278109692645,0.010532533120733167,0.09536451676452536
DeepSeek-V3.1,Qwen-7B,DeepSeek,Qwen,2025Q3,2023Q3,0,1,0,1,0.04600676453887549,0.3231098430813124,0.49079089924160346,0.488415452065073,0.04600676453887549,0.09226166475815686,0.04600488155984728,0.004284201404185012,0.08721518643555397
DeepSeek-V3.1,Qwen1.5,DeepSeek,Qwen,2025Q3,2024Q1,0,1,0,1,0.09899632616388855,0.3952412425644415,0.6416309012875536,0.5704746167486345,0.09899632616388855,0.20023903725684142,0.09600344605462305,0.05847066686606358,0.14372878882229123
DeepSeek-V3.1,Qwen2,DeepSeek,Qwen,2025Q3,2024Q2,0,1,0,1,0.0724270795528023,0.3296943231441048,0.506145251396648,0.49599663279639966,0.0724270795528023,0.1450849592970668,0.072376770138791,0.027790206681242734,0.1173516491989239
DeepSeek-V3.1,Qwen2.5,DeepSeek,Qwen,2025Q3,2024Q3,0,1,0,1,0.03610458377495312,0.36089238845144356,0.5901287553648069,0.5331159564171318,0.03610458377495312,0.0730739593068057,0.03531499837568441,-0.0057611992057283404,0.0813380844041357
DeepSeek-V3.1,Qwen3,DeepSeek,Qwen,2025Q3,2025Q2,0,1,0,1,0.04801737394971701,0.3240542469664525,0.49187432286023836,0.4894936318709561,0.04801737394971701,0.0962735423116615,0.0480154086798476,0.008134720712289115,0.0944116762135904
DeepSeek-V3.1,Qwen3.5,DeepSeek,Qwen,2025Q3,2026Q1,0,1,0,1,0.0566538384836773,0.33638928067700985,0.5118025751072961,0.5034974545470807,0.0566538384836773,0.11325249025552186,0.05662647220406541,0.012514369830148803,0.09687620080038907
DeepSeek-V3.1,Qwen3.6,DeepSeek,Qwen,2025Q3,2026Q2,0,1,0,1,0.05878780641283973,0.34081346423562414,0.5214592274678111,0.5085284738574949,0.05878780641283973,0.11744724487670442,0.058719859008251246,0.01844741755042509,0.09823688578286238
DeepSeek-V3.2,DeepSeek-V4,DeepSeek,DeepSeek,2025Q4,2026Q2,1,0,0,1,0.029113734838409573,0.2784134248665141,0.4484029484029484,0.4357395986981654,0.029113734838409573,0.05969180722993102,0.029078383959471744,-0.019724659835571152,0.0715980418146224
DeepSeek-V3.2,Devstral-2,DeepSeek,Mistral,2025Q4,2025Q4,0,1,1,0,0.04614015921356806,0.3013392857142857,0.46983758700696054,0.4631691025071411,0.04614015921356806,0.09343682735402939,0.0461252775785599,0.0014973228843868673,0.08741980265024281
DeepSeek-V3.2,Gemma-1,DeepSeek,Gemma,2025Q4,2024Q1,0,1,0,1,0.05084602029010382,0.3571897570584373,0.6310904872389791,0.5337670284984237,0.05084602029010382,0.1049424509140149,0.04793394859426809,0.005630556023591031,0.09479660872353798
DeepSeek-V3.2,Gemma-2,DeepSeek,Gemma,2025Q4,2024Q2,0,1,0,1,0.09515055216936506,0.29013854930725347,0.49375866851595007,0.45157379603095626,0.09515055216936506,0.19678697393656577,0.09412188064873767,0.054800453513895286,0.13728065687493948
DeepSeek-V3.2,Gemma-3,DeepSeek,Gemma,2025Q4,2025Q1,0,1,0,1,0.027486798977298294,0.30195510499637945,0.4837587006960557,0.4642420739169567,0.027486798977298294,0.0555494215646584,0.027410085878478804,-0.017934386138422357,0.07205000130926302
DeepSeek-V3.2,Gemma-3n,DeepSeek,Gemma,2025Q4,2025Q2,0,1,0,1,0.026785508307103873,0.28313253012048195,0.44655581947743467,0.44134495471547214,0.026785508307103873,0.05467204287610509,0.026779909138863894,-0.019135289163792837,0.07156029505546323
DeepSeek-V3.2,Gemma-4,DeepSeek,Gemma,2025Q4,2026Q2,0,1,0,1,0.05729487216213655,0.3321579689703808,0.5464037122969838,0.5005898648072009,0.05729487216213655,0.11540981205164409,0.05651542353192002,0.013810292268738913,0.1023787110041951
DeepSeek-V3.2,Gemma-4-12B,DeepSeek,Gemma,2025Q4,2026Q2,0,1,0,1,0.07395703737981221,0.2977396726422447,0.47571606475716066,0.4591472181214057,0.07395703737981221,0.15087798913386025,0.07382089484731925,0.028353730546786776,0.11583769965493906
DeepSeek-V3.2,Llama-1,DeepSeek,Llama,2025Q4,2023Q1,0,1,0,1,0.05982743875305298,0.2946153846153846,0.46650426309378806,0.45527474783364535,0.05982743875305298,0.1219873530556474,0.059774550957758514,0.015037062432697682,0.10364630027470648
DeepSeek-V3.2,Llama-2,DeepSeek,Llama,2025Q4,2023Q3,0,1,0,1,0.03939333056849729,0.25345247766043866,0.4581497797356828,0.4072184112103634,0.03939333056849729,0.0834947773427445,0.03868080646207335,-0.001947134718392207,0.086307315145336
DeepSeek-V3.2,Llama-3,DeepSeek,Llama,2025Q4,2024Q2,0,1,0,1,0.08120181572251521,0.3487719298245614,0.5765661252900232,0.5199359215500099,0.08120181572251521,0.16341319437376595,0.07962074027055978,0.03496310929036365,0.11640988152386274
DeepSeek-V3.2,Llama-3.1,DeepSeek,Llama,2025Q4,2024Q3,0,1,0,1,0.05922916846816486,0.3254310344827586,0.525522041763341,0.49211636810273046,0.05922916846816486,0.11916845796576146,0.058791925858063,0.017496481305888916,0.10227366140636864
DeepSeek-V3.2,Llama-3.2,DeepSeek,Llama,2025Q4,2024Q3,0,1,0,1,0.08941271201709738,0.3303637713437268,0.5162412993039444,0.49700974459871594,0.08941271201709738,0.17925045147413915,0.08920168830906566,0.04736404194190122,0.1382274400166171
DeepSeek-V3.2,Llama-3.3,DeepSeek,Llama,2025Q4,2024Q4,0,1,0,1,0.034491550285282606,0.29659763313609466,0.4651972157772622,0.45756404190338795,0.034491550285282606,0.06991011615315253,0.034476596971647455,-0.008773240190540542,0.07645663833355075
DeepSeek-V3.2,Llama-4,DeepSeek,Llama,2025Q4,2025Q2,0,1,0,1,0.048665148259790014,0.3172314347512617,0.5104408352668214,0.4824311999781244,0.048665148259790014,0.09805198770533516,0.04840379030718374,0.005515490920071304,0.0917387638448796
DeepSeek-V3.2,Ministral-3,DeepSeek,Mistral,2025Q4,2025Q4,0,1,1,0,0.028841294820139002,0.2778625954198473,0.4482758620689655,0.43508061737049253,0.028841294820139002,0.05915692525681899,0.02880327209113242,-0.014288674834339286,0.06703933397801783
DeepSeek-V3.2,Mistral-7B,DeepSeek,Mistral,2025Q4,2023Q3,0,1,0,1,0.03432388101199687,0.24959349593495936,0.45481481481481484,0.40246939061335124,0.03432388101199687,0.07296371105008738,0.03365963461236445,-0.006613155582618219,0.0801720142375083
DeepSeek-V3.2,Mistral-Large-2,DeepSeek,Mistral,2025Q4,2024Q3,0,1,0,1,0.058878096997147605,0.2990867579908676,0.4650887573964497,0.46047977811406404,0.058878096997147605,0.11962557051077066,0.05886921245439955,0.014537496329383857,0.10392184321374616
DeepSeek-V3.2,Mistral-Large-3,DeepSeek,Mistral,2025Q4,2025Q4,0,1,1,0,0.026216694721907737,0.25908372827804105,0.44808743169398907,0.4129188130451582,0.026216694721907737,0.05480100243598956,0.025976723128172476,-0.018364971027264206,0.0706202444211834
DeepSeek-V3.2,Mistral-Medium-3,DeepSeek,Mistral,2025Q4,2025Q2,0,1,0,1,0.033215355567163374,0.26535433070866143,0.45234899328859063,0.4205311120115483,0.033215355567163374,0.06912061884791726,0.03297022211627149,-0.01239146206089081,0.07641932122926352
DeepSeek-V3.2,Mistral-Medium-3.5,DeepSeek,Mistral,2025Q4,2026Q2,0,1,0,1,0.04355474338500671,0.32127659574468087,0.525522041763341,0.487671673626361,0.04355474338500671,0.08778556049832927,0.04313204777740662,0.00044070650742763996,0.08860636999412938
DeepSeek-V3.2,Mistral-Small-2,DeepSeek,Mistral,2025Q4,2024Q3,0,1,0,1,0.07578070202624854,0.32448377581120946,0.5104408352668214,0.4903719336547266,0.07578070202624854,0.15227274575664662,0.07558038615711922,0.030452391811071317,0.11967093037095738
DeepSeek-V3.2,Mistral-Small-3,DeepSeek,Mistral,2025Q4,2025Q1,0,1,0,1,0.06690257784657352,0.3245997088791849,0.5174013921113689,0.4907931258288213,0.06690257784657352,0.13450957764106397,0.06658995538139069,0.021064535567496045,0.11025766879166177
DeepSeek-V3.2,Mistral-Small-3.1,DeepSeek,Mistral,2025Q4,2025Q1,0,1,0,1,0.07866785825466723,0.34116809116809116,0.5556844547563805,0.5105861257422648,0.07866785825466723,0.15798568154623077,0.07767290392442691,0.0322310870024712,0.12138993095867263
DeepSeek-V3.2,Mistral-Small-3.2,DeepSeek,Mistral,2025Q4,2025Q2,0,1,0,1,0.06890069062948838,0.26061615320566195,0.48006134969325154,0.417510023851197,0.06890069062948838,0.14666733914415014,0.06720337487499689,0.020626284747481464,0.11110458836292758
DeepSeek-V3.2,Mistral-Small-4,DeepSeek,Mistral,2025Q4,2026Q1,0,1,0,1,0.0771672229293864,0.34460887949260044,0.5672853828306265,0.5149788391614818,0.0771672229293864,0.15521987517026856,0.07586640009221471,0.03367314537935295,0.11612910632048884
DeepSeek-V3.2,Mixtral-8x22B,DeepSeek,Mistral,2025Q4,2024Q2,0,1,0,1,0.07923216691607161,0.3005464480874317,0.47885572139303484,0.46246521501637006,0.07923216691607161,0.16143392394866135,0.07909126041161345,0.03271507722647595,0.12332474143717496
DeepSeek-V3.2,Mixtral-8x7B,DeepSeek,Mistral,2025Q4,2023Q4,0,1,0,1,0.05278110205636233,0.32574679943101,0.531322505800464,0.49280826665271155,0.05278110205636233,0.10628919053002268,0.052261575805077905,0.003713144953937221,0.09899207309356615
DeepSeek-V3.2,Phi-1,DeepSeek,Phi,2025Q4,2023Q2,0,1,0,1,0.03233210640766335,0.28015267175572517,0.4503067484662577,0.43785834073496793,0.03233210640766335,0.0662540264005558,0.03229447802395137,-0.013591348990698868,0.07318647226467545
DeepSeek-V3.2,Phi-1.5,DeepSeek,Phi,2025Q4,2023Q3,0,1,0,1,0.07087064247682981,0.33782824698367636,0.5522041763341067,0.5068920769247685,0.07087064247682981,0.14249743125302056,0.06995197243947705,0.02297194216035084,0.11598609179332121
DeepSeek-V3.2,Phi-2,DeepSeek,Phi,2025Q4,2023Q4,0,1,0,1,0.04275664475224755,0.29776119402985074,0.462877030162413,0.45890148819367077,0.04275664475224755,0.0867134079157502,0.0427516667921295,-0.0037486223526825304,0.08720826252122461
DeepSeek-V3.2,Phi-3,DeepSeek,Phi,2025Q4,2024Q2,0,1,0,1,0.049300575550789996,0.324822695035461,0.531322505800464,0.4918275527123005,0.049300575550789996,0.09932222972588138,0.048787603864000696,0.002544710310495491,0.09291482160869065
DeepSeek-V3.2,Phi-3.5,DeepSeek,Phi,2025Q4,2024Q3,0,1,0,1,0.055252280584621526,0.3323963457484188,0.548723897911833,0.5010109737852908,0.055252280584621526,0.11135498320268757,0.054436583549983555,0.008872223621209742,0.09548123468803531
DeepSeek-V3.2,Phi-4,DeepSeek,Phi,2025Q4,2024Q4,0,1,0,1,0.05299650143843557,0.352234823215477,0.6125290023201856,0.5268868103518977,0.05299650143843557,0.10846745976207138,0.050617440871359026,0.009925804649041591,0.09774632675774672
DeepSeek-V3.2,Phi-4-reasoning-plus,DeepSeek,Phi,2025Q4,2025Q2,0,1,0,1,0.05092911090994943,0.3300561797752809,0.5452436194895591,0.49831547746142635,0.05092911090994943,0.10267522565088469,0.05019434178667008,0.0006246896552178662,0.09632050184153597
DeepSeek-V3.2,Phi-4-reasoning-vision-15B,DeepSeek,Phi,2025Q4,2026Q1,0,1,0,1,0.1216472307102164,0.3668807994289793,0.5962877030162413,0.5395047844907954,0.1216472307102164,0.24283390317645492,0.11944041282062993,0.08026614951967516,0.16721610655686378
DeepSeek-V3.2,Qwen-7B,DeepSeek,Qwen,2025Q4,2023Q3,0,1,0,1,0.07734140739947944,0.32320237212750186,0.505800464037123,0.4888009100929301,0.07734140739947944,0.15545351293919374,0.07719426627342132,0.03224244397685827,0.12164574174144717
DeepSeek-V3.2,Qwen1.5,DeepSeek,Qwen,2025Q4,2024Q1,0,1,0,1,0.0674256815148562,0.3606666666666667,0.6276102088167054,0.5366445580212346,0.0674256815148562,0.13823327680739242,0.0641181533753227,0.025703972187055467,0.10814231984904762
DeepSeek-V3.2,Qwen2,DeepSeek,Qwen,2025Q4,2024Q2,0,1,0,1,0.037067595261130064,0.29859571322985956,0.46867749419953597,0.4599559216877814,0.037067595261130064,0.07508236232843753,0.03704680825156522,-0.009245317962838355,0.08144071909669959
DeepSeek-V3.2,Qwen2.5,DeepSeek,Qwen,2025Q4,2024Q3,0,1,0,1,0.040387768268570365,0.34316353887399464,0.5939675174013921,0.5160398925217207,0.040387768268570365,0.08238936653655045,0.038834989544878525,-0.0012351947003614704,0.08551441149801425
DeepSeek-V3.2,Qwen3,DeepSeek,Qwen,2025Q4,2025Q2,0,1,0,1,0.04088540579708517,0.3057790782735918,0.48491879350348027,0.4686210560065247,0.04088540579708517,0.08259583399820791,0.04080762178913122,-0.005902643535133866,0.08193076564708605
DeepSeek-V3.2,Qwen3.5,DeepSeek,Qwen,2025Q4,2026Q1,0,1,0,1,0.05243120775172453,0.3186416184971098,0.511600928074246,0.48402947963475923,0.05243120775172453,0.10560052745320685,0.05216033064829006,0.006370570330319478,0.09414707438932995
DeepSeek-V3.2,Qwen3.6,DeepSeek,Qwen,2025Q4,2026Q2,0,1,0,1,0.06992285805788782,0.32996389891696754,0.5301624129930395,0.4972210762951026,0.06992285805788782,0.14048329174021548,0.06943163130239459,0.025738838423576278,0.11447058959878012
DeepSeek-V4,Devstral-2,DeepSeek,Mistral,2026Q2,2025Q4,0,1,0,1,0.03685711690750204,0.2866868381240545,0.4656019656019656,0.4460311577065371,0.03685711690750204,0.07528528566227702,0.036754506211554405,-0.005379280043021115,0.08305072181590498
DeepSeek-V4,Gemma-1,DeepSeek,Gemma,2026Q2,2024Q1,0,1,0,1,0.06148600049839015,0.3468979319546364,0.6388206388206388,0.5250463185943572,0.06148600049839015,0.12801195037994414,0.05695818442776907,0.015915456715553618,0.10617364673059033
DeepSeek-V4,Gemma-2,DeepSeek,Gemma,2026Q2,2024Q2,0,1,0,1,0.058403844544258156,0.2644151565074135,0.44521497919556174,0.4190107812375903,0.058403844544258156,0.12259235694295516,0.0581221930881145,0.014588214183955252,0.10584756875926583
DeepSeek-V4,Gemma-3,DeepSeek,Gemma,2026Q2,2025Q1,0,1,0,1,0.044971348517762515,0.2991833704528582,0.4950859950859951,0.4616947321142247,0.044971348517762515,0.09144336011214751,0.04462724269706601,-0.00012313907951146846,0.08869928642820803
DeepSeek-V4,Gemma-3n,DeepSeek,Gemma,2026Q2,2025Q2,0,1,0,1,0.04804330384821909,0.2837209302325581,0.44963144963144963,0.44209218437278924,0.04804330384821909,0.0985229588170143,0.04802330900504022,0.006886786969973687,0.09164219129386943
DeepSeek-V4,Gemma-4,DeepSeek,Gemma,2026Q2,2026Q2,0,1,1,0,0.07536411892663486,0.3282828282828283,0.558968058968059,0.4976385000761103,0.07536411892663486,0.15271147347529904,0.0736521190580902,0.03853253798034927,0.11964055214411101
DeepSeek-V4,Gemma-4-12B,DeepSeek,Gemma,2026Q2,2026Q2,0,1,1,0,0.06058163706649833,0.2823156225218081,0.44333748443337484,0.44033177191643585,0.06058163706649833,0.12474722643808384,0.06057768763014364,0.02017547938992418,0.10098487826785066
DeepSeek-V4,Llama-1,DeepSeek,Llama,2026Q2,2023Q1,0,1,0,1,0.04521244915219798,0.27834245504300237,0.43734643734643736,0.4354779972728914,0.04521244915219798,0.09306158255366809,0.04521126381754124,-7.58271977468111e-06,0.08671502812398013
DeepSeek-V4,Llama-2,DeepSeek,Llama,2026Q2,2023Q3,0,1,0,1,0.057630014072160056,0.25524769101595296,0.44640234948604995,0.40830793987361047,0.057630014072160056,0.12246751527820249,0.05705106807304611,0.01241377378979919,0.10362726632239477
DeepSeek-V4,Llama-3,DeepSeek,Llama,2026Q2,2024Q2,0,1,0,1,0.11333841417276587,0.35111751982696465,0.5982800982800983,0.524280646311316,0.11333841417276587,0.2287704104942972,0.10993314608963968,0.07270626490485306,0.1536492042358837
DeepSeek-V4,Llama-3.1,DeepSeek,Llama,2026Q2,2024Q3,0,1,0,1,0.06294534998132463,0.31551976573938506,0.5294840294840295,0.4818238669541493,0.06294534998132463,0.12758784327480555,0.062034151988587756,0.01151467612202427,0.10670805763757413
DeepSeek-V4,Llama-3.2,DeepSeek,Llama,2026Q2,2024Q3,0,1,0,1,0.07445878563776204,0.3122648607975922,0.5098280098280098,0.4769736857089032,0.07445878563776204,0.15080070255191652,0.07394273440191296,0.03396485207281822,0.1193970279570413
DeepSeek-V4,Llama-3.3,DeepSeek,Llama,2026Q2,2024Q4,0,1,0,1,0.06217495837502848,0.2995426829268293,0.4828009828009828,0.4614678992557674,0.06217495837502848,0.12650143112477658,0.06198263596148316,0.018820953406656182,0.10840251582419856
DeepSeek-V4,Llama-4,DeepSeek,Llama,2026Q2,2025Q2,0,1,0,1,0.037160836784531616,0.30043859649122806,0.504914004914005,0.46373082242615415,0.037160836784531616,0.07554646449171246,0.03672910648320558,-0.0041977436384398785,0.07941819127005766
DeepSeek-V4,Ministral-3,DeepSeek,Mistral,2026Q2,2025Q4,0,1,0,1,0.07153353282717016,0.28945281522601113,0.44950738916256155,0.4489548291636967,0.07153353282717016,0.14673984669605772,0.07153337920400565,0.02817748672891313,0.12230826198551356
DeepSeek-V4,Mistral-7B,DeepSeek,Mistral,2026Q2,2023Q3,0,1,0,1,0.04363917041734575,0.24706867671691793,0.43703703703703706,0.39797695710387354,0.04363917041734575,0.09322053380537483,0.043158959076153566,-0.003508623976245021,0.08738373837510473
DeepSeek-V4,Mistral-Large-2,DeepSeek,Mistral,2026Q2,2024Q3,0,1,0,1,0.059927363346571255,0.2900466562986003,0.4582309582309582,0.4497469997796821,0.059927363346571255,0.12259892006727449,0.05989682547854654,0.01688363558221082,0.09821935485704539
DeepSeek-V4,Mistral-Large-3,DeepSeek,Mistral,2026Q2,2025Q4,0,1,0,1,0.044529566915718764,0.25998370008149957,0.43579234972677594,0.4132595896121943,0.044529566915718764,0.0934588556655773,0.0443634281672829,-0.001150150432408533,0.08660155054716842
DeepSeek-V4,Mistral-Medium-3,DeepSeek,Mistral,2026Q2,2025Q2,0,1,0,1,0.06059568275671915,0.2705786471067645,0.44563758389261743,0.4263318167817513,0.06059568275671915,0.12633255943577162,0.06043650335408411,0.01597222792179488,0.10431348523829354
DeepSeek-V4,Mistral-Medium-3.5,DeepSeek,Mistral,2026Q2,2026Q2,0,1,1,0,0.029704363328868107,0.30294328786791097,0.5184275184275184,0.4675017164904224,0.029704363328868107,0.06041124188093277,0.029180572413531017,-0.017222371325904907,0.07235763830129155
DeepSeek-V4,Mistral-Small-2,DeepSeek,Mistral,2026Q2,2024Q3,0,1,0,1,0.042557817642449224,0.29769858945805494,0.4926289926289926,0.45989504673219445,0.042557817642449224,0.08656754816569913,0.04224256978670164,0.0001705803197258492,0.0901216694109932
DeepSeek-V4,Mistral-Small-3,DeepSeek,Mistral,2026Q2,2025Q1,0,1,0,1,0.07760959411258508,0.31845238095238093,0.5257985257985258,0.4846729834421074,0.07760959411258508,0.15697602544978037,0.07678786681556332,0.03479543237881176,0.12272732894769557
DeepSeek-V4,Mistral-Small-3.1,DeepSeek,Mistral,2026Q2,2025Q1,0,1,0,1,0.047749588728596734,0.3144699140401146,0.5393120393120393,0.4815478484234347,0.047749588728596734,0.09703230824607059,0.04672349801674648,0.0002575924121255963,0.08880942710301537
DeepSeek-V4,Mistral-Small-3.2,DeepSeek,Mistral,2026Q2,2025Q2,0,1,0,1,0.06000423299625833,0.24978687127024723,0.4493865030674847,0.40219032587750153,0.06000423299625833,0.1287341329917317,0.05909724657639724,0.01668908399704317,0.10566338329442429
DeepSeek-V4,Mistral-Small-4,DeepSeek,Mistral,2026Q2,2026Q1,0,1,0,1,0.03316931198349968,0.31170662905500707,0.542997542997543,0.4790096080389286,0.03316931198349968,0.06755309877742088,0.032279813912167526,-0.013945701446353953,0.07465154699120208
DeepSeek-V4,Mixtral-8x22B,DeepSeek,Mistral,2026Q2,2024Q2,0,1,0,1,0.02858767581442949,0.26703210649960846,0.42412935323383083,0.4215160852666203,0.02858767581442949,0.059165445867397574,0.028586136180599967,-0.012144075939698159,0.07165232261654206
DeepSeek-V4,Mixtral-8x7B,DeepSeek,Mistral,2026Q2,2023Q4,0,1,0,1,0.0675509134578308,0.32072727272727275,0.5417690417690417,0.48830652350583104,0.0675509134578308,0.13688391719154097,0.06634731879740746,0.027441943008565152,0.11572562823346907
DeepSeek-V4,Phi-1,DeepSeek,Phi,2026Q2,2023Q2,0,1,0,1,0.03582267686040267,0.27265625,0.42874692874692877,0.4284838130862188,0.03582267686040267,0.07391499455093276,0.03582265764972701,-0.00854308293491634,0.07969635520248448
DeepSeek-V4,Phi-1.5,DeepSeek,Phi,2026Q2,2023Q3,0,1,0,1,0.04405827982377763,0.3130807719799857,0.538083538083538,0.4799810497242762,0.04405827982377763,0.08956576807023207,0.04309364538504271,-0.0013486555596325177,0.08549975532652054
DeepSeek-V4,Phi-2,DeepSeek,Phi,2026Q2,2023Q4,0,1,0,1,0.07396453644754407,0.30277349768875195,0.4828009828009828,0.46513663989748955,0.07396453644754407,0.1503638069425623,0.07381063981775052,0.03140340738015238,0.11839087342331686
DeepSeek-V4,Phi-3,DeepSeek,Phi,2026Q2,2024Q2,0,1,0,1,0.03777586663863344,0.3074712643678161,0.5257985257985258,0.4729688907445145,0.03777586663863344,0.07679193597775442,0.037074624718813835,-0.003574169648397383,0.08492477281424729
DeepSeek-V4,Phi-3.5,DeepSeek,Phi,2026Q2,2024Q3,0,1,0,1,0.07365106954746782,0.32854061826024444,0.5614250614250614,0.49813118166819076,0.07365106954746782,0.14933657098256872,0.07186949729908067,0.030442758661343553,0.11902921225393505
DeepSeek-V4,Phi-4,DeepSeek,Phi,2026Q2,2024Q4,0,1,0,1,0.03889245788173004,0.33176312247644685,0.6056511056511057,0.5062578310407895,0.03889245788173004,0.08034294435894047,0.03656773617673587,-0.00948847183260594,0.08249168948027463
DeepSeek-V4,Phi-4-reasoning-plus,DeepSeek,Phi,2026Q2,2025Q2,0,1,0,1,0.038645825904319586,0.31201137171286425,0.5393120393120393,0.47897458427537537,0.038645825904319586,0.07862407862407862,0.03772744623997963,-0.001878799509913838,0.0834924352216507
DeepSeek-V4,Phi-4-reasoning-vision-15B,DeepSeek,Phi,2026Q2,2026Q1,0,1,0,1,0.03348863170030384,0.3129395218002813,0.5466830466830467,0.4806551754595641,0.03348863170030384,0.06823212795029508,0.032537247811078335,-0.00681314969849497,0.0767875152122275
DeepSeek-V4,Qwen-7B,DeepSeek,Qwen,2026Q2,2023Q3,0,1,0,1,0.04356531012512294,0.2962686567164179,0.4877149877149877,0.458012629662653,0.04356531012512294,0.08866092462637266,0.04329811561179208,0.0022992481165779147,0.08493234448459924
DeepSeek-V4,Qwen1.5,DeepSeek,Qwen,2026Q2,2024Q1,0,1,0,1,0.020993489294254927,0.3260146373918829,0.601965601965602,0.5001807518606944,0.020993489294254927,0.04347788827806653,0.01964010242970542,-0.018998210306897776,0.06597048682932904
DeepSeek-V4,Qwen2,DeepSeek,Qwen,2026Q2,2024Q2,0,1,0,1,0.0588157979589906,0.2986322188449848,0.4828009828009828,0.4604355312976241,0.0588157979589906,0.1196907658792804,0.05861474598916837,0.01309600466866274,0.10155541874267371
DeepSeek-V4,Qwen2.5,DeepSeek,Qwen,2026Q2,2024Q3,0,1,0,1,0.06005799558832019,0.3378932968536252,0.6068796068796068,0.5123676419565381,0.06005799558832019,0.12345814698646466,0.05690892156366061,0.015214036478529886,0.09884643260558226
DeepSeek-V4,Qwen3,DeepSeek,Qwen,2026Q2,2025Q2,0,1,0,1,0.04969005497611731,0.2991772625280479,0.4914004914004914,0.4614736822797511,0.04969005497611731,0.10104998318532266,0.04938529621235332,0.006522379323547791,0.0921687387253108
DeepSeek-V4,Qwen3.5,DeepSeek,Qwen,2026Q2,2026Q1,0,1,0,1,0.07548603656210776,0.3182492581602374,0.527027027027027,0.48454257860630273,0.07548603656210776,0.15272677818577451,0.07463161477286678,0.03261505987006348,0.11779958251988458
DeepSeek-V4,Qwen3.6,DeepSeek,Qwen,2026Q2,2026Q2,0,1,1,0,0.07357842262800593,0.3200883002207506,0.5343980343980343,0.4870393113278633,0.07357842262800593,0.14891118482045365,0.07254988557433666,0.03337360653583929,0.11820502021976954
Devstral-2,Gemma-1,Mistral,Gemma,2025Q4,2024Q1,0,1,0,1,0.10196988660531214,0.38726790450928383,0.6583990980834273,0.5648817107332568,0.10196988660531214,0.2085528432714815,0.09691985163683281,0.06090405028865593,0.14540101540775277
Devstral-2,Gemma-2,Mistral,Gemma,2025Q4,2024Q2,0,1,0,1,0.10530210994755654,0.2988691437802908,0.5131761442441054,0.4626710029953909,0.10530210994755654,0.21681372961565104,0.10374372852934446,0.06261890116745149,0.1540733694060454
Devstral-2,Gemma-3,Mistral,Gemma,2025Q4,2025Q1,0,1,0,1,0.03808955133046128,0.312455003599712,0.48928974069898534,0.4763103243345581,0.03808955133046128,0.07667383978237037,0.038043127900979905,-0.007354628694401724,0.08372565653190102
Devstral-2,Gemma-3n,Mistral,Gemma,2025Q4,2025Q2,0,1,0,1,0.04805351207485863,0.2980480480480481,0.47149643705463185,0.45938060047058304,0.04805351207485863,0.09756107655314271,0.048003046390251464,0.003173388587259139,0.09336982755898729
Devstral-2,Gemma-4,Mistral,Gemma,2025Q4,2026Q2,0,1,0,1,0.04938520168468889,0.33472803347280333,0.5411499436302142,0.502914555940595,0.04938520168468889,0.09923145239111568,0.04890180060635008,0.007612044997857751,0.09341669582259833
Devstral-2,Gemma-4-12B,Mistral,Gemma,2025Q4,2026Q2,0,1,0,1,0.06953837555023105,0.3,0.48567870485678705,0.462109635856538,0.06953837555023105,0.14163605228107665,0.06928127035947221,0.02764491834582745,0.11137971142863141
Devstral-2,Llama-1,Mistral,Llama,2025Q4,2023Q1,0,1,0,1,0.06523775002271058,0.3018292682926829,0.4823386114494519,0.4640468163096812,0.06523775002271058,0.13255030418416913,0.06508956666493165,0.020122361516151457,0.10718470548170196
Devstral-2,Llama-2,Mistral,Llama,2025Q4,2023Q3,0,1,0,1,0.040303314605220825,0.2574178027265437,0.4713656387665198,0.4130186535338497,0.040303314605220825,0.08519708265147383,0.03937225155168366,-0.0009880357295361485,0.08471566549141532
Devstral-2,Llama-3,Mistral,Llama,2025Q4,2024Q2,0,1,0,1,0.08043920699095028,0.35490605427974947,0.5749718151071026,0.5259632902971554,0.08043920699095028,0.1613412069244459,0.0792427342617056,0.03538441245015243,0.12536437467916461
Devstral-2,Llama-3.1,Mistral,Llama,2025Q4,2024Q3,0,1,0,1,0.030277273661665775,0.3178294573643411,0.5084554678692221,0.4829898153780479,0.030277273661665775,0.060890759398602785,0.030136892971398023,-0.011497749848934594,0.0696792440951609
Devstral-2,Llama-3.2,Mistral,Llama,2025Q4,2024Q3,0,1,0,1,0.05759931091483976,0.32049418604651164,0.4971815107102593,0.48555150577066,0.05759931091483976,0.11573595416783233,0.05754518239272633,0.01546729336039052,0.10147843391206098
Devstral-2,Llama-3.3,Mistral,Llama,2025Q4,2024Q4,0,1,0,1,0.038153242521697814,0.3035190615835777,0.46674182638105977,0.465692967018607,0.038153242521697814,0.07707317073170732,0.038152929634305874,-0.005516989665695401,0.0819771397692235
Devstral-2,Llama-4,Mistral,Llama,2025Q4,2025Q2,0,1,0,1,0.07859625649908634,0.3371841155234657,0.5264937993235626,0.5047675341252081,0.07859625649908634,0.15723308452449306,0.07835489360420476,0.03977419607497623,0.11736410310021028
Devstral-2,Ministral-3,Mistral,Mistral,2025Q4,2025Q4,1,0,1,0,0.08992515445753423,0.311969111969112,0.4975369458128079,0.47603791085230757,0.08992515445753423,0.18211021739671787,0.08966075303752923,0.04734001153690618,0.1325397883843681
Devstral-2,Mistral-7B,Mistral,Mistral,2025Q4,2023Q3,1,0,0,1,0.08223748043827918,0.2761437908496732,0.5007407407407407,0.4368204922727575,0.08223748043827918,0.17275838864657134,0.0802211206560953,0.038028208228487424,0.1267575200170713
Devstral-2,Mistral-Large-2,Mistral,Mistral,2025Q4,2024Q3,1,0,0,1,0.07588222967397835,0.31212121212121213,0.48757396449704143,0.4758905179636279,0.07588222967397835,0.15331336770714338,0.07581286228288486,0.03008677902312661,0.12103333582025512
Devstral-2,Mistral-Large-3,Mistral,Mistral,2025Q4,2025Q4,1,0,1,0,0.009105266512670431,0.25503875968992246,0.4494535519125683,0.40829921740664155,0.009105266512670431,0.019011307321839883,0.00898819860660229,-0.040667309042338014,0.05210153530751906
Devstral-2,Mistral-Medium-3,Mistral,Mistral,2025Q4,2025Q2,1,0,0,1,0.011641973250108831,0.25925925925925924,0.45100671140939597,0.4133322870515078,0.011641973250108831,0.0242150408202588,0.011516858271081206,-0.03684672953436615,0.05636020028365591
Devstral-2,Mistral-Medium-3.5,Mistral,Mistral,2025Q4,2026Q2,1,0,0,1,0.02426845178358695,0.31843575418994413,0.5140924464487034,0.4839338421902232,0.02426845178358695,0.04882132726466533,0.02411027553886416,-0.016942178145693702,0.06808783152944763
Devstral-2,Mistral-Small-2,Mistral,Mistral,2025Q4,2024Q3,1,0,0,1,0.03181469725228679,0.30913012221423436,0.48478015783540024,0.4724253652906934,0.03181469725228679,0.06408396620872088,0.031779007840474216,-0.005295844575601008,0.07425947894920727
Devstral-2,Mistral-Small-3,Mistral,Mistral,2025Q4,2025Q1,1,0,0,1,0.02846124768122963,0.31223328591749644,0.49492671927846676,0.47623351511833945,0.02846124768122963,0.057278046051111135,0.02838873292646902,-0.01564663368587275,0.07258245513130714
Devstral-2,Mistral-Small-3.1,Mistral,Mistral,2025Q4,2025Q1,1,0,0,1,0.020508853185460373,0.32041522491349483,0.5219842164599775,0.4865262868914742,0.020508853185460373,0.04127790711103277,0.020324769322397924,-0.024055451844845168,0.06540406124005523
Devstral-2,Mistral-Small-3.2,Mistral,Mistral,2025Q4,2025Q2,1,0,0,1,0.10915416616916884,0.2835696413678065,0.5214723926380368,0.4470883045688221,0.10915416616916884,0.2295148576536555,0.1058379724277489,0.0711404726503717,0.15314951044058286
Devstral-2,Mistral-Small-4,Mistral,Mistral,2025Q4,2026Q1,1,0,0,1,0.046545076970322,0.3367911479944675,0.5490417136414881,0.5055932987031212,0.046545076970322,0.09363232116871167,0.045959104574422115,-0.0009036556879909133,0.08703054763774083
Devstral-2,Mixtral-8x22B,Mistral,Mistral,2025Q4,2024Q2,1,0,0,1,0.03166506008218743,0.28203184230477635,0.4626865671641791,0.4405072956807849,0.03166506008218743,0.06484073541650905,0.03155078682663622,-0.013006649821774307,0.07332850888314739
Devstral-2,Mixtral-8x7B,Mistral,Mistral,2025Q4,2023Q4,1,0,0,1,0.05155632131363381,0.33121916842847077,0.5298759864712514,0.4985425000867055,0.05155632131363381,0.10350485134791094,0.05121442553982788,0.010838493111176331,0.09658259870381379
Devstral-2,Phi-1,Mistral,Phi,2025Q4,2023Q2,0,1,0,1,0.04618288077321944,0.291350531107739,0.47116564417177914,0.45163813991650603,0.04618288077321944,0.09420678907247207,0.046057839126948975,0.0030823124592880844,0.08533302437153235
Devstral-2,Phi-1.5,Mistral,Phi,2025Q4,2023Q3,0,1,0,1,0.1133548333348551,0.36428571428571427,0.5749718151071026,0.5353903626102873,0.1133548333348551,0.22546811079673448,0.1123071138112048,0.0725356730503171,0.1520630212124212
Devstral-2,Phi-2,Mistral,Phi,2025Q4,2023Q4,0,1,0,1,0.06095125204940316,0.3115241635687732,0.47776510832383123,0.4750643229309636,0.06095125204940316,0.12295898639290163,0.06094811789056087,0.0170324230142544,0.10350454873411205
Devstral-2,Phi-3,Mistral,Phi,2025Q4,2024Q2,0,1,0,1,0.07616721416838587,0.3435060326472676,0.5456595264937993,0.5123710241850647,0.07616721416838587,0.15245059527406782,0.0756267250803954,0.03302425041683836,0.11932409593929881
Devstral-2,Phi-3.5,Mistral,Phi,2025Q4,2024Q3,0,1,0,1,0.07939614348277721,0.3499648629655657,0.5614430665163472,0.5200046934071975,0.07939614348277721,0.15900373096702633,0.07854024836577864,0.03484948430351464,0.11990719561138664
Devstral-2,Phi-4,Mistral,Phi,2025Q4,2024Q4,0,1,0,1,0.061884146829271874,0.36345514950166113,0.616685456595265,0.5380994569250306,0.061884146829271874,0.12611123241523442,0.059534970475484644,0.018931989392992492,0.10828527814473647
Devstral-2,Phi-4-reasoning-plus,Mistral,Phi,2025Q4,2025Q2,0,1,0,1,0.036870920493824386,0.32986832986832987,0.5366403607666291,0.4975139861351758,0.036870920493824386,0.07417431043982757,0.036484073589898795,-0.008184520281040893,0.07751208214008225
Devstral-2,Phi-4-reasoning-vision-15B,Mistral,Phi,2025Q4,2026Q1,0,1,0,1,0.0403034270906088,0.33516861665519615,0.5490417136414881,0.5039099869718747,0.0403034270906088,0.08114832108671256,0.039750931670227065,0.00011097482655116369,0.08374397407330902
Devstral-2,Qwen-7B,Mistral,Qwen,2025Q4,2023Q3,0,1,0,1,0.0477456560000507,0.31445170660856936,0.4881623449830891,0.478547702935123,0.0477456560000507,0.09609340557759859,0.047714160914113686,0.007136722678900069,0.09198750342958914
Devstral-2,Qwen1.5,Mistral,Qwen,2025Q4,2024Q1,0,1,0,1,0.04728875025951174,0.3592105263157895,0.6155580608793687,0.5339172227158279,0.04728875025951174,0.0967227623955659,0.04531050442695598,0.0058253564477103266,0.09051873654337185
Devstral-2,Qwen2,Mistral,Qwen,2025Q4,2024Q2,0,1,0,1,0.0709794700661246,0.32,0.48703494926719276,0.4848533707778748,0.0709794700661246,0.1427059912709959,0.07097714381132139,0.026279336418657647,0.11420330066930792
Devstral-2,Qwen2.5,Mistral,Qwen,2025Q4,2024Q3,0,1,0,1,0.047833990867529756,0.3535690460306871,0.5975197294250282,0.5266001854703052,0.047833990867529756,0.09719966777820477,0.046303021713583754,0.006192783114183294,0.09193069242098179
Devstral-2,Qwen3,Mistral,Qwen,2025Q4,2025Q2,0,1,0,1,0.09418004522608786,0.33677991137370755,0.5140924464487034,0.5039670959316769,0.09418004522608786,0.1881585873232591,0.09411792002211243,0.05045088938956393,0.13742950602465756
Devstral-2,Qwen3.5,Mistral,Qwen,2025Q4,2026Q1,0,1,0,1,0.0461459607810542,0.32142857142857145,0.5073280721533259,0.4868975175486234,0.0461459607810542,0.09271704092225318,0.04601137355282441,0.0022751304725681463,0.09336075440821774
Devstral-2,Qwen3.6,Mistral,Qwen,2025Q4,2026Q2,0,1,0,1,0.05107730178084277,0.3269367448471926,0.5186020293122886,0.49338163963635484,0.05107730178084277,0.10254233862818803,0.05085493214665143,0.0021612413346104205,0.09251044601465849
Gemma-1,Gemma-2,Gemma,Gemma,2024Q1,2024Q2,1,0,0,1,0.05659666239652491,0.3146757679180887,0.6393897364771152,0.49458366624647127,0.05659666239652491,0.12087712321763336,0.050317112737006876,0.01043794923257811,0.09825928172549148
Gemma-1,Gemma-3,Gemma,Gemma,2024Q1,2025Q1,1,0,0,1,0.09840744043273451,0.4002616088947024,0.6538461538461539,0.576261989572103,0.09840744043273451,0.20008992805755396,0.09487523689197724,0.05796461437595739,0.14028701208934094
Gemma-1,Gemma-3n,Gemma,Gemma,2024Q1,2025Q2,1,0,0,1,0.09869960976118301,0.3719839142091153,0.6591448931116389,0.5509896156720104,0.09869960976118301,0.2036116032359282,0.09239725297610397,0.05477439124498789,0.13995437514376693
Gemma-1,Gemma-4,Gemma,Gemma,2024Q1,2026Q2,1,0,0,1,0.03931397951712592,0.4002509410288582,0.6212268743914313,0.5735112394661237,0.03931397951712592,0.08020375695123554,0.038679088756265904,-0.0019677981361051994,0.08299043116437108
Gemma-1,Gemma-4-12B,Gemma,Gemma,2024Q1,2026Q2,1,0,0,1,0.04625453172689702,0.33688415446071907,0.6301369863013698,0.5143979400432521,0.04625453172689702,0.09657499820492568,0.04266209143730446,0.00046873821750622805,0.08971451403959856
Gemma-1,Llama-1,Gemma,Llama,2024Q1,2023Q1,0,1,0,1,0.04018364071463421,0.33994708994708994,0.6260657734470159,0.5167708606815969,0.04018364071463421,0.08358011011536409,0.03732534641336173,-0.005605547184013261,0.08319703714408269
Gemma-1,Llama-2,Gemma,Llama,2024Q1,2023Q3,0,1,0,1,0.06402901858462991,0.30428769017980634,0.6461086637298091,0.4857195646356093,0.06402901858462991,0.13873284671532846,0.055749276090088624,0.025129282810049888,0.10825870067382116
Gemma-1,Llama-3,Gemma,Llama,2024Q1,2024Q2,0,1,0,1,0.10716494229991953,0.43900889453621345,0.6518867924528302,0.6114086677432885,0.10716494229991953,0.21630801269337566,0.10600384732206136,0.060325174668210926,0.14977510946038958
Gemma-1,Llama-3.1,Gemma,Llama,2024Q1,2024Q3,0,1,0,1,0.0730466995923756,0.4025641025641026,0.6388606307222787,0.5770180003186874,0.0730466995923756,0.14856958776277915,0.07123673996123511,0.030294779765868488,0.11745452251647201
Gemma-1,Llama-3.2,Gemma,Llama,2024Q1,2024Q3,0,1,0,1,0.11199750205834431,0.40460526315789475,0.6612903225806451,0.5809518219339527,0.11199750205834431,0.2273152478952292,0.10780302656873857,0.06941763003029232,0.1498162317742781
Gemma-1,Llama-3.3,Gemma,Llama,2024Q1,2024Q4,0,1,0,1,0.03530057730059356,0.35927367055771725,0.621773288439955,0.5346596247644917,0.03530057730059356,0.07259273037016058,0.03359433459350802,-0.007575581538830974,0.08319083103131578
Gemma-1,Llama-4,Gemma,Llama,2024Q1,2025Q2,0,1,0,1,0.09116585275312872,0.405440414507772,0.6487046632124353,0.5805199552118404,0.09116585275312872,0.18511137820013826,0.08853972745550684,0.04945639762931219,0.12901508028157727
Gemma-1,Ministral-3,Gemma,Mistral,2024Q1,2025Q4,0,1,0,1,0.07233881057295444,0.35097119892833223,0.645320197044335,0.5297363183825233,0.07233881057295444,0.1505859730270509,0.06695938529088907,0.02813820543282617,0.1174017750813928
Gemma-1,Mistral-7B,Gemma,Mistral,2024Q1,2023Q3,0,1,0,1,0.110870563998969,0.32208157524613223,0.6785185185185185,0.507832005320446,0.110870563998969,0.24043924530777394,0.09621469588655812,0.06490158648027147,0.15045836539082413
Gemma-1,Mistral-Large-2,Gemma,Mistral,2024Q1,2024Q3,0,1,0,1,0.045272004112956385,0.3495720868992758,0.6284023668639053,0.5262264132597556,0.045272004112956385,0.09372718377379578,0.042426885706670546,0.004080799016205278,0.08892015090542689
Gemma-1,Mistral-Large-3,Gemma,Mistral,2024Q1,2025Q4,0,1,0,1,0.04659805584290481,0.3141112618724559,0.6325136612021858,0.49298298148149433,0.04659805584290481,0.09915691796649335,0.04165165791419415,0.0033192414168811166,0.09377146939167583
Gemma-1,Mistral-Medium-3,Gemma,Mistral,2024Q1,2025Q2,0,1,0,1,0.07636792900382515,0.3310580204778157,0.6510067114093959,0.5118822600565761,0.07636792900382515,0.16180668271114346,0.06868451688009312,0.028413458055630805,0.11407414254785418
Gemma-1,Mistral-Medium-3.5,Gemma,Mistral,2024Q1,2026Q2,0,1,0,1,0.0202245392050459,0.38480853735091025,0.6123876123876124,0.5581486932817468,0.0202245392050459,0.04130955138599336,0.019799058807055455,-0.021863247819963082,0.06433675458765106
Gemma-1,Mistral-Small-2,Gemma,Mistral,2024Q1,2024Q3,0,1,0,1,0.03535635209096522,0.3720333547145606,0.6209850107066381,0.5467150533429118,0.03535635209096522,0.07238538456700837,0.0340690458101881,-0.005084122371997697,0.08006654241564225
Gemma-1,Mistral-Small-3,Gemma,Mistral,2024Q1,2025Q1,0,1,0,1,0.08140928156376627,0.39909443725743854,0.6440501043841336,0.5742604223705944,0.08140928156376627,0.16563814691672943,0.07893040917698611,0.037551487753262495,0.12386686223921692
Gemma-1,Mistral-Small-3.1,Gemma,Mistral,2024Q1,2025Q1,0,1,0,1,0.07326685746743607,0.41333333333333333,0.6376101860920667,0.5869141688653325,0.07326685746743607,0.1488513562612243,0.07200498144512131,0.02870120394869436,0.11632917996135561
Gemma-1,Mistral-Small-3.2,Gemma,Mistral,2024Q1,2025Q2,0,1,0,1,0.06358001016848987,0.2940766550522648,0.647239263803681,0.4760966544056226,0.06358001016848987,0.13939596673994073,0.05445516829391225,0.021004618763262775,0.11217827606856459
Gemma-1,Mistral-Small-4,Gemma,Mistral,2024Q1,2026Q1,0,1,0,1,0.036380339518244986,0.40424204616344356,0.6195028680688337,0.577185802878488,0.036380339518244986,0.07426786542002999,0.035908618270288704,-0.012061633140519262,0.07561278304394248
Gemma-1,Mixtral-8x22B,Gemma,Mistral,2024Q1,2024Q2,0,1,0,1,0.0804144456202432,0.35195154777927323,0.650497512437811,0.5313493345783222,0.0804144456202432,0.16761353764898015,0.07419869637947271,0.04241270784388207,0.12051962894835193
Gemma-1,Mixtral-8x7B,Gemma,Mistral,2024Q1,2023Q4,0,1,0,1,0.04555764364110623,0.39595192915876026,0.624750499001996,0.5697009569891891,0.04555764364110623,0.09289622040091834,0.044608289398653356,0.0016741471447420592,0.09208179834709311
Gemma-1,Phi-1,Gemma,Phi,2024Q1,2023Q2,0,1,0,1,0.06437999638019884,0.3484646194926569,0.6404907975460122,0.5267422750559666,0.06437999638019884,0.1339895231768878,0.05966230700676832,0.02064882137656022,0.10723130329088434
Gemma-1,Phi-1.5,Gemma,Phi,2024Q1,2023Q3,0,1,0,1,0.04627987588548878,0.40213971050975456,0.624633431085044,0.5755320558166017,0.04627987588548878,0.09434905713446382,0.04549953028529519,0.004272850521221831,0.08975195853841061
Gemma-1,Phi-2,Gemma,Phi,2024Q1,2023Q4,0,1,0,1,0.03625441736845884,0.35546875,0.6225769669327252,0.5311281533747542,0.03625441736845884,0.07469144574556762,0.03434889267129333,-0.010779040590207557,0.0797201107011704
Gemma-1,Phi-3,Gemma,Phi,2024Q1,2024Q2,0,1,0,1,0.07128521316826122,0.4082802547770701,0.6371769383697813,0.5821910378562957,0.07128521316826122,0.1449043593844109,0.06985592278502548,0.027904395959408985,0.11176984590052016
Gemma-1,Phi-3.5,Gemma,Phi,2024Q1,2024Q3,0,1,0,1,0.06954638342599982,0.41529709228824274,0.6353965183752418,0.5885882346927267,0.06954638342599982,0.14136926408185826,0.06850749725587346,0.026369266300362296,0.11491640393685695
Gemma-1,Phi-4,Gemma,Phi,2024Q1,2024Q4,0,1,0,1,0.06026332690998215,0.44600366076876147,0.6274678111587982,0.6169655161329223,0.06026332690998215,0.12388018066170223,0.06021165937847708,0.02020179080266326,0.10577827281545603
Gemma-1,Phi-4-reasoning-plus,Gemma,Phi,2024Q1,2025Q2,0,1,0,1,0.039294228285199864,0.4016290726817043,0.6211240310077519,0.5748104532439198,0.039294228285199864,0.08016884676988788,0.038693831534868765,-0.006661062622551254,0.0809860938278113
Gemma-1,Phi-4-reasoning-vision-15B,Gemma,Phi,2024Q1,2026Q1,0,1,0,1,0.10756749528227706,0.43730108211330365,0.6524216524216524,0.6098865109132364,0.10756749528227706,0.21708158600568642,0.1062898391018417,0.06179789216697061,0.14935972889364
Gemma-1,Qwen-7B,Gemma,Qwen,2024Q1,2023Q3,0,1,0,1,0.07356104917085886,0.3854166666666667,0.6413867822318526,0.5613417351630803,0.07356104917085886,0.15030643374770464,0.07066948222310833,0.02860945955156613,0.11919916945268803
Gemma-1,Qwen1.5,Gemma,Qwen,2024Q1,2024Q1,0,1,1,0,0.08235595366000947,0.4589963280293758,0.6361323155216285,0.6292320529548251,0.08235595366000947,0.16884361127966022,0.08232595076325792,0.03447920123820728,0.12875324841823516
Gemma-1,Qwen2,Gemma,Qwen,2024Q1,2024Q2,0,1,0,1,0.0775927223649313,0.3788575180564675,0.6446927374301676,0.5556109190419838,0.0775927223649313,0.15902243053230666,0.07393357969702168,0.03947020947666498,0.12337589011483137
Gemma-1,Qwen2.5,Gemma,Qwen,2024Q1,2024Q3,0,1,0,1,0.09897363821196409,0.45685909373060213,0.6444833625218914,0.627409714664082,0.09897363821196409,0.20114617027257203,0.09876505062365461,0.0596731126667092,0.13889564471208238
Gemma-1,Qwen3,Gemma,Qwen,2024Q1,2025Q2,0,1,0,1,0.05101674211842597,0.3755656108597285,0.6294691224268689,0.5509113988678203,0.05101674211842597,0.1044584463733815,0.049011355749494306,0.009126707904424257,0.09586266994150087
Gemma-1,Qwen3.5,Gemma,Qwen,2024Q1,2026Q1,0,1,0,1,0.08136761962334339,0.4005167958656331,0.6438213914849429,0.5755526031027145,0.08136761962334339,0.16549350689859532,0.07898589200911091,0.03570344495006216,0.12842127615030466
Gemma-1,Qwen3.6,Gemma,Qwen,2024Q1,2026Q2,0,1,0,1,0.07470112897355202,0.4024390243902439,0.639795918367347,0.5769802925047441,0.07470112897355202,0.15192198982475974,0.0728015137934468,0.029613982466792223,0.11958449967106106
Gemma-2,Gemma-3,Gemma,Gemma,2024Q2,2025Q1,1,0,0,1,0.10345578818050608,0.3047244094488189,0.536754507628294,0.4710916519109206,0.10345578818050608,0.21281199289081215,0.10094650071679907,0.06022704167376407,0.1465396432780963
Gemma-2,Gemma-3n,Gemma,Gemma,2024Q2,2025Q2,1,0,0,1,0.09166351236146363,0.28536184210526316,0.4812760055478502,0.44535445053281686,0.09166351236146363,0.19011850963957147,0.09092620915183107,0.05159753787781632,0.13436744195370226
Gemma-2,Gemma-4,Gemma,Gemma,2024Q2,2026Q2,1,0,0,1,0.08285196592744569,0.3064275037369208,0.5686546463245492,0.476464998538807,0.08285196592744569,0.17166371326140117,0.078938357354052,0.0397018809346997,0.12572849253889326
Gemma-2,Gemma-4-12B,Gemma,Gemma,2024Q2,2026Q2,1,0,0,1,0.02446910980596001,0.24611610793131644,0.4174757281553398,0.395586161507875,0.02446910980596001,0.05180148274070926,0.024376823341308303,-0.017494023617598633,0.06729356825721684
Gemma-2,Llama-1,Gemma,Llama,2024Q2,2023Q1,0,1,0,1,0.0551016286784155,0.2639344262295082,0.44660194174757284,0.41852042799760847,0.0551016286784155,0.11561960729443589,0.05479554427672395,0.012506693401475581,0.0994383110380469
Gemma-2,Llama-2,Gemma,Llama,2024Q2,2023Q3,0,1,0,1,0.05823295342476983,0.2407079646017699,0.39941262848751835,0.38817513768323986,0.05823295342476983,0.12610372584056856,0.05817679272973933,0.014158852218328456,0.10463634942621163
Gemma-2,Llama-3,Gemma,Llama,2024Q2,2024Q2,0,1,1,0,0.07275488842174872,0.3057184750733138,0.5783633841886269,0.47699682686205497,0.07275488842174872,0.15138359482855926,0.06859177370812589,0.030215312116936205,0.11586241174455032
Gemma-2,Llama-3.1,Gemma,Llama,2024Q2,2024Q3,0,1,0,1,0.03880321783447092,0.2802404207362885,0.5173370319001387,0.44306193566928653,0.03880321783447092,0.08067481275050507,0.03743455208051799,-0.006418835718591057,0.07822606264970777
Gemma-2,Llama-3.2,Gemma,Llama,2024Q2,2024Q3,0,1,0,1,0.05581795437867869,0.2808378588052754,0.5020804438280166,0.4420785711629133,0.05581795437867869,0.1159130619518138,0.05453506991544862,0.017448275262454713,0.09847624929029417
Gemma-2,Llama-3.3,Gemma,Llama,2024Q2,2024Q4,0,1,0,1,0.05404426065437029,0.27430830039525694,0.4812760055478502,0.43293529235700157,0.05404426065437029,0.11251665754273164,0.05320708052587241,0.014155652833015692,0.09741507235920172
Gemma-2,Llama-4,Gemma,Llama,2024Q2,2025Q2,0,1,0,1,0.048176375788880996,0.28212927756653994,0.5145631067961165,0.4447773065899013,0.048176375788880996,0.10006817665328384,0.046690936999803104,0.0043296889776860996,0.0924647977843537
Gemma-2,Ministral-3,Gemma,Mistral,2024Q2,2025Q4,0,1,0,1,0.08116049902032335,0.2753743760399334,0.4590846047156727,0.43259584797570844,0.08116049902032335,0.16945595579640846,0.08078535335413094,0.0380192970982595,0.12479813543774096
Gemma-2,Mistral-7B,Gemma,Mistral,2024Q2,2023Q3,0,1,0,1,0.07193109776183991,0.24642857142857144,0.4088888888888889,0.3956303163345282,0.07193109776183991,0.15537479039566163,0.07183900145712463,0.02881253479141102,0.11296967851565079
Gemma-2,Mistral-Large-2,Gemma,Mistral,2024Q2,2024Q3,0,1,0,1,0.06404124614137431,0.27213647441104794,0.4646324549237171,0.42918923482455185,0.06404124614137431,0.13368172066670334,0.0635011052986398,0.022661813726195475,0.10963808645126882
Gemma-2,Mistral-Large-3,Gemma,Mistral,2024Q2,2025Q4,0,1,0,1,0.02834961093522894,0.23554421768707484,0.3841886269070735,0.38129103676531323,0.02834961093522894,0.060957356810174126,0.02834760729247269,-0.012830680052332127,0.07242724211543942
Gemma-2,Mistral-Medium-3,Gemma,Mistral,2024Q2,2025Q2,0,1,0,1,0.04399894984156729,0.24553950722175022,0.40083217753120665,0.39432296800465266,0.04399894984156729,0.09395431412545793,0.0439842601913109,-0.0030378373347153347,0.08726101908726155
Gemma-2,Mistral-Medium-3.5,Gemma,Mistral,2024Q2,2026Q2,0,1,0,1,0.060688919262589645,0.2927927927927928,0.5409153952843273,0.45907108153638326,0.060688919262589645,0.1259375790094671,0.058262744694230394,0.016701067363885488,0.10671428701286825
Gemma-2,Mistral-Small-2,Gemma,Mistral,2024Q2,2024Q3,0,1,0,1,0.02983310415243731,0.2691717791411043,0.4868238557558946,0.4277263896723969,0.02983310415243731,0.06214266770433429,0.029122257244907728,-0.015566828550834055,0.07519789063533545
Gemma-2,Mistral-Small-3,Gemma,Mistral,2024Q2,2025Q1,0,1,0,1,0.076379673030353,0.2945258288357749,0.5298196948682385,0.4596348776033697,0.076379673030353,0.15800004312110563,0.07415090024911924,0.0352267270961908,0.12194112629975196
Gemma-2,Mistral-Small-3.1,Gemma,Mistral,2024Q2,2025Q1,0,1,0,1,0.07276377848620781,0.30097087378640774,0.5589459084604715,0.4697043072490975,0.07276377848620781,0.15091368244593406,0.06945208026174643,0.022815387426285416,0.11582838147862495
Gemma-2,Mistral-Small-3.2,Gemma,Mistral,2024Q2,2025Q2,0,1,0,1,0.03099966964792807,0.2215302491103203,0.38190184049079756,0.3631682864388187,0.03099966964792807,0.06834500661213694,0.030909018416051294,-0.014154779208163862,0.07417726502309782
Gemma-2,Mistral-Small-4,Gemma,Mistral,2024Q2,2026Q1,0,1,0,1,0.04777985486299556,0.29261155815654716,0.5547850208044383,0.460602739541164,0.04777985486299556,0.09951668164823282,0.045253220172308525,0.00419523901945761,0.09671740432435712
Gemma-2,Mixtral-8x22B,Gemma,Mistral,2024Q2,2024Q2,0,1,1,0,0.055556900973432195,0.261373035566584,0.43828016643550627,0.4150414062446508,0.055556900973432195,0.11688218840204112,0.05534234055067303,0.01415856151618093,0.10054751894298777
Gemma-2,Mixtral-8x7B,Gemma,Mistral,2024Q2,2023Q4,0,1,0,1,0.06410360671626905,0.29451540195341847,0.5436893203883495,0.4611949825922832,0.06410360671626905,0.13297244987449724,0.06152366979225582,0.01585879583837129,0.10916102502537643
Gemma-2,Phi-1,Gemma,Phi,2024Q2,2023Q2,0,1,0,1,0.02160079979170879,0.24675324675324675,0.42163661581137307,0.3965766564301869,0.02160079979170879,0.04564906316970434,0.021494435276812787,-0.027530572850677396,0.06293640902559085
Gemma-2,Phi-1.5,Gemma,Phi,2024Q2,2023Q3,0,1,0,1,0.03168315153195431,0.2823529411764706,0.5325936199722607,0.44712172811772805,0.03168315153195431,0.06596573867443933,0.03022305863275365,-0.01294093827310168,0.07531817842131791
Gemma-2,Phi-2,Gemma,Phi,2024Q2,2023Q4,0,1,0,1,0.052133301939140946,0.27128082736674625,0.47295423023578365,0.4288317674012732,0.052133301939140946,0.10870530781567599,0.05144856024181863,0.005424275016397679,0.09747764082180346
Gemma-2,Phi-3,Gemma,Phi,2024Q2,2024Q2,0,1,1,0,0.0631840616394484,0.2946026986506747,0.5450762829403606,0.4614513572037368,0.0631840616394484,0.13110142134217226,0.060572601465147244,0.017143642917431645,0.11029588683330706
Gemma-2,Phi-3.5,Gemma,Phi,2024Q2,2024Q3,0,1,0,1,0.06719140179545037,0.3,0.5617198335644937,0.46905861997055837,0.06719140179545037,0.13957585700866207,0.06388003399749966,0.026090351800331302,0.11191343435836736
Gemma-2,Phi-4,Gemma,Phi,2024Q2,2024Q4,0,1,0,1,0.09506097489688387,0.32723434201266716,0.6449375866851595,0.5073671650580623,0.09506097489688387,0.2007760322008764,0.08607264575277125,0.0523331368271281,0.13853762045093593
Gemma-2,Phi-4-reasoning-plus,Gemma,Phi,2024Q2,2025Q2,0,1,0,1,0.07702443571509483,0.30431547619047616,0.5672676837725381,0.47415007872406695,0.07702443571509483,0.159782138843261,0.07327381141171618,0.03150537255372667,0.11734543817226563
Gemma-2,Phi-4-reasoning-vision-15B,Gemma,Phi,2024Q2,2026Q1,0,1,0,1,0.061304057272050676,0.2996336996336996,0.5672676837725381,0.4693982758493474,0.061304057272050676,0.12761943630968017,0.05793038342036312,0.021585795326465956,0.10505722696630135
Gemma-2,Qwen-7B,Gemma,Qwen,2024Q2,2023Q3,0,1,0,1,0.02351792066872366,0.26461538461538464,0.47711511789181693,0.42168675448835996,0.02351792066872366,0.04904777567455122,0.023011352894226792,-0.019830109616712815,0.0706107498513209
Gemma-2,Qwen1.5,Gemma,Qwen,2024Q2,2024Q1,0,1,0,1,0.0549767320767894,0.3112491373360939,0.6255201109570042,0.4891612059043926,0.0549767320767894,0.11670535050251539,0.04947039881288569,0.012860291568421544,0.09652021889501924
Gemma-2,Qwen2,Gemma,Qwen,2024Q2,2024Q2,0,1,1,0,0.07822653769701178,0.28662420382165604,0.49930651872399445,0.4481499483950912,0.07822653769701178,0.1620586799717989,0.07695952941418868,0.03687134813766173,0.12038156524491599
Gemma-2,Qwen2.5,Gemma,Qwen,2024Q2,2024Q3,0,1,0,1,0.0406265718949761,0.3009776536312849,0.5977808599167822,0.47498138098279885,0.0406265718949761,0.08562787418126022,0.03714633644280884,-0.005828325481568294,0.08727862785176277
Gemma-2,Qwen3,Gemma,Qwen,2024Q2,2025Q2,0,1,0,1,0.08827393085928488,0.29550827423167847,0.5201109570041609,0.4596875957358575,0.08827393085928488,0.18225358126335628,0.08637254130485231,0.045865751029422835,0.12911331743372692
Gemma-2,Qwen3.5,Gemma,Qwen,2024Q2,2026Q1,0,1,0,1,0.08094443905981036,0.29738058551617874,0.5353675450762829,0.4632405075210439,0.08094443905981036,0.16731105161469587,0.078487223609319,0.037750858153254734,0.12307832500479625
Gemma-2,Qwen3.6,Gemma,Qwen,2024Q2,2026Q2,0,1,0,1,0.0264764356149469,0.27415730337078653,0.507628294036061,0.43541202117168815,0.0264764356149469,0.055097971215536674,0.025562639528569412,-0.02134577818661698,0.0666802568464432
Gemma-3,Gemma-3n,Gemma,Gemma,2025Q1,2025Q2,1,0,0,1,0.044537591384378385,0.3054331864904552,0.49406175771971494,0.46859684530626583,0.044537591384378385,0.09013242204186245,0.04433632895842777,-0.0016319361676041505,0.08675747633400532
Gemma-3,Gemma-4,Gemma,Gemma,2025Q1,2026Q2,1,0,0,1,0.030802354435254586,0.338104976141786,0.5299145299145299,0.5058928371168745,0.030802354435254586,0.06170182005108352,0.03067499361103999,-0.013848109340149954,0.07464446550101626
Gemma-3,Gemma-4-12B,Gemma,Gemma,2025Q1,2026Q2,1,0,0,1,0.07807900929331016,0.31245283018867925,0.5155666251556662,0.47753438012719857,0.07807900929331016,0.15832276356039693,0.0773674487943998,0.03351471885494559,0.12212941452660482
Gemma-3,Llama-1,Gemma,Llama,2025Q1,2023Q1,0,1,0,1,0.07490486534878758,0.31511976047904194,0.51278928136419,0.48025577170359923,0.07490486534878758,0.15146722027251908,0.0743962838275282,0.03631351274826657,0.11907439356074292
Gemma-3,Llama-2,Gemma,Llama,2025Q1,2023Q3,0,1,0,1,0.047138345796883245,0.2672413793103448,0.5007342143906021,0.42711310666351093,0.047138345796883245,0.09925553893282041,0.0455131974389128,0.005802695563061275,0.0898571813655676
Gemma-3,Llama-3,Gemma,Llama,2025Q1,2024Q2,0,1,0,1,0.08416386515130735,0.36899862825788754,0.5747863247863247,0.5401214422623395,0.08416386515130735,0.1678975952834874,0.08351928594198282,0.04589075068856969,0.1264717698030547
Gemma-3,Llama-3.1,Gemma,Llama,2025Q1,2024Q3,0,1,0,1,0.06605694979797733,0.34572230014025246,0.5267094017094017,0.5139634503777941,0.06605694979797733,0.1318102917296601,0.06598379036391591,0.020557444091417673,0.11271603274539524
Gemma-3,Llama-3.2,Gemma,Llama,2025Q1,2024Q3,0,1,0,1,0.027644346514433163,0.3168666196189132,0.4827956989247312,0.4812457889894623,0.027644346514433163,0.05548230493494135,0.027643844423015096,-0.01301680237248733,0.07137917416125612
Gemma-3,Llama-3.3,Gemma,Llama,2025Q1,2024Q4,0,1,0,1,0.046394980612458885,0.3172314347512617,0.49382716049382713,0.4818101004355488,0.046394980612458885,0.09327626181558765,0.046347318896622684,0.000380575281646427,0.08722439666475706
Gemma-3,Llama-4,Gemma,Llama,2025Q1,2025Q2,0,1,0,1,0.0729541699365492,0.3453644727530078,0.5213675213675214,0.5134737436490239,0.0729541699365492,0.14547577536428927,0.07292334830019237,0.03203534510407095,0.114239986589488
Gemma-3,Ministral-3,Gemma,Mistral,2025Q1,2025Q4,0,1,0,1,0.030574740996023506,0.29194382852919437,0.48645320197044334,0.4530865358308521,0.030574740996023506,0.06228255764170903,0.030332966249919022,-0.014042415591442696,0.07373047665118393
Gemma-3,Mistral-7B,Gemma,Mistral,2025Q1,2023Q3,0,1,0,1,0.07014382191763747,0.2765451664025357,0.5170370370370371,0.43907187212940435,0.07014382191763747,0.14746371323431137,0.06760620915032683,0.023054614788998316,0.11311535879262863
Gemma-3,Mistral-Large-2,Gemma,Mistral,2025Q1,2024Q3,0,1,0,1,0.03761071940470045,0.30285296269202633,0.48994082840236686,0.46551541024757703,0.03761071940470045,0.07613275186636115,0.03745151906916613,-0.01211415186427518,0.07708197114002394
Gemma-3,Mistral-Large-3,Gemma,Mistral,2025Q1,2025Q4,0,1,0,1,0.057047535890437,0.2850539291217257,0.505464480874317,0.44700075757060376,0.057047535890437,0.11804610960932523,0.055805170280653786,0.017688580799226913,0.10247489140031443
Gemma-3,Mistral-Medium-3,Gemma,Mistral,2025Q1,2025Q2,0,1,0,1,0.07531928367563291,0.2970679012345679,0.5167785234899329,0.4610464355699274,0.07531928367563291,0.15483596080102258,0.07388581652569949,0.03187456710513413,0.11594926749408282
Gemma-3,Mistral-Medium-3.5,Gemma,Mistral,2025Q1,2026Q2,0,1,0,1,0.08724290032919715,0.35929824561403506,0.5470085470085471,0.5289504584371727,0.08724290032919715,0.1735255193966548,0.08705842826059124,0.04251509169527504,0.12980916731554365
Gemma-3,Mistral-Small-2,Gemma,Mistral,2025Q1,2024Q3,0,1,0,1,0.07609758905710892,0.34050179211469533,0.5085653104925053,0.5080216809298671,0.07609758905710892,0.15186362415676968,0.07609743556783861,0.030526599795408147,0.11858157265907829
Gemma-3,Mistral-Small-3,Gemma,Mistral,2025Q1,2025Q1,0,1,1,0,0.05748045692758438,0.3366266760762174,0.5096153846153846,0.5037298652052775,0.05748045692758438,0.11488363701966445,0.057466469871013316,0.01512382805224403,0.10363271207899666
Gemma-3,Mistral-Small-3.1,Gemma,Mistral,2025Q1,2025Q1,0,1,1,0,0.04444489763665882,0.34317089910775567,0.5341880341880342,0.5114688734568292,0.04444489763665882,0.08892703587242508,0.0442844816566534,0.0004624458603179671,0.09145498796929988
Gemma-3,Mistral-Small-3.2,Gemma,Mistral,2025Q1,2025Q2,0,1,0,1,0.055290205607773396,0.26332537788385046,0.5076687116564417,0.42370761714562627,0.055290205607773396,0.11752677569307808,0.052906329776788635,0.01295905780333127,0.10086334238145289
Gemma-3,Mistral-Small-4,Gemma,Mistral,2025Q1,2026Q1,0,1,0,1,0.05110275026325223,0.3510565780504431,0.5502136752136753,0.5204793006677201,0.05110275026325223,0.10228774048983427,0.05079446110650245,0.009276346749361359,0.09247768256572025
Gemma-3,Mixtral-8x22B,Gemma,Mistral,2025Q1,2024Q2,0,1,0,1,0.07710657747149273,0.31221719457013575,0.5149253731343284,0.47723731361003424,0.07710657747149273,0.1563479039236163,0.0764145440404433,0.034412800111336135,0.11976954759598406
Gemma-3,Mixtral-8x7B,Gemma,Mistral,2025Q1,2023Q4,0,1,0,1,0.1023380075551097,0.36671368124118475,0.5555555555555556,0.5369471709210959,0.1023380075551097,0.20297643654402645,0.1021149292890511,0.05968088484075394,0.14845238549005427
Gemma-3,Phi-1,Gemma,Phi,2025Q1,2023Q2,0,1,0,1,0.06440141408797692,0.3086696562032885,0.5067484662576687,0.4728608111874529,0.06440141408797692,0.1305897628873653,0.06391677461139884,0.021034909580170316,0.10348497767970823
Gemma-3,Phi-1.5,Gemma,Phi,2025Q1,2023Q3,0,1,0,1,0.050589067864674514,0.3463917525773196,0.5384615384615384,0.5150564085542295,0.050589067864674514,0.10116899985567904,0.05039781441717787,0.007344681880641707,0.09564147475716454
Gemma-3,Phi-2,Gemma,Phi,2025Q1,2023Q4,0,1,0,1,0.04758615299444751,0.3147208121827411,0.49486887115165334,0.47901819336268914,0.04758615299444751,0.09580809107542183,0.04750193523416318,0.002773668916800641,0.09303228040347285
Gemma-3,Phi-3,Gemma,Phi,2025Q1,2024Q2,0,1,0,1,0.046480123904327306,0.3411602209944751,0.5277777777777778,0.5090846873642632,0.046480123904327306,0.09295539808253439,0.0463661953809738,0.004710842753462001,0.09340912768757426
Gemma-3,Phi-3.5,Gemma,Phi,2025Q1,2024Q3,0,1,0,1,0.0402818237061635,0.34379263301500684,0.5384615384615384,0.5123094214554395,0.0402818237061635,0.08065915004336513,0.04008876684334886,-0.002757225848576903,0.08532999133238937
Gemma-3,Phi-4,Gemma,Phi,2025Q1,2024Q4,0,1,0,1,0.06051175521064293,0.3768020969855832,0.6143162393162394,0.5506389870714953,0.06051175521064293,0.1226675454133542,0.05893761874604175,0.02126449922375246,0.10146806701212814
Gemma-3,Phi-4-reasoning-plus,Gemma,Phi,2025Q1,2025Q2,0,1,0,1,0.07423813743151414,0.35911602209944754,0.5555555555555556,0.5290851480476297,0.07423813743151414,0.1480865224625624,0.07389665964105523,0.029670405239091382,0.12037852168381191
Gemma-3,Phi-4-reasoning-vision-15B,Gemma,Phi,2025Q1,2026Q1,0,1,0,1,0.05658737968515221,0.35490463215258855,0.5566239316239316,0.524790075495999,0.05658737968515221,0.11324786324786325,0.05620136497002158,0.014508931185821389,0.10359460157501993
Gemma-3,Qwen-7B,Gemma,Qwen,2025Q1,2023Q3,0,1,0,1,0.01615297359836427,0.31007751937984496,0.47670639219934996,0.4733843559622349,0.01615297359836427,0.03245504919145086,0.0161515950604578,-0.02590339070409503,0.05530715652272411
Gemma-3,Qwen1.5,Gemma,Qwen,2025Q1,2024Q1,0,1,0,1,0.03713058537957414,0.36893203883495146,0.6089743589743589,0.5426002990152331,0.03713058537957414,0.07559658596063404,0.036043090356871615,-0.010601911038091494,0.08220924730747418
Gemma-3,Qwen2,Gemma,Qwen,2025Q1,2024Q2,0,1,0,1,0.07887682521447532,0.33357611070648213,0.511731843575419,0.500398542400645,0.07887682521447532,0.1578060364639191,0.07880960051546383,0.03514151958360326,0.12138685435033363
Gemma-3,Qwen2.5,Gemma,Qwen,2025Q1,2024Q3,0,1,0,1,0.04969239213682612,0.36800526662277816,0.5972222222222222,0.5406806553990873,0.04969239213682612,0.10045224793828146,0.04864590600621554,0.006340774773864692,0.09386631673810067
Gemma-3,Qwen3,Gemma,Qwen,2025Q1,2025Q2,0,1,0,1,0.09052579877749294,0.3451519536903039,0.5167930660888408,0.5131916768045137,0.09052579877749294,0.18032432432432433,0.09051807306405962,0.050081009476951106,0.1328965900131737
Gemma-3,Qwen3.5,Gemma,Qwen,2025Q1,2026Q1,0,1,0,1,0.048765296627829774,0.3335674157303371,0.5074786324786325,0.5003138687007174,0.048765296627829774,0.09754336419505463,0.048747433923530925,0.006718525424573674,0.09292924350187315
Gemma-3,Qwen3.6,Gemma,Qwen,2025Q1,2026Q2,0,1,0,1,0.016757699988714004,0.3222912353347136,0.49893162393162394,0.4876024940671222,0.016757699988714004,0.03358009616118446,0.01674142902915739,-0.02664121027512476,0.05899649994715335
Gemma-3n,Gemma-4,Gemma,Gemma,2025Q2,2026Q2,1,0,0,1,0.04788471238937358,0.3227176220806794,0.5415676959619953,0.490369641153105,0.04788471238937358,0.09684107868004704,0.04706521977245065,0.001913791148409123,0.0931977652286489
Gemma-3n,Gemma-4-12B,Gemma,Gemma,2025Q2,2026Q2,1,0,0,1,0.03292466728903684,0.27420604182804026,0.44084682440846823,0.4305161458408831,0.03292466728903684,0.0678028836540466,0.032897982606613405,-0.008837449444365247,0.0810595356681489
Gemma-3n,Llama-1,Gemma,Llama,2025Q2,2023Q1,0,1,0,1,0.03161943675776212,0.2772657450076805,0.4397076735688185,0.43418976082651206,0.03161943675776212,0.0649102565728027,0.03161205205625502,-0.0102842321435875,0.07420922898095952
Gemma-3n,Llama-2,Gemma,Llama,2025Q2,2023Q3,0,1,0,1,0.030558313542681386,0.24631751227495907,0.4419970631424376,0.39749978115274115,0.030558313542681386,0.06503122171739911,0.03011590167628818,-0.011765557685096047,0.07274940874761791
Gemma-3n,Llama-3,Gemma,Llama,2025Q2,2024Q2,0,1,0,1,0.05019986001338696,0.32914046121593293,0.5593824228028503,0.4985536828271473,0.05019986001338696,0.10170230083984559,0.04901533462772921,0.00569187909400908,0.09042549593608434
Gemma-3n,Llama-3.1,Gemma,Llama,2025Q2,2024Q3,0,1,0,1,0.06919299902097592,0.3253449527959332,0.5320665083135392,0.49243080053013366,0.06919299902097592,0.13944649250654223,0.06849798558929282,0.023736250138383146,0.11058970217373885
Gemma-3n,Llama-3.2,Gemma,Llama,2025Q2,2024Q3,0,1,0,1,0.05780611389560312,0.3106508875739645,0.498812351543943,0.4746262679684424,0.05780611389560312,0.11682875784808568,0.05757679940137925,0.014333780698820315,0.10324075160480585
Gemma-3n,Llama-3.3,Gemma,Llama,2025Q2,2024Q4,0,1,0,1,0.07516435369428064,0.31188493565480696,0.48931116389548696,0.4756662284191713,0.07516435369428064,0.15189472080507618,0.07507087053230731,0.034115638359527724,0.11728924502747912
Gemma-3n,Llama-4,Gemma,Llama,2025Q2,2025Q2,0,1,1,0,0.05013000562567003,0.3132267441860465,0.5118764845605701,0.4781427419770072,0.05013000562567003,0.10128619338353623,0.04974509034963338,0.009553152606457168,0.09261708481971972
Gemma-3n,Ministral-3,Gemma,Mistral,2025Q2,2025Q4,0,1,0,1,0.047736097180391984,0.28316524437548485,0.44950738916256155,0.44142690924395783,0.047736097180391984,0.09793245249971443,0.04771327512429208,0.002629566823223892,0.08571501439332925
Gemma-3n,Mistral-7B,Gemma,Mistral,2025Q2,2023Q3,0,1,0,1,0.03175079081456759,0.24548440065681446,0.44296296296296295,0.3966096310441372,0.03175079081456759,0.06769622773330654,0.0312549412322774,-0.009600234714632987,0.07423278337800945
Gemma-3n,Mistral-Large-2,Gemma,Mistral,2025Q2,2024Q3,0,1,0,1,0.07023026311465855,0.3006939090208173,0.46318289786223277,0.46235994862256535,0.07023026311465855,0.1427797344892983,0.07022993101044589,0.026643781500923357,0.1161510594422946
Gemma-3n,Mistral-Large-3,Gemma,Mistral,2025Q2,2025Q4,0,1,0,1,0.060606473749525554,0.27243330638641877,0.4603825136612022,0.42925791778462274,0.060606473749525554,0.12627078925813504,0.06020533469220696,0.01627896152957287,0.1041342733528786
Gemma-3n,Mistral-Medium-3,Gemma,Mistral,2025Q2,2025Q2,0,1,1,0,0.025879889678239707,0.25852498017446474,0.4375838926174497,0.4116076311668487,0.025879889678239707,0.05405606429849623,0.025747361182023743,-0.015512472816378152,0.07196717220713032
Gemma-3n,Mistral-Medium-3.5,Gemma,Mistral,2025Q2,2026Q2,0,1,0,1,0.04978334763053506,0.3192555476020043,0.5296912114014252,0.485804769440384,0.04978334763053506,0.10058561378954735,0.04915023426298638,0.002500374603458952,0.09630211185991544
Gemma-3n,Mistral-Small-2,Gemma,Mistral,2025Q2,2024Q3,0,1,0,1,0.04219281998478742,0.3039647577092511,0.4916864608076009,0.46684300647221877,0.04219281998478742,0.08541747141929598,0.04201008112598168,-0.00015358089717638036,0.08399375071953852
Gemma-3n,Mistral-Small-3,Gemma,Mistral,2025Q2,2025Q1,0,1,0,1,0.06422670554739889,0.31868131868131866,0.5166270783847982,0.4843401329667851,0.06422670554739889,0.12955594721582708,0.06378729247284981,0.020281793885222686,0.1059808050605647
Gemma-3n,Mistral-Small-3.1,Gemma,Mistral,2025Q2,2025Q1,0,1,0,1,0.06109875918786289,0.32786885245901637,0.5463182897862233,0.4961224901886351,0.06109875918786289,0.12336937180163707,0.06011852672831542,0.01645544074595353,0.10468032255952685
Gemma-3n,Mistral-Small-3.2,Gemma,Mistral,2025Q2,2025Q2,0,1,1,0,0.03998622607477526,0.24396336386344714,0.4493865030674847,0.39544653703945876,0.03998622607477526,0.08584455400999078,0.03916970717956115,-0.002153740460147141,0.08333438286424229
Gemma-3n,Mistral-Small-4,Gemma,Mistral,2025Q2,2026Q1,0,1,0,1,0.058057945214095845,0.33051444679351655,0.5570071258907363,0.49974787337552595,0.058057945214095845,0.11742223862541264,0.056854779462864,0.013515914686288776,0.1036514210791471
Gemma-3n,Mixtral-8x22B,Gemma,Mistral,2025Q2,2024Q2,0,1,0,1,0.02998285714523899,0.27300850734725446,0.43905472636815923,0.42903293785812485,0.02998285714523899,0.061755759290378846,0.029959794929372764,-0.013175639714416194,0.0760166067977826
Gemma-3n,Mixtral-8x7B,Gemma,Mistral,2025Q2,2023Q4,0,1,0,1,0.04893070979549604,0.3190271816881259,0.5296912114014252,0.48556229137714224,0.04893070979549604,0.09887285437147511,0.04830073696711842,0.0038968069914443034,0.0879335701469086
Gemma-3n,Phi-1,Gemma,Phi,2025Q2,2023Q2,0,1,0,1,0.051288421822819195,0.28549262994569435,0.45153374233128835,0.4442352006684771,0.051288421822819195,0.10510510510510511,0.05126858061126722,0.0038398261218210252,0.0951868657365627
Gemma-3n,Phi-1.5,Gemma,Phi,2025Q2,2023Q3,0,1,0,1,0.051291666889621924,0.32363378282469835,0.5415676959619953,0.4913273952709774,0.051291666889621924,0.1036821348273193,0.050450662293226374,0.008187441166956137,0.09612703518767358
Gemma-3n,Phi-2,Gemma,Phi,2025Q2,2023Q4,0,1,0,1,0.05874434328411307,0.3012869038607116,0.47268408551068886,0.4631559307938097,0.05874434328411307,0.11920450262777532,0.05870691009070272,0.01718133353302744,0.09866915248893238
Gemma-3n,Phi-3,Gemma,Phi,2025Q2,2024Q2,0,1,0,1,0.08603014410598905,0.33719247467438496,0.5534441805225653,0.5063267595131831,0.08603014410598905,0.17300031770082358,0.0848675455668027,0.04599617091231851,0.12273759032213424
Gemma-3n,Phi-3.5,Gemma,Phi,2025Q2,2024Q3,0,1,0,1,0.06016203538301945,0.32955350815024803,0.5522565320665083,0.49835249599256326,0.06016203538301945,0.12156478937260186,0.059054757840878894,0.018081255374703467,0.10326222654378073
Gemma-3n,Phi-4,Gemma,Phi,2025Q2,2024Q4,0,1,0,1,0.03806326689264423,0.33978638184245663,0.6045130641330166,0.5139238513788363,0.03806326689264423,0.07821236122422283,0.0361281394056935,-0.008673995237710657,0.08280762603082407
Gemma-3n,Phi-4-reasoning-plus,Gemma,Phi,2025Q2,2025Q2,0,1,1,0,0.0679437934385011,0.3328591749644381,0.5558194774346793,0.5020534533288737,0.0679437934385011,0.13714902807775378,0.06671867040244525,0.022605759374425948,0.10782206650685534
Gemma-3n,Phi-4-reasoning-vision-15B,Gemma,Phi,2025Q2,2026Q1,0,1,0,1,0.05210073869279401,0.3288920056100982,0.5570071258907363,0.49808402328084256,0.05210073869279401,0.10548252908397292,0.05094736675082849,0.005970029151587444,0.09571323011904545
Gemma-3n,Qwen-7B,Gemma,Qwen,2025Q2,2023Q3,0,1,0,1,0.021161850026015307,0.29209370424597364,0.47387173396674587,0.45260151091709017,0.021161850026015307,0.042948022873728606,0.021090588094760877,-0.019346957684336655,0.060877554561469864
Gemma-3n,Qwen1.5,Gemma,Qwen,2025Q2,2024Q1,0,1,0,1,0.0445521343104844,0.34464404524284764,0.6152019002375297,0.5198964015049,0.0445521343104844,0.0917749835669303,0.0420915663213009,0.0014801705715409635,0.08587369730159639
Gemma-3n,Qwen2,Gemma,Qwen,2025Q2,2024Q2,0,1,0,1,0.08799561340071273,0.31890660592255127,0.498812351543943,0.48381767151688243,0.08799561340071273,0.17732039153721452,0.08786772556715905,0.05000284465406668,0.13255274717413626
Gemma-3n,Qwen2.5,Gemma,Qwen,2025Q2,2024Q3,0,1,0,1,0.05364664087391171,0.34326337169939064,0.6021377672209026,0.5170337125161971,0.05364664087391171,0.10972491347308773,0.05128536162654684,0.009703302930072957,0.09616222973599037
Gemma-3n,Qwen3,Gemma,Qwen,2025Q2,2025Q2,0,1,1,0,0.05163393895663157,0.306439674315322,0.4916864608076009,0.4696166053124695,0.05163393895663157,0.10448104772905713,0.051460063128015474,0.009463473589596871,0.09321297747854616
Gemma-3n,Qwen3.5,Gemma,Qwen,2025Q2,2026Q1,0,1,0,1,0.08832313524112737,0.33112094395280234,0.5332541567695962,0.4986285619297364,0.08832313524112737,0.17744595425504625,0.08766649834935025,0.046417609998335586,0.12854253786242856
Gemma-3n,Qwen3.6,Gemma,Qwen,2025Q2,2026Q2,0,1,0,1,0.01705762796434243,0.3004996431120628,0.5,0.4634608056430953,0.01705762796434243,0.03454231433506045,0.016893383090566157,-0.024890444899440492,0.061275940028344744
Gemma-4,Gemma-4-12B,Gemma,Gemma,2026Q2,2026Q2,1,0,1,0,0.08501539149885451,0.32994186046511625,0.5653798256537983,0.4999342126601704,0.08501539149885451,0.17240565891328505,0.08287817100840632,0.041746557492371036,0.13471455736339175
Gemma-4,Llama-1,Gemma,Llama,2026Q2,2023Q1,0,1,0,1,0.05575346770562459,0.3209435310936383,0.5468940316686967,0.48897824857014566,0.05575346770562459,0.11308921039877079,0.054569266733875195,0.012560216419704015,0.09881698409013305
Gemma-4,Llama-2,Gemma,Llama,2026Q2,2023Q3,0,1,0,1,0.04920049353550383,0.2794007490636704,0.5477239353891337,0.4460156051738163,0.04920049353550383,0.10370497266823442,0.046214950630221914,0.005465184140759915,0.0908794101978977
Gemma-4,Llama-3,Gemma,Llama,2026Q2,2024Q2,0,1,0,1,0.049487166069705504,0.37483530961791833,0.5540408958130477,0.5453484862285041,0.049487166069705504,0.09893095268624183,0.04946012540315309,0.005802309265063486,0.09385198799982457
Gemma-4,Llama-3.1,Gemma,Llama,2026Q2,2024Q3,0,1,0,1,0.09050506927159734,0.3767123287671233,0.5595116988809766,0.5473948520360569,0.09050506927159734,0.1796457488069492,0.09041749836824904,0.044728623757874154,0.13201767563227404
Gemma-4,Llama-3.2,Gemma,Llama,2026Q2,2024Q3,0,1,0,1,0.0670789399619634,0.3533886583679115,0.5494623655913978,0.5228705772206743,0.0670789399619634,0.13396809120004485,0.06676381638702841,0.015297251346632327,0.10827481989995863
Gemma-4,Llama-3.3,Gemma,Llama,2026Q2,2024Q4,0,1,0,1,0.06535609263726579,0.3431372549019608,0.5499438832772167,0.5122382513060756,0.06535609263726579,0.13103464973961748,0.06475243358795074,0.02237917982396566,0.11575702779635706
Gemma-4,Llama-4,Gemma,Llama,2026Q2,2025Q2,0,1,0,1,0.08703003101927073,0.370956641431521,0.5585492227979275,0.5414269716373936,0.08703003101927073,0.1729488125620374,0.08686291454575432,0.046338922664709965,0.13653416790946574
Gemma-4,Ministral-3,Gemma,Mistral,2026Q2,2025Q4,0,1,0,1,0.0591519164355568,0.32017229002153624,0.5492610837438424,0.48839546460216704,0.0591519164355568,0.12014862382284305,0.05778269503997699,0.018759617479596372,0.10335660302254153
Gemma-4,Mistral-7B,Gemma,Mistral,2026Q2,2023Q3,0,1,0,1,0.06640262589449053,0.2854984894259819,0.56,0.453998786078187,0.06640262589449053,0.14003493344576282,0.062228941042353374,0.020573425126913302,0.10739979769842363
Gemma-4,Mistral-Large-2,Gemma,Mistral,2026Q2,2024Q3,0,1,0,1,0.05891827866061563,0.32860184528034064,0.5479289940828402,0.4970126181596279,0.05891827866061563,0.11896802370159544,0.05794251059316763,0.015081241971111279,0.09816314874225525
Gemma-4,Mistral-Large-3,Gemma,Mistral,2026Q2,2025Q4,0,1,0,1,0.05008578411713284,0.29433406916850624,0.546448087431694,0.4613380004982012,0.05008578411713284,0.10383068855959567,0.047889471782184063,0.003623573930307074,0.09119702553158927
Gemma-4,Mistral-Medium-3,Gemma,Mistral,2026Q2,2025Q2,0,1,0,1,0.06505870645013487,0.30486008836524303,0.5557046979865772,0.4733005214543926,0.06505870645013487,0.1341715543929796,0.06245499734329152,0.02379448214562561,0.10900549569541929
Gemma-4,Mistral-Medium-3.5,Gemma,Mistral,2026Q2,2026Q2,0,1,1,0,0.07199928451039667,0.3721244925575101,0.5494505494505495,0.5424508935885504,0.07199928451039667,0.1433077074709245,0.07197494332346979,0.03161539994456053,0.1166109525809527
Gemma-4,Mistral-Small-2,Gemma,Mistral,2026Q2,2024Q3,0,1,0,1,0.038880918834598,0.34131326949384405,0.5342612419700214,0.5094972986341749,0.038880918834598,0.07785330287347784,0.03871301341010307,-0.0024613768129750713,0.08115934565154727
Gemma-4,Mistral-Small-3,Gemma,Mistral,2026Q2,2025Q1,0,1,0,1,0.08023402246599952,0.3661390227116311,0.5553235908141962,0.536344283253152,0.08023402246599952,0.15966955849476164,0.08004323097607306,0.03734485697468319,0.12553828883039608
Gemma-4,Mistral-Small-3.1,Gemma,Mistral,2026Q2,2025Q1,0,1,0,1,0.08348183774112489,0.38191632928475033,0.55435847208619,0.5527367470938674,0.08348183774112489,0.16588957396762655,0.08348033334900898,0.04168098692945069,0.1282814889126715
Gemma-4,Mistral-Small-3.2,Gemma,Mistral,2026Q2,2025Q2,0,1,0,1,0.051641527787265745,0.271969696969697,0.5506134969325154,0.4387179753859542,0.051641527787265745,0.1100299196988023,0.04794550404400244,0.012335551761380124,0.09299969295327662
Gemma-4,Mistral-Small-4,Gemma,Mistral,2026Q2,2026Q1,0,1,0,1,0.0578402917437408,0.37558062375580625,0.5511197663096398,0.5460914376289734,0.0578402917437408,0.11544257852006123,0.057829824642205596,0.013131768863887536,0.10372433764093587
Gemma-4,Mixtral-8x22B,Gemma,Mistral,2026Q2,2024Q2,0,1,0,1,0.043144254330210595,0.31066571224051537,0.5398009950248757,0.4776133784560791,0.043144254330210595,0.08790468747401853,0.042069368899782245,0.003987572910298444,0.08448313775893367
Gemma-4,Mixtral-8x7B,Gemma,Mistral,2026Q2,2023Q4,0,1,0,1,0.08297641631038662,0.3774609640190088,0.5548902195608783,0.548094834397774,0.08297641631038662,0.16487701708283806,0.08295047932588356,0.038302898232103644,0.1265426767534053
Gemma-4,Phi-1,Gemma,Phi,2026Q2,2023Q2,0,1,0,1,0.06616073581222362,0.32422717469446444,0.5533742331288344,0.49296094749553987,0.06616073581222362,0.13419763257165157,0.06467196354210719,0.026207187811951676,0.10625116076766473
Gemma-4,Phi-1.5,Gemma,Phi,2026Q2,2023Q3,0,1,0,1,0.0394037851780199,0.36212624584717606,0.5327468230694037,0.5317083292494188,0.0394037851780199,0.07873107397270133,0.03940346955459346,-0.002185962943936554,0.08380193989594498
Gemma-4,Phi-2,Gemma,Phi,2026Q2,2023Q4,0,1,0,1,0.07592499300023338,0.3446327683615819,0.556442417331813,0.5142032337384449,0.07592499300023338,0.15226730117271758,0.07507168692771314,0.028934022617882773,0.11750802199131614
Gemma-4,Phi-3,Gemma,Phi,2026Q2,2024Q2,0,1,0,1,0.018845209424336852,0.3490378234903782,0.5228628230616302,0.5174894877598809,0.018845209424336852,0.037691227255811345,0.018841052250464486,-0.0266679848542291,0.06195948343050019
Gemma-4,Phi-3.5,Gemma,Phi,2026Q2,2024Q3,0,1,0,1,0.06013868207978147,0.374,0.5462512171372931,0.5443990643019022,0.06013868207978147,0.11994378321401906,0.06013720595506672,0.010867788346728984,0.10698430526058643
Gemma-4,Phi-4,Gemma,Phi,2026Q2,2024Q4,0,1,0,1,0.07459424282119047,0.40783558124598585,0.6183057448880234,0.5805311671692102,0.07459424282119047,0.15037878400621593,0.07387410915629125,0.032574146485939745,0.11924276328324568
Gemma-4,Phi-4-reasoning-plus,Gemma,Phi,2026Q2,2025Q2,0,1,0,1,0.07420103801769878,0.3800268096514745,0.5520934761441091,0.5507544165053118,0.07420103801769878,0.1477001051926939,0.07420010889408446,0.028641526690654454,0.116163049241678
Gemma-4,Phi-4-reasoning-vision-15B,Gemma,Phi,2026Q2,2026Q1,0,1,0,1,0.06267991472652891,0.3793103448275862,0.5569620253164557,0.5500429737860562,0.06267991472652891,0.12506821193773873,0.06265866454896966,0.012271097855587013,0.1091809140325656
Gemma-4,Qwen-7B,Gemma,Qwen,2026Q2,2023Q3,0,1,0,1,0.0743266856001077,0.35510771369006255,0.5536294691224268,0.5248495483606441,0.0743266856001077,0.14837670726651084,0.07392530928200282,0.028460530588217087,0.1114872717439522
Gemma-4,Qwen1.5,Gemma,Qwen,2026Q2,2024Q1,0,1,0,1,0.07846238291612592,0.41229193341869397,0.6270691333982473,0.5852531272814919,0.07846238291612592,0.15846128256570638,0.07754175932280712,0.035065178276019154,0.12226886526354708
Gemma-4,Qwen2,Gemma,Qwen,2026Q2,2024Q2,0,1,0,1,0.05314805957668636,0.3384401114206128,0.5430167597765363,0.5069201209344287,0.05314805957668636,0.10665700391422221,0.05268563622131265,0.0108068221572641,0.09854978120543961
Gemma-4,Qwen2.5,Gemma,Qwen,2026Q2,2024Q3,0,1,0,1,0.05170864157572826,0.3930635838150289,0.5959104186952289,0.5651102028519044,0.05170864157572826,0.10419373363254633,0.05136292545619911,0.006517131566462419,0.09481102080564843
Gemma-4,Qwen3,Gemma,Qwen,2026Q2,2025Q2,0,1,0,1,0.0743266856001077,0.35510771369006255,0.5536294691224268,0.5248495483606441,0.0743266856001077,0.14837670726651084,0.07392530928200282,0.033915780220074174,0.1178557696597767
Gemma-4,Qwen3.5,Gemma,Qwen,2026Q2,2026Q1,0,1,0,1,0.09910296408872926,0.37621023513139695,0.564901349948079,0.5470166359193269,0.09910296408872926,0.1965228991192112,0.09890019870149727,0.05884164554639608,0.14527168529599932
Gemma-4,Qwen3.6,Gemma,Qwen,2026Q2,2026Q2,0,1,1,0,0.06757814877984346,0.3653061224489796,0.5479591836734694,0.5352738487152672,0.06757814877984346,0.13462765109232977,0.06750354808403455,0.02526591353700252,0.10892503003062984
Gemma-4-12B,Llama-1,Gemma,Llama,2026Q2,2023Q1,0,1,0,1,0.03186604375789812,0.26974198592650506,0.42963885429638854,0.4249029476235876,0.03186604375789812,0.06585281722881267,0.031860496694954187,-0.008131124567420513,0.07500366745389227
Gemma-4-12B,Llama-2,Gemma,Llama,2026Q2,2023Q3,0,1,0,1,0.020617058236366028,0.23563696919233973,0.4155653450807636,0.3826970433269353,0.020617058236366028,0.04423462802226856,0.020441612237864188,-0.02028827818374385,0.06181951212549203
Gemma-4-12B,Llama-3,Gemma,Llama,2026Q2,2024Q2,0,1,0,1,0.08054057452369914,0.33261802575107297,0.5790784557907845,0.5040135910329774,0.08054057452369914,0.1638533178114086,0.07789923108853353,0.03759274151966444,0.12888040610276294
Gemma-4-12B,Llama-3.1,Gemma,Llama,2026Q2,2024Q3,0,1,0,1,0.03942926227729698,0.30174927113702626,0.5155666251556662,0.4659784254612729,0.03942926227729698,0.08029991710520575,0.0387808771576008,-0.003334983678763492,0.07843201251585791
Gemma-4-12B,Llama-3.2,Gemma,Llama,2026Q2,2024Q3,0,1,0,1,0.042137076781537705,0.29424943988050783,0.49066002490660027,0.4559287458633384,0.042137076781537705,0.085915381375897,0.041786232141227495,-0.0018609802043870697,0.08228810677983346
Gemma-4-12B,Llama-3.3,Gemma,Llama,2026Q2,2024Q4,0,1,0,1,0.05184585491354894,0.2921434019832189,0.47696139476961397,0.45279554925371723,0.05184585491354894,0.105871802232387,0.051635774996499836,0.011455548702644506,0.10160433042021667
Gemma-4-12B,Llama-4,Gemma,Llama,2026Q2,2025Q2,0,1,0,1,0.07257072492184535,0.31449814126394054,0.526774595267746,0.480528264790368,0.07257072492184535,0.1472077014647275,0.07159867284929587,0.030321164260210084,0.11350119466829263
Gemma-4-12B,Ministral-3,Gemma,Mistral,2026Q2,2025Q4,0,1,0,1,0.07681204136839233,0.28993610223642174,0.4520547945205479,0.4495425841773676,0.07681204136839233,0.15767751618047088,0.07680868651372214,0.03147237515572666,0.12113773879779549
Gemma-4-12B,Mistral-7B,Gemma,Mistral,2026Q2,2023Q3,0,1,0,1,0.06468529799939547,0.25573491928632114,0.44592592592592595,0.40884325432231533,0.06468529799939547,0.13772444089273453,0.06407756617431033,0.021427976021308845,0.10594394173750453
Gemma-4-12B,Mistral-Large-2,Gemma,Mistral,2026Q2,2024Q3,0,1,0,1,0.0696553261798001,0.29254901960784313,0.46450809464508097,0.45281698080969063,0.0696553261798001,0.14251613380229622,0.06958992846570027,0.03155333625693902,0.11781683139989717
Gemma-4-12B,Mistral-Large-3,Gemma,Mistral,2026Q2,2025Q4,0,1,0,1,0.04679953684775787,0.25922887612797374,0.43169398907103823,0.4121675241067992,0.04679953684775787,0.09836488735791787,0.04666787724713991,0.004599761011050981,0.08604340890481968
Gemma-4-12B,Mistral-Medium-3,Gemma,Mistral,2026Q2,2025Q2,0,1,0,1,0.02717848846156698,0.2524271844660194,0.41879194630872485,0.40338401563539883,0.02717848846156698,0.05713227679828636,0.027127763183524386,-0.020380235645608095,0.06919253621288796
Gemma-4-12B,Mistral-Medium-3.5,Gemma,Mistral,2026Q2,2026Q2,0,1,1,0,0.06548021591143677,0.3167883211678832,0.5404732254047323,0.4840775235196083,0.06548021591143677,0.13301135621981464,0.06418435568193072,0.0193655645052794,0.11525940189740824
Gemma-4-12B,Mistral-Small-2,Gemma,Mistral,2026Q2,2024Q3,0,1,0,1,0.03270890050554735,0.29049034175334326,0.48692403486924035,0.45148730852361063,0.03270890050554735,0.06674175583505412,0.032419518580584734,-0.013162019227728208,0.07839085772004575
Gemma-4-12B,Mistral-Small-3,Gemma,Mistral,2026Q2,2025Q1,0,1,0,1,0.04361850479852022,0.2996309963099631,0.5056039850560399,0.4628982153331485,0.04361850479852022,0.08882485748855543,0.04308246430969848,-0.0001574221919725039,0.08757487364373627
Gemma-4-12B,Mistral-Small-3.1,Gemma,Mistral,2026Q2,2025Q1,0,1,0,1,0.0613525607667751,0.3179190751445087,0.547945205479452,0.4859393101356602,0.0613525607667751,0.12478031634446397,0.059889238221477736,0.010994570899116998,0.10477967565002781
Gemma-4-12B,Mistral-Small-3.2,Gemma,Mistral,2026Q2,2025Q2,0,1,0,1,0.06141072030463097,0.24892703862660945,0.4447852760736196,0.4007895850488427,0.06141072030463097,0.1319228899442803,0.06059838272617564,0.013445645805507578,0.10036379212560834
Gemma-4-12B,Mistral-Small-4,Gemma,Mistral,2026Q2,2026Q1,0,1,0,1,0.044990345538591776,0.31414356787491116,0.5504358655043586,0.48227933615405055,0.044990345538591776,0.09176715609705301,0.04366629602541759,-0.001513326858622309,0.09060095498078678
Gemma-4-12B,Mixtral-8x22B,Gemma,Mistral,2026Q2,2024Q2,0,1,0,1,0.03368880984672945,0.26735015772870663,0.42216687422166876,0.42190425094634815,0.03368880984672945,0.06981556687963993,0.033688791622112885,-0.007826749759415306,0.07681870967839484
Gemma-4-12B,Mixtral-8x7B,Gemma,Mistral,2026Q2,2023Q4,0,1,0,1,0.044261456944210374,0.30702389572773353,0.5280199252801993,0.472687614769513,0.044261456944210374,0.09011916480796149,0.04337690949765786,-0.0021173431346785446,0.08338279080873803
Gemma-4-12B,Phi-1,Gemma,Phi,2026Q2,2023Q2,0,1,0,1,0.022372020046363874,0.2640625,0.42092154420921546,0.41781124387997687,0.022372020046363874,0.046338396053013445,0.022370285038217842,-0.024231761047749434,0.06580781911682491
Gemma-4-12B,Phi-1.5,Gemma,Phi,2026Q2,2023Q3,0,1,0,1,0.043392597455559796,0.3098995695839311,0.5379825653798257,0.47663744441192146,0.043392597455559796,0.08841229552668833,0.04233916126032943,-0.0014374576778991462,0.0836301360950687
Gemma-4-12B,Phi-2,Gemma,Phi,2026Q2,2023Q4,0,1,0,1,0.04498545336249435,0.28637059724349156,0.4657534246575342,0.4456706486284878,0.04498545336249435,0.09207877259158123,0.04485590339516849,0.0009900840068679678,0.08736528791363836
Gemma-4-12B,Phi-3,Gemma,Phi,2026Q2,2024Q2,0,1,0,1,0.04506593032539686,0.3080260303687636,0.5305105853051059,0.4739721633914331,0.04506593032539686,0.09175870505210779,0.04412983853085647,-0.0017335172322745737,0.08638545335506856
Gemma-4-12B,Phi-3.5,Gemma,Phi,2026Q2,2024Q3,0,1,0,1,0.09766729982427996,0.3369723435225619,0.5765877957658779,0.5081160917620549,0.09766729982427996,0.19773212831988232,0.09506127954957687,0.05813574725840915,0.14096944995162278
Gemma-4-12B,Phi-4,Gemma,Phi,2026Q2,2024Q4,0,1,0,1,0.09773356443336878,0.35443909153475567,0.6413449564134496,0.5324593942106748,0.09773356443336878,0.20154402277646857,0.09152982310013033,0.055185586659702156,0.13915306712097025
Gemma-4-12B,Phi-4-reasoning-plus,Gemma,Phi,2026Q2,2025Q2,0,1,0,1,0.036028114915042125,0.30791161796151106,0.5379825653798257,0.47455453228526345,0.036028114915042125,0.07347285350382099,0.035082837790568144,-0.006784638834857628,0.0810485906996239
Gemma-4-12B,Phi-4-reasoning-vision-15B,Gemma,Phi,2026Q2,2026Q1,0,1,0,1,0.05152163837190419,0.3181818181818182,0.5579078455790785,0.4871986270533661,0.05152163837190419,0.10508738705517395,0.049919787498725866,0.008430569476450206,0.09491802607829708
Gemma-4-12B,Qwen-7B,Gemma,Qwen,2026Q2,2023Q3,0,1,0,1,0.05609351001462546,0.2996987951807229,0.49564134495641343,0.46230059130407813,0.05609351001462546,0.114211976728927,0.05567554230116647,0.013767037738439085,0.09896106625561342
Gemma-4-12B,Qwen1.5,Gemma,Qwen,2026Q2,2024Q1,0,1,0,1,0.04485215379178015,0.3328850033624748,0.6164383561643836,0.5087337190150749,0.04485215379178015,0.0931174089068826,0.04178938105582838,0.002081082194561984,0.08715326819557065
Gemma-4-12B,Qwen2,Gemma,Qwen,2026Q2,2024Q2,0,1,0,1,0.07109347177540742,0.30214723926380366,0.49066002490660027,0.4647580614225075,0.07109347177540742,0.14466755577261428,0.07077906495867012,0.028486027225804587,0.11750580006710994
Gemma-4-12B,Qwen2.5,Gemma,Qwen,2026Q2,2024Q3,0,1,0,1,0.04840341458513638,0.32946001367054,0.6002490660024906,0.5033339372383232,0.04840341458513638,0.09979732055220589,0.0456957082572127,0.007118181808550403,0.09261130852179968
Gemma-4-12B,Qwen3,Gemma,Qwen,2026Q2,2025Q2,0,1,0,1,0.08473822341415334,0.3135464231354642,0.5130759651307597,0.4785624211489452,0.08473822341415334,0.17169430781061826,0.0841068162964002,0.043511904487846975,0.12896548292005022
Gemma-4-12B,Qwen3.5,Gemma,Qwen,2026Q2,2026Q1,0,1,0,1,0.041553192953440614,0.2994849153789551,0.5068493150684932,0.4628321223192562,0.041553192953440614,0.08462716941440103,0.04100992131647574,-0.0015812353487779404,0.0818980884000319
Gemma-4-12B,Qwen3.6,Gemma,Qwen,2026Q2,2026Q2,0,1,1,0,0.02760640281814314,0.29578488372093026,0.5068493150684932,0.45880020020376744,0.02760640281814314,0.05627230304693934,0.02716703813023298,-0.017852996420251625,0.07186410228563492
Llama-1,Llama-2,Llama,Llama,2023Q1,2023Q3,1,0,0,1,0.07389047931575773,0.26430976430976433,0.461086637298091,0.4199373599126744,0.07389047931575773,0.15622045315925875,0.0730714530400391,0.031621016994778935,0.11598740764838192
Llama-1,Llama-3,Llama,Llama,2023Q1,2024Q2,1,0,0,1,0.06490329097185427,0.3302687411598303,0.5688185140073082,0.500601756795752,0.06490329097185427,0.13180750397035468,0.06306270653184787,0.019533807687267413,0.11051988557579775
Llama-1,Llama-3.1,Llama,Llama,2023Q1,2024Q3,1,0,0,1,0.02943661377050397,0.30158730158730157,0.5091352009744214,0.4652945271068128,0.02943661377050397,0.059785649544644645,0.029045385106880355,-0.01745393921164409,0.0732794082789353
Llama-1,Llama-3.2,Llama,Llama,2023Q1,2024Q3,1,0,0,1,0.09218128250124528,0.32250755287009064,0.5200974421437271,0.4886690370147863,0.09218128250124528,0.18583336414465712,0.09161797320424929,0.05361016249186073,0.13712178488445426
Llama-1,Llama-3.3,Llama,Llama,2023Q1,2024Q4,1,0,0,1,0.035265292965761,0.28818660647103084,0.46650426309378806,0.44780438646273296,0.035265292965761,0.07192745731464431,0.03517530538333423,-0.006883149613647511,0.07562266258408644
Llama-1,Llama-4,Llama,Llama,2023Q1,2025Q2,1,0,0,1,0.028207581884428838,0.29796511627906974,0.4993909866017052,0.4606261839649287,0.028207581884428838,0.05731023153457521,0.027909855243098074,-0.015254857409060038,0.0692677378919383
Llama-1,Ministral-3,Llama,Mistral,2023Q1,2025Q4,0,1,0,1,0.06969634237632849,0.28988941548183256,0.45197044334975367,0.44948631217734136,0.06969634237632849,0.1428656280758918,0.069693319590872,0.02360842271400226,0.1075648665970872
Llama-1,Mistral-7B,Llama,Mistral,2023Q1,2023Q3,0,1,0,1,0.021307126747636764,0.23738626964433415,0.42518518518518517,0.3855302249923355,0.021307126747636764,0.04565773625143652,0.021049558038913792,-0.019595459929024683,0.06452892148745885
Llama-1,Mistral-Large-2,Llama,Mistral,2023Q1,2024Q3,0,1,0,1,0.07433957564574524,0.2985190958690569,0.46650426309378806,0.4598316295476537,0.07433957564574524,0.15148846775563088,0.07431692302945232,0.030395796516398406,0.11773046703637335
Llama-1,Mistral-Large-3,Llama,Mistral,2023Q1,2025Q4,0,1,0,1,0.04117490898985064,0.259529602595296,0.4371584699453552,0.41278400385655223,0.04117490898985064,0.08637341430379859,0.04099459259601614,-0.003431812354220335,0.08055862846959683
Llama-1,Mistral-Medium-3,Llama,Mistral,2023Q1,2025Q2,0,1,0,1,0.04872682398931877,0.26596604688763137,0.44161073825503355,0.4206744959344781,0.04872682398931877,0.10172284775696239,0.04857207223727035,0.005903384179945716,0.08749202742194431
Llama-1,Mistral-Medium-3.5,Llama,Mistral,2023Q1,2026Q2,0,1,0,1,0.0631997658440781,0.32028985507246377,0.53836784409257,0.48756626854479307,0.0631997658440781,0.12796639644701288,0.06216787195092087,0.015622885578989063,0.10745892296801889
Llama-1,Mistral-Small-2,Llama,Mistral,2023Q1,2024Q3,0,1,0,1,0.011394474306009919,0.2847730600292826,0.47381242387332523,0.4442266249463973,0.011394474306009919,0.023204291528545883,0.011319731305644806,-0.03432402182286168,0.057380806481947995
Llama-1,Mistral-Small-3,Llama,Mistral,2023Q1,2025Q1,0,1,0,1,0.05033871786656529,0.3071271124173402,0.5091352009744214,0.471326598031348,0.05033871786656529,0.10208325596940102,0.0498568235998235,0.004992385568869435,0.09389133460954552
Llama-1,Mistral-Small-3.1,Llama,Mistral,2023Q1,2025Q1,0,1,0,1,0.09328589313023763,0.33769063180827885,0.5663824604141291,0.507888644983141,0.09328589313023763,0.18817302427450264,0.09141536962557749,0.04622820934175399,0.13803586112532273
Llama-1,Mistral-Small-3.2,Llama,Mistral,2023Q1,2025Q2,0,1,0,1,0.02245127095564826,0.23263598326359833,0.4263803680981595,0.3799700967965075,0.02245127095564826,0.04851102906726138,0.022083633711133904,-0.020417298258877142,0.06238961679719176
Llama-1,Mistral-Small-4,Llama,Mistral,2023Q1,2026Q1,0,1,0,1,0.03381536696862413,0.3138634764250528,0.5432399512789281,0.4812795825581866,0.03381536696862413,0.06877413427035349,0.03296258606632972,-0.014498045917009216,0.07686736896236347
Llama-1,Mixtral-8x22B,Llama,Mistral,2023Q1,2024Q2,0,1,0,1,0.051738958329703835,0.2795275590551181,0.44154228855721395,0.43694698814387495,0.051738958329703835,0.10657067705130834,0.051730927873514444,0.00860353361607859,0.09582263541837376
Llama-1,Mixtral-8x7B,Llama,Mistral,2023Q1,2023Q4,0,1,0,1,0.042037019516492684,0.310567936736161,0.5261875761266748,0.4762975060381978,0.042037019516492684,0.08530623862975384,0.04134319913470968,0.001814777545086853,0.08061977004237005
Llama-1,Phi-1,Llama,Phi,2023Q1,2023Q2,0,1,0,1,0.052628781884459394,0.28213166144200624,0.44171779141104295,0.4401007592913665,0.052628781884459394,0.10817504437759755,0.052627768555722834,0.009014833793324687,0.09656250282935355
Llama-1,Phi-1.5,Llama,Phi,2023Q1,2023Q3,0,1,0,1,0.03265287245182803,0.3096590909090909,0.5310596833130329,0.4757481343276183,0.03265287245182803,0.06634277132947881,0.0319853164521665,-0.013328302859725267,0.07869180027810911
Llama-1,Phi-2,Llama,Phi,2023Q1,2023Q4,0,1,0,1,0.02865999541285949,0.2824773413897281,0.45554202192448234,0.44075802357699484,0.02865999541285949,0.05858289805616907,0.028612971800123406,-0.01503643886390845,0.07195162565272233
Llama-1,Phi-3,Llama,Phi,2023Q1,2024Q2,0,1,0,1,0.040732590413534726,0.31061692969870874,0.5274056029232643,0.4764499957759722,0.040732590413534726,0.08267419263000235,0.040031006698805424,-0.00280888772338984,0.08144210679683439
Llama-1,Phi-3.5,Llama,Phi,2023Q1,2024Q3,0,1,0,1,0.04992066124606585,0.31934566145092463,0.5468940316686967,0.487320288970019,0.04992066124606585,0.10134909131452782,0.04878906972167386,0.004033881508383586,0.08962114908261731
Llama-1,Phi-4,Llama,Phi,2023Q1,2024Q4,0,1,0,1,0.026314867079005336,0.328428093645485,0.5980511571254568,0.5020499762656359,0.026314867079005336,0.05428647355833112,0.02480245936272198,-0.018678901758346904,0.07175499650969544
Llama-1,Phi-4-reasoning-plus,Llama,Phi,2023Q1,2025Q2,0,1,0,1,0.06379041571983343,0.32546494992846925,0.5542021924482339,0.49431065221710213,0.06379041571983343,0.12931155327236896,0.062370740398994456,0.020491566019731306,0.10786704532021302
Llama-1,Phi-4-reasoning-vision-15B,Llama,Phi,2023Q1,2026Q1,0,1,0,1,0.07479849542479594,0.33380782918149465,0.5712545676004872,0.5044139380479916,0.07479849542479594,0.15163745839549506,0.07279638073595804,0.032929509375542496,0.12035892131565695
Llama-1,Qwen-7B,Llama,Qwen,2023Q1,2023Q3,0,1,0,1,0.04711558287523953,0.2995529061102832,0.48964677222898906,0.46179967614121575,0.04711558287523953,0.09572403508590246,0.0468629115093331,0.00012565314687311587,0.08929262420074749
Llama-1,Qwen1.5,Llama,Qwen,2023Q1,2024Q1,0,1,0,1,0.0661608601190753,0.3477088948787062,0.6285018270401949,0.5244706873703443,0.0661608601190753,0.1367021651286846,0.06205276728347034,0.01978737671153659,0.11125092860212327
Llama-1,Qwen2,Llama,Qwen,2023Q1,2024Q2,0,1,0,1,0.0645996697666121,0.30296127562642367,0.48599269183922045,0.4654679678552248,0.0645996697666121,0.13117724337887507,0.06441569294897617,0.023230545346919054,0.10767373233039096
Llama-1,Qwen2.5,Llama,Qwen,2023Q1,2024Q3,0,1,0,1,0.043555701297754976,0.33265444670739985,0.5968331303288672,0.5060476932358984,0.043555701297754976,0.08948152273427248,0.04136654515524396,0.0020734290015327326,0.08354234086617016
Llama-1,Qwen3,Llama,Qwen,2023Q1,2025Q2,0,1,0,1,0.053232239024523065,0.30246452576549665,0.4933008526187576,0.4652459423810756,0.053232239024523065,0.10806654897732376,0.052946765265656504,0.006894339334952958,0.10269613148550995
Llama-1,Qwen3.5,Llama,Qwen,2023Q1,2026Q1,0,1,0,1,0.019708589159605914,0.29369108049311093,0.4933008526187576,0.45548103736644413,0.019708589159605914,0.04006550421497292,0.019506189493012197,-0.025301331846130766,0.06288131407019962
Llama-1,Qwen3.6,Llama,Qwen,2023Q1,2026Q2,0,1,0,1,0.06447400266590537,0.3174835405998537,0.5286236297198539,0.48384372508539025,0.06447400266590537,0.13048738333909438,0.06364785933642443,0.02033317608907344,0.10842083673801158
Llama-2,Llama-3,Llama,Llama,2023Q3,2024Q2,1,0,0,1,0.019174518613438638,0.2698760029175784,0.5433186490455213,0.43548704045319414,0.019174518613438638,0.040552624519359745,0.017799320996134037,-0.023994185941003998,0.06044295220383657
Llama-2,Llama-3.1,Llama,Llama,2023Q3,2024Q3,1,0,0,1,0.06814667589656133,0.28296067848882034,0.5389133627019089,0.44855504885476805,0.06814667589656133,0.14305144819183696,0.06492911056660279,0.02652352487469129,0.11318519803445269
Llama-2,Llama-3.2,Llama,Llama,2023Q3,2024Q3,1,0,0,1,0.08744170571969358,0.2857142857142857,0.5256975036710719,0.4498502813233684,0.08744170571969358,0.18282461486746487,0.08455818425440079,0.043490661191221996,0.12945159836179804
Llama-2,Llama-3.3,Llama,Llama,2023Q3,2024Q4,1,0,0,1,0.0947120958359991,0.28431372549019607,0.5110132158590308,0.44675234004104186,0.0947120958359991,0.19790536898908104,0.09244334764081892,0.05156434070622044,0.13572097969004873
Llama-2,Llama-4,Llama,Llama,2023Q3,2025Q2,1,0,0,1,0.09378952176400733,0.29300864100549884,0.5477239353891337,0.46012053827348853,0.09378952176400733,0.19588451776929575,0.08983804173598224,0.05370321315830622,0.13607100063316663
Llama-2,Ministral-3,Llama,Mistral,2023Q3,2025Q4,0,1,0,1,0.05481840033682471,0.25356842989084805,0.4434654919236417,0.40612093032792396,0.05481840033682471,0.11660664338860349,0.054283489427974556,0.012162278291032022,0.09706457402917412
Llama-2,Mistral-7B,Llama,Mistral,2023Q3,2023Q3,0,1,1,0,0.07399825515267225,0.24062214089661482,0.3896296296296296,0.38790940211287256,0.07399825515267225,0.16147016362472216,0.07399659721641141,0.02678903546359279,0.11936455063743594
Llama-2,Mistral-Large-2,Llama,Mistral,2023Q3,2024Q3,0,1,0,1,0.04972227951896832,0.2559670781893004,0.4566813509544787,0.409976042230963,0.04972227951896832,0.10539601326647273,0.04897665048313893,0.007849717801499944,0.09462844565668231
Llama-2,Mistral-Large-3,Llama,Mistral,2023Q3,2025Q4,0,1,0,1,0.019174560439772465,0.22337662337662337,0.3788546255506608,0.36541856641075576,0.019174560439772465,0.04183392590893451,0.01914472043984315,-0.02282397605662864,0.057855029153769395
Llama-2,Mistral-Medium-3,Llama,Mistral,2023Q3,2025Q2,0,1,0,1,0.042180305860097154,0.2367736339982654,0.4008810572687225,0.38327540807542587,0.042180305860097154,0.0912089701208333,0.0420778202916221,-0.0014760086929053063,0.08948459408107166
Llama-2,Mistral-Medium-3.5,Llama,Mistral,2023Q3,2026Q2,0,1,0,1,0.04887237427722289,0.27617602427921095,0.5345080763582967,0.4408702453343826,0.04887237427722289,0.10289064079239943,0.04630422895096464,0.009500245605945298,0.09480185557271745
Llama-2,Mistral-Small-2,Llama,Mistral,2023Q3,2024Q3,0,1,0,1,0.08242251058312892,0.28378378378378377,0.5242290748898678,0.44763209950249744,0.08242251058312892,0.17250720384559204,0.0796223693646024,0.04059926439269377,0.12836495859787375
Llama-2,Mistral-Small-3,Llama,Mistral,2023Q3,2025Q1,0,1,0,1,0.04815831937034186,0.27054263565891473,0.5124816446402349,0.4320849269670864,0.04815831937034186,0.10134273231135744,0.04622127261043452,0.006692747781612517,0.09384858555970774
Llama-2,Mistral-Small-3.1,Llama,Mistral,2023Q3,2025Q1,0,1,0,1,0.08938777191912191,0.2972560975609756,0.5726872246696035,0.4677116417670323,0.08938777191912191,0.1874116311642449,0.08413537710874858,0.046631444324106756,0.13174515200729459
Llama-2,Mistral-Small-3.2,Llama,Mistral,2023Q3,2025Q2,0,1,0,1,0.02474691294721342,0.21181818181818182,0.35736196319018404,0.349670155931364,0.02474691294721342,0.055327971978702206,0.024733742187745954,-0.02150149579914056,0.06683587153209107
Llama-2,Mistral-Small-4,Llama,Mistral,2023Q3,2026Q1,0,1,0,1,0.0017681514858053655,0.2605839416058394,0.5242290748898678,0.42298875102645067,0.0017681514858053655,0.003735389806000723,0.001649790967345131,-0.04067498783968133,0.03745490977847102
Llama-2,Mixtral-8x22B,Llama,Mistral,2023Q3,2024Q2,0,1,0,1,0.06291990953025244,0.2563451776649746,0.44493392070484583,0.4094878763317018,0.06291990953025244,0.13374135470413875,0.062375996825518705,0.01937759899526204,0.10929188943078852
Llama-2,Mixtral-8x7B,Llama,Mistral,2023Q3,2023Q4,0,1,0,1,0.04815390580390115,0.2759666413949962,0.5345080763582967,0.4406501952855684,0.04815390580390115,0.10138848777019972,0.04560890152082967,0.002890128133973375,0.09403775749828092
Llama-2,Phi-1,Llama,Phi,2023Q3,2023Q2,0,1,0,1,0.06118241553874846,0.2571428571428571,0.44933920704845814,0.4107419552615232,0.06118241553874846,0.1298847823857226,0.06055888244764801,0.015755330713474142,0.1028210454556215
Llama-2,Phi-1.5,Llama,Phi,2023Q3,2023Q3,0,1,1,0,0.09006505505643221,0.2977913175932978,0.5741556534508077,0.46845230970766444,0.09006505505643221,0.1888417050788122,0.08471544279620434,0.05230432104577373,0.1324697589978961
Llama-2,Phi-2,Llama,Phi,2023Q3,2023Q4,0,1,0,1,0.034833573758096543,0.25341914722445696,0.46255506607929514,0.4076028398399414,0.034833573758096543,0.0737661179744544,0.03410102179205496,-0.009763238742375602,0.07939493383838363
Llama-2,Phi-3,Llama,Phi,2023Q3,2024Q2,0,1,0,1,0.04950104043502592,0.27706283118849356,0.5374449339207048,0.4421896153006081,0.04950104043502592,0.10422692917794159,0.046824378140239487,0.004369962014189777,0.09191917744797272
Llama-2,Phi-3.5,Llama,Phi,2023Q3,2024Q3,0,1,0,1,0.039955373862515936,0.2760416666666667,0.5447870778267254,0.4421199215404519,0.039955373862515936,0.08430718234997973,0.03743992655656741,-0.002103444388091174,0.08432300602005059
Llama-2,Phi-4,Llama,Phi,2023Q3,2024Q4,0,1,0,1,0.04133127116368208,0.2909090909090909,0.6108663729809104,0.4670429405224919,0.04133127116368208,0.08869273768666568,0.03670313071482515,-0.00603526807372357,0.09229261147444007
Llama-2,Phi-4-reasoning-plus,Llama,Phi,2023Q3,2025Q2,0,1,0,1,0.05405854260871071,0.28218562874251496,0.55359765051395,0.44970523748762103,0.05405854260871071,0.11393531621010662,0.050690550856853166,0.014056165671650854,0.09948444334037826
Llama-2,Phi-4-reasoning-vision-15B,Llama,Phi,2023Q3,2026Q1,0,1,0,1,0.11084582471426094,0.31065759637188206,0.6035242290748899,0.4853489342591529,0.11084582471426094,0.2323073959170658,0.10316282609914189,0.06556738745235297,0.15033916279610282
Llama-2,Qwen-7B,Llama,Qwen,2023Q3,2023Q3,0,1,1,0,0.05866715989082296,0.27099841521394613,0.5022026431718062,0.43137174929982997,0.05866715989082296,0.12337016390159228,0.05683298870147449,0.019113054266616688,0.1017458239606296
Llama-2,Qwen1.5,Llama,Qwen,2023Q3,2024Q1,0,1,0,1,0.02477458254362646,0.28541810642709053,0.6064610866372981,0.4609136745865419,0.02477458254362646,0.05326775457310395,0.02185316256440958,-0.018687849156185182,0.06890927482923787
Llama-2,Qwen2,Llama,Qwen,2023Q3,2024Q2,0,1,0,1,0.05782927312933406,0.26688102893890675,0.48751835535976507,0.42525850696064066,0.05782927312933406,0.12180459865155684,0.05639391415460865,0.013300086942345373,0.10055273503544793
Llama-2,Qwen2.5,Llama,Qwen,2023Q3,2024Q3,0,1,0,1,0.06853695646616234,0.30028530670470754,0.618208516886931,0.47739238580620713,0.06853695646616234,0.14639199668501746,0.06151164548291479,0.024478124477646895,0.11242204332668253
Llama-2,Qwen3,Llama,Qwen,2023Q3,2025Q2,0,1,0,1,0.04808448768799399,0.265982636148382,0.4948604992657856,0.42506514477790264,0.04808448768799399,0.10128509490531759,0.04658117336127312,0.008117889887275853,0.0895179655858063
Llama-2,Qwen3.5,Llama,Qwen,2023Q3,2026Q1,0,1,0,1,0.07200568643268274,0.2823712948517941,0.5315712187958884,0.4470147678815161,0.07200568643268274,0.15100025463039843,0.06901154324491986,0.028034340848597728,0.11550103326648299
Llama-2,Qwen3.6,Llama,Qwen,2023Q3,2026Q2,0,1,0,1,0.06608516608819506,0.2816358024691358,0.5359765051395007,0.4467929077597427,0.06608516608819506,0.13875470861954353,0.0630220808759887,0.02212120572924705,0.1091551459137079
Llama-3,Llama-3.1,Llama,Llama,2024Q2,2024Q3,1,0,0,1,0.05011752233408243,0.36472945891783565,0.555442522889115,0.5348881186995115,0.05011752233408243,0.10018908135305335,0.04996903158778042,0.010614924408285929,0.09040511096636936
Llama-3,Llama-3.2,Llama,Llama,2024Q2,2024Q3,1,0,0,1,0.10062768902669544,0.3752591568762958,0.5838709677419355,0.5468968509242137,0.10062768902669544,0.20025661626275587,0.09978092013543126,0.05452579324501889,0.1409706889947486
Llama-3,Llama-3.3,Llama,Llama,2024Q2,2024Q4,1,0,0,1,0.04992689040237636,0.3418156808803301,0.5578002244668911,0.5114045693452614,0.04992689040237636,0.10044932520114197,0.0492181135374649,0.0038920554873774914,0.09170331493702678
Llama-3,Llama-4,Llama,Llama,2024Q2,2025Q2,1,0,0,1,0.05122361317077859,0.36088709677419356,0.5564766839378238,0.5309549773708845,0.05122361317077859,0.10244833476346664,0.05099291487875454,0.004197469514562519,0.09581138770283114
Llama-3,Ministral-3,Llama,Mistral,2024Q2,2025Q4,0,1,0,1,0.07474503787340993,0.3323843416370107,0.5751231527093597,0.5033683825979858,0.07474503787340993,0.15189138770857083,0.07246262162803577,0.029397783371696184,0.11657981224627073
Llama-3,Mistral-7B,Llama,Mistral,2024Q2,2023Q3,0,1,0,1,0.08315588151411539,0.296711509715994,0.5881481481481482,0.46933796691061286,0.08315588151411539,0.17556493889892827,0.07699852869053449,0.04058325690318583,0.12428308422789176
Llama-3,Mistral-Large-2,Llama,Mistral,2024Q2,2024Q3,0,1,0,1,0.04897911399689949,0.32937892533147245,0.5585798816568047,0.49872450910600935,0.04897911399689949,0.0991892358116267,0.0478549489745367,0.006735510020592864,0.08875688886147343
Llama-3,Mistral-Large-3,Llama,Mistral,2024Q2,2025Q4,0,1,0,1,0.062473796307945834,0.3042212518195051,0.5710382513661202,0.4745345177725044,0.062473796307945834,0.12969071096758597,0.05912920242500592,0.014883546971289963,0.1086479943731644
Llama-3,Mistral-Medium-3,Llama,Mistral,2024Q2,2025Q2,0,1,0,1,0.045897271408315475,0.3004322766570605,0.5597315436241611,0.4692507613922866,0.045897271408315475,0.09504235069983781,0.043632423914113955,0.0019114904692619373,0.08838186576343222
Llama-3,Mistral-Medium-3.5,Llama,Mistral,2024Q2,2026Q2,0,1,0,1,0.051031965829441625,0.36943521594684386,0.5554445554445554,0.5397651243453925,0.051031965829441625,0.10198198198198198,0.050943056583394986,0.009734184178693478,0.09728925006504077
Llama-3,Mistral-Small-2,Llama,Mistral,2024Q2,2024Q3,0,1,0,1,0.07626338120058494,0.3648186173853525,0.5706638115631691,0.535674333938752,0.07626338120058494,0.15234229283574066,0.0756603848758915,0.03057492934775196,0.12292168076865322
Llama-3,Mistral-Small-3,Llama,Mistral,2024Q2,2025Q1,0,1,0,1,0.06669891466911529,0.3662830060934326,0.5647181628392485,0.5368606562615116,0.06669891466911529,0.13320890889648074,0.06635279096676377,0.02361574876323712,0.10609477943505594
Llama-3,Mistral-Small-3.1,Llama,Mistral,2024Q2,2025Q1,0,1,0,1,0.04382861049047173,0.3708827404479578,0.5514201762977473,0.5411810627636486,0.04382861049047173,0.08765671593933369,0.04379518192923072,0.002465593001988459,0.08732128063366147
Llama-3,Mistral-Small-3.2,Llama,Mistral,2024Q2,2025Q2,0,1,0,1,0.08001662553332854,0.28818660647103084,0.5874233128834356,0.46070406417720294,0.08001662553332854,0.17052830068366182,0.07334848366115514,0.035725356701209535,0.12475429118343855
Llama-3,Mistral-Small-4,Llama,Mistral,2024Q2,2026Q1,0,1,0,1,0.06141554257573472,0.38461538461538464,0.5592734225621415,0.555567831395894,0.06141554257573472,0.1226787395580841,0.06140949019293246,0.019531597423594425,0.10484379533784995
Llama-3,Mixtral-8x22B,Llama,Mistral,2024Q2,2024Q2,0,1,1,0,0.05900879021593073,0.32292405961674947,0.5659203980099502,0.4928677930337217,0.05900879021593073,0.12032079991667535,0.05708863762157037,0.02134056542821281,0.1009594487807022
Llama-3,Mixtral-8x7B,Llama,Mistral,2024Q2,2023Q4,0,1,0,1,0.045962899573735456,0.3673740053050398,0.5528942115768463,0.5375550811738491,0.045962899573735456,0.0918967423526207,0.04588550626075143,0.0014968841162183526,0.08275112947472278
Llama-3,Phi-1,Llama,Phi,2024Q2,2023Q2,0,1,0,1,0.03476158256380558,0.31486676016830295,0.550920245398773,0.4830750461094334,0.03476158256380558,0.07084212800611611,0.03372564533676185,-0.009324986150533624,0.08229117004531779
Llama-3,Phi-1.5,Llama,Phi,2024Q2,2023Q3,0,1,0,1,0.053730991104611464,0.3758256274768824,0.5562072336265884,0.5464136210054708,0.053730991104611464,0.10735852381028656,0.05369409785503995,0.007189250104746656,0.09625627119433249
Llama-3,Phi-2,Llama,Phi,2024Q2,2023Q4,0,1,0,1,0.04681922387075457,0.336783988957902,0.556442417331813,0.5061358416900795,0.04681922387075457,0.09438416267124682,0.04604022315312988,0.0025937411194670926,0.08542900634559697
Llama-3,Phi-3,Llama,Phi,2024Q2,2024Q2,0,1,1,0,0.03770861424209077,0.36459709379128136,0.5487077534791253,0.534548548654259,0.03770861424209077,0.07544537626477238,0.03765355527990088,-0.005525490127489259,0.08545294615261542
Llama-3,Phi-3.5,Llama,Phi,2024Q2,2024Q3,0,1,0,1,0.05809820100396082,0.3803559657218194,0.558027079303675,0.5511408620052646,0.05809820100396082,0.11605415860735009,0.05807848009940279,0.018046878292306924,0.10662146756996185
Llama-3,Phi-4,Llama,Phi,2024Q2,2024Q4,0,1,0,1,0.03971492050097902,0.40113350125944586,0.6009433962264151,0.573222906703224,0.03971492050097902,0.08048778479501346,0.039490960509039406,-0.009290270092746737,0.08078943352271267
Llama-3,Phi-4-reasoning-plus,Llama,Phi,2024Q2,2025Q2,0,1,0,1,0.05621000426254507,0.3790375741595254,0.5571705426356589,0.5497624375586926,0.05621000426254507,0.11230149988986123,0.05618788073100365,0.00760382629357266,0.09653217630350129
Llama-3,Phi-4-reasoning-vision-15B,Llama,Phi,2024Q2,2026Q1,0,1,0,1,0.08007661178540205,0.3947194719471947,0.5679012345679012,0.5660229829586102,0.08007661178540205,0.15956340956340956,0.0800746373467627,0.04315921722210324,0.12118278656938006
Llama-3,Qwen-7B,Llama,Qwen,2024Q2,2023Q3,0,1,0,1,0.07799164432323678,0.3628865979381443,0.5720476706392199,0.53380192964431,0.07799164432323678,0.15589475798353084,0.07726304473333191,0.03733026459922605,0.12028443321126663
Llama-3,Qwen1.5,Llama,Qwen,2024Q2,2024Q1,0,1,0,1,0.026739259819907327,0.3985009369144285,0.6018867924528302,0.5707039041506657,0.026739259819907327,0.05438384306968422,0.02654509431292072,-0.018126973435173298,0.06642386019884729
Llama-3,Qwen2,Llama,Qwen,2024Q2,2024Q2,0,1,1,0,0.08794369881296786,0.360473208072373,0.5787709497206703,0.5318207883312134,0.08794369881296786,0.17601942060778114,0.08675345324455921,0.04427483722483883,0.13118963098609748
Llama-3,Qwen2.5,Llama,Qwen,2024Q2,2024Q3,0,1,0,1,0.0723420794934289,0.41063420884048685,0.6047169811320755,0.582602098946378,0.0723420794934289,0.14548622277221676,0.07209424294993343,0.031475849769873394,0.11293076534285527
Llama-3,Qwen3,Llama,Qwen,2024Q2,2025Q2,0,1,0,1,0.03980970043914766,0.34531886024423336,0.551462621885157,0.5145931480851397,0.03980970043914766,0.07990351882028364,0.03943779737612219,-0.0037828356533721194,0.08108738003319294
Llama-3,Qwen3.5,Llama,Qwen,2024Q2,2026Q1,0,1,0,1,0.08342732722979093,0.3752549286199864,0.573208722741433,0.5463525841270737,0.08342732722979093,0.16617544868569237,0.08303566083295082,0.0428147167698971,0.12671528585006603
Llama-3,Qwen3.6,Llama,Qwen,2024Q2,2026Q2,0,1,0,1,0.07735480883030482,0.3765182186234818,0.5693877551020409,0.5474799620240606,0.07735480883030482,0.1541262717413873,0.07710747103475835,0.03334308506708103,0.11602269106292894
Llama-3.1,Llama-3.2,Llama,Llama,2024Q3,2024Q3,1,0,1,0,0.029887623076091382,0.3275503122831367,0.5075268817204301,0.49365525609872657,0.029887623076091382,0.059873143651357943,0.029845516164235333,-0.01058134304725157,0.07477625499697323
Llama-3.1,Llama-3.3,Llama,Llama,2024Q3,2024Q4,1,0,0,1,0.09271272374920468,0.34820143884892085,0.5432098765432098,0.5171657443883758,0.09271272374920468,0.18491049157892414,0.09231806537514012,0.04406102947364678,0.13897355274459355
Llama-3.1,Llama-4,Llama,Llama,2024Q3,2025Q2,1,0,0,1,0.06545455627258845,0.3518390006939625,0.5253886010362694,0.5205561044785242,0.06545455627258845,0.1304392915334619,0.06544393914379071,0.015767386377739716,0.1042528185111559
Llama-3.1,Ministral-3,Llama,Mistral,2024Q3,2025Q4,0,1,0,1,0.04867890129066173,0.30830903790087466,0.520935960591133,0.4734625075042982,0.04867890129066173,0.09887400617186919,0.047957271439520666,0.007472374379708837,0.08981364912625979
Llama-3.1,Mistral-7B,Llama,Mistral,2024Q3,2023Q3,0,1,0,1,0.09145206361140283,0.2922837100545596,0.5555555555555556,0.4603653435871639,0.09145206361140283,0.19162373275718797,0.08695542874380963,0.044461358392404976,0.13805608980850823
Llama-3.1,Mistral-Large-2,Llama,Mistral,2024Q3,2024Q3,0,1,1,0,0.05605040077808959,0.31985559566787003,0.5242603550295858,0.4860697709757998,0.05605040077808959,0.11309943312394669,0.05551127220225304,0.009345438627969473,0.10156657524881207
Llama-3.1,Mistral-Large-3,Llama,Mistral,2024Q3,2025Q4,0,1,0,1,0.04406196926271819,0.2856071964017991,0.5204918032786885,0.4491513157326772,0.04406196926271819,0.09126799814212726,0.04263825991215973,-0.0020656921271299065,0.08544312912400506
Llama-3.1,Mistral-Medium-3,Llama,Mistral,2024Q3,2025Q2,0,1,0,1,0.024477624835710567,0.28,0.5073825503355704,0.441709667477033,0.024477624835710567,0.05059488813109987,0.02376803442925085,-0.016429314772478075,0.06817172148996473
Llama-3.1,Mistral-Medium-3.5,Llama,Mistral,2024Q3,2026Q2,0,1,0,1,0.09203034535438538,0.37206085753803597,0.5473041709053916,0.5423610314713273,0.09203034535438538,0.18254190248905447,0.09201543573759258,0.042835290140463216,0.13867249387508335
Llama-3.1,Mistral-Small-2,Llama,Mistral,2024Q3,2024Q3,0,1,1,0,0.04197557526273785,0.33402922755741127,0.5139186295503212,0.5009461467028096,0.04197557526273785,0.08399083838412201,0.04192503989476178,-0.0026922178035528655,0.08929320527028793
Llama-3.1,Mistral-Small-3,Llama,Mistral,2024Q3,2025Q1,0,1,0,1,0.03832535140662931,0.33769813921433495,0.511482254697286,0.5049362688567627,0.03832535140662931,0.07661275798724922,0.03831335573599533,-0.007118049066305292,0.07880497379387033
Llama-3.1,Mistral-Small-3.1,Llama,Mistral,2024Q3,2025Q1,0,1,0,1,0.05037538716185131,0.35680433310765064,0.5361139369277721,0.5260426843331136,0.05037538716185131,0.10053605118939477,0.05033902896665899,0.006267728671322128,0.09570386865243481
Llama-3.1,Mistral-Small-3.2,Llama,Mistral,2024Q3,2025Q2,0,1,0,1,0.07156702610540681,0.27634660421545665,0.5429447852760736,0.4421836754516624,0.07156702610540681,0.1517847445968939,0.06748323079337352,0.02649603598992966,0.11253963005704767
Llama-3.1,Mistral-Small-4,Llama,Mistral,2024Q3,2026Q1,0,1,0,1,0.06986604310292005,0.37094594594594593,0.5584944048830112,0.541414326134579,0.06986604310292005,0.1392359600780561,0.06972747311602316,0.027088919112406146,0.11600696262034803
Llama-3.1,Mixtral-8x22B,Llama,Mistral,2024Q3,2024Q2,0,1,0,1,0.10165409866214553,0.3315946348733234,0.5534825870646766,0.5005589462197959,0.10165409866214553,0.2050984459370473,0.10000120401176729,0.056459753104239105,0.14594892246157584
Llama-3.1,Mixtral-8x7B,Llama,Mistral,2024Q3,2023Q4,0,1,0,1,0.08504646017002877,0.3689655172413793,0.5442522889114955,0.5390675161736819,0.08504646017002877,0.16889720457786622,0.08503110894229592,0.043578152217678,0.1250193607953975
Llama-3.1,Phi-1,Llama,Phi,2024Q3,2023Q2,0,1,0,1,0.07210996544558344,0.3201174743024963,0.5349693251533743,0.48711435252753804,0.07210996544558344,0.1459480391611618,0.07107854201463613,0.02935943510451913,0.11552578930205774
Llama-3.1,Phi-1.5,Llama,Phi,2024Q3,2023Q3,0,1,0,1,0.072420620555449,0.3674164962508521,0.5483214649033571,0.5374947039525484,0.072420620555449,0.1441526296190831,0.07236270618188298,0.028450652783060044,0.11518254721914985
Llama-3.1,Phi-2,Llama,Phi,2024Q3,2023Q4,0,1,0,1,0.05634492618231456,0.32762312633832974,0.5233751425313569,0.4943518115191666,0.05634492618231456,0.11318229943741864,0.05602615068107412,0.011467127783262473,0.1031698318448113
Llama-3.1,Phi-3,Llama,Phi,2024Q3,2024Q2,0,1,0,1,0.03910835542071756,0.34847457627118644,0.5228891149542217,0.5168771932375573,0.03910835542071756,0.07811057974662304,0.039098012002775684,-0.003062363314042863,0.07798830067439728
Llama-3.1,Phi-3.5,Llama,Phi,2024Q3,2024Q3,0,1,1,0,0.06362397430393744,0.36560595802301965,0.5493387589013224,0.5356199338580905,0.06362397430393744,0.1268358662735256,0.06354127314412261,0.01646497496667589,0.10673780604952005
Llama-3.1,Phi-4,Llama,Phi,2024Q3,2024Q4,0,1,0,1,0.06774317268344925,0.39299610894941633,0.6164801627670397,0.5662821894984853,0.06774317268344925,0.13681390809988306,0.06661813612816052,0.024737035733904005,0.11240106325028504
Llama-3.1,Phi-4-reasoning-plus,Llama,Phi,2024Q3,2025Q2,0,1,0,1,0.04757523635744578,0.3578167115902965,0.5401831129196337,0.5272030493027463,0.04757523635744578,0.09500287742183004,0.04751815012633119,0.004994551901549851,0.09520762591102067
Llama-3.1,Phi-4-reasoning-vision-15B,Llama,Phi,2024Q3,2026Q1,0,1,0,1,0.07101105257648738,0.3728927848954821,0.5625635808748728,0.5435433500944642,0.07101105257648738,0.14154693242776517,0.07083717570469017,0.028295263575182396,0.11807015366567238
Llama-3.1,Qwen-7B,Llama,Qwen,2024Q3,2023Q3,0,1,0,1,0.056868029528111035,0.33848314606741575,0.5222101841820151,0.5060220349684214,0.056868029528111035,0.11370651840352365,0.05676530578527297,0.01433086713240109,0.10163282521489465
Llama-3.1,Qwen1.5,Llama,Qwen,2024Q3,2024Q1,0,1,0,1,0.0945840679299997,0.4075520833333333,0.6368260427263479,0.5814878861909748,0.0945840679299997,0.19070682640376319,0.09276072910134471,0.0519643764058165,0.1357932262831194
Llama-3.1,Qwen2,Llama,Qwen,2024Q3,2024Q2,0,1,0,1,0.09072957183995073,0.34816941852117733,0.5418994413407822,0.5170749064214409,0.09072957183995073,0.18094569523140952,0.09037632173429587,0.046584347358189095,0.13466010145838128
Llama-3.1,Qwen2.5,Llama,Qwen,2024Q3,2024Q3,0,1,1,0,0.07417626409853405,0.39161755075311067,0.6083418107833164,0.5644056766353737,0.07417626409853405,0.1491263350761943,0.0732372053861977,0.03251384858025935,0.12139696130885755
Llama-3.1,Qwen3,Llama,Qwen,2024Q3,2025Q2,0,1,0,1,0.05486178410897533,0.3375438596491228,0.5211267605633803,0.5049721967215989,0.05486178410897533,0.10972015752549358,0.054762684353819195,0.007059399554870868,0.09420713802068541
Llama-3.1,Qwen3.5,Llama,Qwen,2024Q3,2026Q1,0,1,0,1,0.07743520508443594,0.35704323570432356,0.5316718587746625,0.5262353983714058,0.07743520508443594,0.15406012986521656,0.07741969698940641,0.030539866136946803,0.12086745873261541
Llama-3.1,Qwen3.6,Llama,Qwen,2024Q3,2026Q2,0,1,0,1,0.06668297238672273,0.35566298342541436,0.5255102040816326,0.5247076937573331,0.06668297238672273,0.13281530185295876,0.06668267210851683,0.02101043708216574,0.11071662778732598
Llama-3.2,Llama-3.3,Llama,Llama,2024Q3,2024Q4,1,0,0,1,0.057855794472486614,0.3214804063860668,0.49719416386083054,0.4866574766296249,0.057855794472486614,0.11619899457589494,0.05781109868295084,0.018915980426326535,0.09729948045893924
Llama-3.2,Llama-4,Llama,Llama,2024Q3,2025Q2,1,0,0,1,0.05872995995512278,0.33733239237826396,0.513978494623656,0.5045715572683982,0.05872995995512278,0.11738218677701194,0.05869379980953324,0.0147655385620689,0.10384020842117848
Llama-3.2,Ministral-3,Llama,Mistral,2024Q3,2025Q4,0,1,0,1,0.07638607250706464,0.31273549359457425,0.5110837438423645,0.47756073046733644,0.07638607250706464,0.1547080103359173,0.07583802845446072,0.03515827883332082,0.12062216234045696
Llama-3.2,Mistral-7B,Llama,Mistral,2024Q3,2023Q3,0,1,0,1,0.06386513912317228,0.2727993655828707,0.5096296296296297,0.4341752688466451,0.06386513912317228,0.13443199414523563,0.06165259657201322,0.0202660945283134,0.1036603223364829
Llama-3.2,Mistral-Large-2,Llama,Mistral,2024Q3,2024Q3,0,1,1,0,0.08335945336728634,0.32363907531692765,0.5136094674556213,0.48957575322513325,0.08335945336728634,0.1677002911023921,0.08305110448364753,0.03645024187260921,0.12330079868686757
Llama-3.2,Mistral-Large-3,Llama,Mistral,2024Q3,2025Q4,0,1,0,1,0.05539741711593423,0.2833976833976834,0.5013661202185792,0.4448043742051813,0.05539741711593423,0.11468453137453417,0.054257877787289514,0.01165997288571514,0.09610610357654337
Llama-3.2,Mistral-Medium-3,Llama,Mistral,2024Q3,2025Q2,0,1,0,1,0.08620429236339074,0.3014763014763015,0.5208053691275167,0.46613543098877713,0.08620429236339074,0.176862963640463,0.08466120246398214,0.04029337923141161,0.13538305112913834
Llama-3.2,Mistral-Medium-3.5,Llama,Mistral,2024Q3,2026Q2,0,1,0,1,0.0772595568945057,0.35318850735809393,0.5419354838709678,0.5223625381377555,0.0772595568945057,0.15398170680540404,0.07706460547761654,0.03770544418198053,0.1231143563051925
Llama-3.2,Mistral-Small-2,Llama,Mistral,2024Q3,2024Q3,0,1,1,0,0.07171188527013035,0.33715925394548063,0.5053763440860215,0.5042930066256222,0.07171188527013035,0.1432585397182194,0.0717113062348048,0.030598728032653025,0.11442682423109062
Llama-3.2,Mistral-Small-3,Llama,Mistral,2024Q3,2025Q1,0,1,0,1,0.057250830381294214,0.3352192362093352,0.5096774193548387,0.5021738721651889,0.057250830381294214,0.11447073834228075,0.057228251058110954,0.014285382879611407,0.10625418087576843
Llama-3.2,Mistral-Small-3.1,Llama,Mistral,2024Q3,2025Q1,0,1,0,1,0.09071247371591672,0.363382250174703,0.5591397849462365,0.5336407652888813,0.09071247371591672,0.18047437610963712,0.09033720430966474,0.045542036274698335,0.1311701568190261
Llama-3.2,Mistral-Small-3.2,Llama,Mistral,2024Q3,2025Q2,0,1,0,1,0.05521843917020562,0.26256983240223464,0.504601226993865,0.42250380628301576,0.05521843917020562,0.1173940520953156,0.052929359189865244,0.010477513304259603,0.10004634439769736
Llama-3.2,Mistral-Small-4,Llama,Mistral,2024Q3,2026Q1,0,1,0,1,0.04939331978813118,0.3488054607508532,0.5494623655913978,0.5180999896271272,0.04939331978813118,0.0989247311827957,0.049062020294651267,0.006152212390603726,0.08577250587889314
Llama-3.2,Mixtral-8x22B,Llama,Mistral,2024Q3,2024Q2,0,1,0,1,0.04526688760030846,0.29596412556053814,0.4925373134328358,0.45795803925664214,0.04526688760030846,0.09224538773061347,0.04489597274607626,-0.0013824030520799833,0.08583163423835267
Llama-3.2,Mixtral-8x7B,Llama,Mistral,2024Q3,2023Q4,0,1,0,1,0.048258474735075114,0.33980582524271846,0.5268817204301075,0.5075989849789393,0.048258474735075114,0.09653098054942852,0.04813326134341199,0.007643740831004747,0.09257319375626169
Llama-3.2,Phi-1,Llama,Phi,2024Q3,2023Q2,0,1,0,1,0.04901421475953231,0.30029806259314457,0.49447852760736194,0.46289742776327547,0.04901421475953231,0.09962720143977374,0.04868041132668044,0.009274887751622461,0.09368381291400882
Llama-3.2,Phi-1.5,Llama,Phi,2024Q3,2023Q3,0,1,0,1,0.028687942118136463,0.3349282296650718,0.5268817204301075,0.5023620093874627,0.028687942118136463,0.05749020395860545,0.028564011940775267,-0.01393345098115047,0.07303390071995661
Llama-3.2,Phi-2,Llama,Phi,2024Q3,2023Q4,0,1,0,1,0.06100170752088194,0.31994156318480643,0.49942987457240595,0.4849900620450773,0.06100170752088194,0.12265266082548348,0.06091447361784963,0.018655283394945918,0.10169881447508605
Llama-3.2,Phi-3,Llama,Phi,2024Q3,2024Q2,0,1,0,1,0.07861425303891745,0.3547935619314206,0.5451612903225806,0.5241643678147424,0.07861425303891745,0.1566601541430438,0.0783870774274805,0.03216739987859603,0.12321806232286003
Llama-3.2,Phi-3.5,Llama,Phi,2024Q3,2024Q3,0,1,1,0,0.06457564855651954,0.35354927636113026,0.5516129032258065,0.5231372215466438,0.06457564855651954,0.12904544853215313,0.06422713940820857,0.019526375297983598,0.10830197131962781
Llama-3.2,Phi-4,Llama,Phi,2024Q3,2024Q4,0,1,0,1,0.06357520225414293,0.3764783180026281,0.6161290322580645,0.5504909517594162,0.06357520225414293,0.12890581529064088,0.06183579654984913,0.02080376633295025,0.1052325786363806
Llama-3.2,Phi-4-reasoning-plus,Llama,Phi,2024Q3,2025Q2,0,1,0,1,0.04637745738082862,0.3447566826593557,0.5408602150537635,0.5134364088211338,0.04637745738082862,0.092850286944334,0.046136653895274646,0.006223792122633587,0.09109640680400719
Llama-3.2,Phi-4-reasoning-vision-15B,Llama,Phi,2024Q3,2026Q1,0,1,0,1,0.10310748436842425,0.3751733703190014,0.5817204301075268,0.5466905983645085,0.10310748436842425,0.2049911584964255,0.10233035438523078,0.0623512145919107,0.14721549245097856
Llama-3.2,Qwen-7B,Llama,Qwen,2024Q3,2023Q3,0,1,0,1,0.04988008234367531,0.32451751250893496,0.49187432286023836,0.4900196864363851,0.04988008234367531,0.10000040314615258,0.049878846985250434,0.004505984733152075,0.094144083281287
Llama-3.2,Qwen1.5,Llama,Qwen,2024Q3,2024Q1,0,1,0,1,0.015823757237143132,0.3580167417900837,0.5978494623655914,0.5309778623538013,0.015823757237143132,0.03225109753413051,0.015337817151096693,-0.028559440428892535,0.0557211433479092
Llama-3.2,Qwen2,Llama,Qwen,2024Q3,2024Q2,0,1,0,1,0.06012906189163283,0.32342277012327775,0.4983240223463687,0.48885703207933895,0.06012906189163283,0.1206800975961091,0.060091673802447974,0.020258365348258138,0.10185001625978288
Llama-3.2,Qwen2.5,Llama,Qwen,2024Q3,2024Q3,0,1,1,0,0.07488061234492362,0.3776595744680851,0.610752688172043,0.5511550734210143,0.07488061234492362,0.15104715678343505,0.07321227003584373,0.030296541589915287,0.11693069423667196
Llama-3.2,Qwen3,Llama,Qwen,2024Q3,2025Q2,0,1,0,1,0.07602162922808486,0.33694083694083693,0.5059588299024919,0.5040510871493212,0.07602162922808486,0.1518681733639172,0.0760197464332753,0.03215836875625546,0.11844224391228299
Llama-3.2,Qwen3.5,Llama,Qwen,2024Q3,2026Q1,0,1,0,1,0.06461262930172508,0.33970276008492567,0.5161290322580645,0.5072086127289732,0.06461262930172508,0.12904970848109634,0.06457725509068474,0.020875168058655635,0.10682887329913114
Llama-3.2,Qwen3.6,Llama,Qwen,2024Q3,2026Q2,0,1,0,1,0.03469202190566839,0.3291579679888657,0.5086021505376344,0.4954577528935722,0.03469202190566839,0.06947819067546455,0.034648507911075474,-0.007995449241888362,0.07844228325569395
Llama-3.3,Llama-4,Llama,Llama,2024Q4,2025Q2,1,0,0,1,0.05454320088246644,0.32666190135811296,0.5129068462401796,0.49284878628936857,0.05454320088246644,0.109436126746767,0.05439250741579139,0.012116131709763814,0.09470966950736905
Llama-3.3,Ministral-3,Llama,Mistral,2024Q4,2025Q4,0,1,0,1,0.06197577099178394,0.2990083905415713,0.4827586206896552,0.4608601961963058,0.06197577099178394,0.12614558402895337,0.06177387014705342,0.01576392729557066,0.10586129541330859
Llama-3.3,Mistral-7B,Llama,Mistral,2024Q4,2023Q3,0,1,0,1,0.10060322415699265,0.2857142857142857,0.5155555555555555,0.44873351313024334,0.10060322415699265,0.2103082742379869,0.09804836326879698,0.057656453608943524,0.1451955900615329
Llama-3.3,Mistral-Large-2,Llama,Mistral,2024Q4,2024Q3,0,1,0,1,0.06629646493754027,0.3082140165787491,0.4840236686390533,0.4713636645255829,0.06629646493754027,0.13412400676542874,0.06622385197918837,0.019439916145179932,0.10906315687646219
Llama-3.3,Mistral-Large-3,Llama,Mistral,2024Q4,2025Q4,0,1,0,1,0.02066246397068065,0.26107226107226106,0.45901639344262296,0.41604938544586023,0.02066246397068065,0.04307845032524361,0.02038344108085382,-0.021602615490378944,0.06350732575181703
Llama-3.3,Mistral-Medium-3,Llama,Mistral,2024Q4,2025Q2,0,1,0,1,0.043909579714944455,0.2751363990646921,0.4738255033557047,0.4332690999849344,0.043909579714944455,0.0909596398252575,0.043411626148806115,-0.0019177781946654415,0.08293105948662068
Llama-3.3,Mistral-Medium-3.5,Llama,Mistral,2024Q4,2026Q2,0,1,0,1,0.10070910008777638,0.3553008595988539,0.5566778900112234,0.5252012919334055,0.10070910008777638,0.2005955207700893,0.1000980893082655,0.05649197835697603,0.14562528974149133
Llama-3.3,Mistral-Small-2,Llama,Mistral,2024Q4,2024Q3,0,1,0,1,0.03609933002150196,0.3120057512580877,0.48709315375982043,0.47574851283468383,0.03609933002150196,0.07265739459340999,0.03606545488242416,-0.006934531719120342,0.07759151148569102
Llama-3.3,Mistral-Small-3,Llama,Mistral,2024Q4,2025Q1,0,1,0,1,0.08701679303672698,0.34082668600435095,0.5274971941638609,0.5087170005989038,0.08701679303672698,0.17377613518915463,0.08681945948552473,0.04332259807392221,0.13222218789277743
Llama-3.3,Mistral-Small-3.1,Llama,Mistral,2024Q4,2025Q1,0,1,0,1,0.044564294178144066,0.33240418118466897,0.5353535353535354,0.5001112866981664,0.044564294178144066,0.08952318579563026,0.04418785400218901,0.002443967576610332,0.09118532726816349
Llama-3.3,Mistral-Small-3.2,Llama,Mistral,2024Q4,2025Q2,0,1,0,1,0.05050709333294274,0.2554922701383238,0.4815950920245399,0.411971334384235,0.05050709333294274,0.10767752562225476,0.04892377669769693,0.0032026013083435237,0.08743864806206829
Llama-3.3,Mistral-Small-4,Llama,Mistral,2024Q4,2026Q1,0,1,0,1,0.03022589876854936,0.33035714285714285,0.5398428731762065,0.4982420549425165,0.03022589876854936,0.06084157352112448,0.029864260597364686,-0.014004015023879064,0.07296480212102685
Llama-3.3,Mixtral-8x22B,Llama,Mistral,2024Q4,2024Q2,0,1,0,1,0.06323189642626602,0.29785604900459417,0.48383084577114427,0.4596028625360976,0.06323189642626602,0.12886580694799873,0.06298153756861594,0.023547519771105703,0.10872658546954062
Llama-3.3,Mixtral-8x7B,Llama,Mistral,2024Q4,2023Q4,0,1,0,1,0.07164502141203347,0.3416017009213324,0.5409652076318743,0.5101223191721064,0.07164502141203347,0.14341754971021672,0.07120247785982656,0.03060572519474659,0.11667379341225391
Llama-3.3,Phi-1,Llama,Phi,2024Q4,2023Q2,0,1,0,1,0.04896696349209274,0.2934040940106141,0.47484662576687114,0.45414371538310905,0.04896696349209274,0.09981033220033426,0.048819444090076464,0.008637370768783218,0.09609939179649755
Llama-3.3,Phi-1.5,Llama,Phi,2024Q4,2023Q3,0,1,0,1,0.08302350660288149,0.3507410021171489,0.5578002244668911,0.520570699273759,0.08302350660288149,0.16601173050030685,0.0823006722147577,0.03872117147739191,0.1226280376754033
Llama-3.3,Phi-2,Llama,Phi,2024Q4,2023Q4,0,1,0,1,0.05331306419778116,0.30866025166543304,0.475484606613455,0.4717342469316624,0.05331306419778116,0.10762411674064251,0.05330769628408078,0.009748941714034686,0.09731964374070003
Llama-3.3,Phi-3,Llama,Phi,2024Q4,2024Q2,0,1,0,1,0.05196454758215817,0.33309908643710473,0.531986531986532,0.500657238178748,0.05196454758215817,0.10427946751941083,0.05162024036280271,0.009349096961830745,0.09566239528647459
Llama-3.3,Phi-3.5,Llama,Phi,2024Q4,2024Q3,0,1,0,1,0.026881616867725718,0.326671261199173,0.531986531986532,0.49383199063299804,0.026881616867725718,0.05408853945145885,0.026607393001536205,-0.021139288692185097,0.07226542393653784
Llama-3.3,Phi-4,Llama,Phi,2024Q4,2024Q4,0,1,1,0,0.07954268578125955,0.3724966622162884,0.6262626262626263,0.5476869390653623,0.07954268578125955,0.16171173693148946,0.07660721916334728,0.032536841601907625,0.1165118154418001
Llama-3.3,Phi-4-reasoning-plus,Llama,Phi,2024Q4,2025Q2,0,1,0,1,0.05484268575273709,0.33913649025069637,0.5465768799102132,0.5078673113389185,0.05484268575273709,0.11011057941024315,0.054298606460665186,0.014273138045163548,0.09743990052262747
Llama-3.3,Phi-4-reasoning-vision-15B,Llama,Phi,2024Q4,2026Q1,0,1,0,1,0.046116201439769994,0.33884297520661155,0.5521885521885522,0.5079395912635662,0.046116201439769994,0.09276833753837736,0.04551406524507924,0.002054905190230924,0.0850261708528931
Llama-3.3,Qwen-7B,Llama,Qwen,2024Q4,2023Q3,0,1,0,1,0.06417879896116091,0.32312180889861414,0.49719416386083054,0.48849938769377355,0.06417879896116091,0.12884074322394554,0.06414537210810328,0.016486827116687468,0.10449953403147845
Llama-3.3,Qwen1.5,Llama,Qwen,2024Q4,2024Q1,0,1,0,1,0.054715448168715736,0.36363636363636365,0.6195286195286195,0.5385714446576952,0.054715448168715736,0.11180338349870565,0.05248692755644615,0.010212861207766233,0.1007432360164926
Llama-3.3,Qwen2,Llama,Qwen,2024Q4,2024Q2,0,1,0,1,0.05721023411199369,0.3142016188373804,0.4792368125701459,0.47816469307828513,0.05721023411199369,0.11521638596827195,0.057209765769228954,0.01429615251566152,0.10147115067556668
Llama-3.3,Qwen2.5,Llama,Qwen,2024Q4,2024Q3,0,1,0,1,0.05536557751530086,0.3580494321977288,0.6015712682379349,0.5313649276329123,0.05536557751530086,0.1123864850702854,0.053647641800216174,0.012374663354669538,0.0977694280026106
Llama-3.3,Qwen3,Llama,Qwen,2024Q4,2025Q2,0,1,0,1,0.0439990077554254,0.31354091238233167,0.48597081930415265,0.47747231347946717,0.0439990077554254,0.08855166139706405,0.04397609133457101,0.0008474603277720244,0.08839315319952404
Llama-3.3,Qwen3.5,Llama,Qwen,2024Q4,2026Q1,0,1,0,1,0.0321806442394684,0.3158268275372605,0.4994388327721661,0.4804055492804529,0.0321806442394684,0.06470751361778702,0.03209644496253398,-0.012047789364271526,0.07942982323318433
Llama-3.3,Qwen3.6,Llama,Qwen,2024Q4,2026Q2,0,1,0,1,0.07125874569881038,0.33738384560400286,0.5297418630751964,0.5051148175915083,0.07125874569881038,0.1426315747073656,0.0709747249002825,0.02846962899811431,0.11240759776758272
Llama-4,Ministral-3,Llama,Mistral,2025Q2,2025Q4,0,1,0,1,0.05951706221516206,0.31047197640117996,0.5184729064039408,0.47559844341014673,0.05951706221516206,0.12074538885719718,0.058806949729218176,0.01842284571171294,0.10210972994035585
Llama-4,Mistral-7B,Llama,Mistral,2025Q2,2023Q3,0,1,0,1,0.04509939696713606,0.26836813611755606,0.5140740740740741,0.42994601866695853,0.04509939696713606,0.09513808134668651,0.04311543810848414,-5.693765754898747e-05,0.08946128745377455
Llama-4,Mistral-Large-2,Llama,Mistral,2025Q2,2024Q3,0,1,0,1,0.0654050431758317,0.32116788321167883,0.5207100591715976,0.48725989281450094,0.0654050431758317,0.13183279742765272,0.06492723022396506,0.020275965146465492,0.11179683144519827
Llama-4,Mistral-Large-3,Llama,Mistral,2025Q2,2025Q4,0,1,0,1,0.05569007602648286,0.2885345482156416,0.5191256830601093,0.4521311190017603,0.05569007602648286,0.11519786877497529,0.05412771799479114,0.013100343614527018,0.09905729746964764
Llama-4,Mistral-Medium-3,Llama,Mistral,2025Q2,2025Q2,0,1,1,0,0.05906253582934462,0.2934947049924357,0.5208053691275167,0.45760412696682934,0.05906253582934462,0.12168134517847663,0.05758898166132734,0.00893411323474684,0.10061495842500913
Llama-4,Mistral-Medium-3.5,Llama,Mistral,2025Q2,2026Q2,0,1,0,1,0.0520669267827771,0.34934797529169526,0.5274611398963731,0.5178894772985423,0.0520669267827771,0.10391641154373836,0.052033178838740694,0.006762066844386498,0.0970343559492828
Llama-4,Mistral-Small-2,Llama,Mistral,2025Q2,2024Q3,0,1,0,1,0.06487110252682822,0.3411016949152542,0.5171306209850107,0.5087565761928199,0.06487110252682822,0.12952143740965133,0.06483977989154939,0.02425870682024271,0.10627971426492712
Llama-4,Mistral-Small-3,Llama,Mistral,2025Q2,2025Q1,0,1,0,1,0.03758617390388896,0.33356449375866853,0.5020876826722338,0.5002633248210174,0.03758617390388896,0.0751703500739085,0.03758525031796726,-0.0068878834723261435,0.08219174345162655
Llama-4,Mistral-Small-3.1,Llama,Mistral,2025Q2,2025Q1,0,1,0,1,0.05277896893962133,0.3537832310838446,0.5378238341968912,0.5228665151847611,0.05277896893962133,0.10536063566018473,0.05269626824284159,0.0068916497148052615,0.1002621230034989
Llama-4,Mistral-Small-3.2,Llama,Mistral,2025Q2,2025Q2,0,1,1,0,0.07558808571695845,0.27624309392265195,0.5368098159509203,0.4412458053144388,0.07558808571695845,0.16012480781405444,0.07169322346176418,0.03631494557745025,0.1175166697059926
Llama-4,Mistral-Small-4,Llama,Mistral,2025Q2,2026Q1,0,1,0,1,0.04067795656988686,0.3532974427994616,0.5440414507772021,0.5225523491556232,0.04067795656988686,0.08136808992366107,0.040544722995976404,-0.0062023084431446105,0.0846724887089597
Llama-4,Mixtral-8x22B,Llama,Mistral,2025Q2,2024Q2,0,1,0,1,0.038918244570687835,0.2988252569750367,0.5062189054726368,0.46206463281539084,0.038918244570687835,0.07926150060682638,0.038403447650884916,-0.005320500931938706,0.08280269156999247
Llama-4,Mixtral-8x7B,Llama,Mistral,2025Q2,2023Q4,0,1,0,1,0.07311494276605324,0.359364201796821,0.538860103626943,0.5288175091371977,0.07311494276605324,0.14554327258241212,0.07306488545801791,0.032955057426717796,0.11705094067060584
Llama-4,Phi-1,Llama,Phi,2025Q2,2023Q2,0,1,0,1,0.05653491663543206,0.30978660779985284,0.5165644171779141,0.4747223018431468,0.05653491663543206,0.11467439905658235,0.05588686746684789,0.013811764878924252,0.10099431198831386
Llama-4,Phi-1.5,Llama,Phi,2025Q2,2023Q3,0,1,0,1,0.09688997838307387,0.3748271092669433,0.5616580310880829,0.545503841153602,0.09688997838307387,0.19217598281622533,0.09672713465660147,0.051718846975569006,0.13998213548336444
Llama-4,Phi-2,Llama,Phi,2025Q2,2023Q4,0,1,0,1,0.0985028578592071,0.3445255474452555,0.5381984036488028,0.5130722727042069,0.0985028578592071,0.19655952919873246,0.09811739538714173,0.05315565361792765,0.14673538576500914
Llama-4,Phi-3,Llama,Phi,2025Q2,2024Q2,0,1,0,1,0.09727134678431193,0.37160751565762007,0.5533678756476684,0.5419741962670722,0.09727134678431193,0.1928486690446244,0.09718959018606094,0.05331102333777888,0.14190053484616177
Llama-4,Phi-3.5,Llama,Phi,2025Q2,2024Q3,0,1,0,1,0.03823551940863802,0.349763673193788,0.5367875647668394,0.5185681433459369,0.03823551940863802,0.07645737486336172,0.03814460791657922,-0.0078035278899407584,0.08086376609047419
Llama-4,Phi-4,Llama,Phi,2025Q2,2024Q4,0,1,0,1,0.050497658000085786,0.38042773817239145,0.6082901554404145,0.5536196314676458,0.050497658000085786,0.10226135763637073,0.04948919987074646,0.009725534412996298,0.09555292243060726
Llama-4,Phi-4-reasoning-plus,Llama,Phi,2025Q2,2025Q2,0,1,1,0,0.048174172100086024,0.3538983050847458,0.5409326424870466,0.523078654188149,0.048174172100086024,0.09624384975399015,0.04806616589419844,0.0035297373385919915,0.09141875648721907
Llama-4,Phi-4-reasoning-vision-15B,Llama,Phi,2025Q2,2026Q1,0,1,0,1,0.07200024712567667,0.36906377204884666,0.5637305699481865,0.539661029387799,0.07200024712567667,0.14358565482292335,0.07172195577204298,0.030705094595631467,0.11741767045160523
Llama-4,Qwen-7B,Llama,Qwen,2025Q2,2023Q3,0,1,0,1,0.043460579133137375,0.3286418015482055,0.5059588299024919,0.494825843194056,0.043460579133137375,0.08704855059791228,0.04342202235023403,0.000856887934518372,0.08734405792010404
Llama-4,Qwen1.5,Llama,Qwen,2025Q2,2024Q1,0,1,0,1,0.08163265044001013,0.396742671009772,0.6310880829015544,0.5709482332585927,0.08163265044001013,0.1651186472058506,0.07976527057981747,0.03846812629105179,0.12235022924373372
Llama-4,Qwen2,Llama,Qwen,2025Q2,2024Q2,0,1,0,1,0.0808210048965305,0.3400576368876081,0.5273743016759777,0.5078866814893461,0.0808210048965305,0.1614887726853276,0.08062128321581812,0.03724929723422468,0.12318499582379697
Llama-4,Qwen2.5,Llama,Qwen,2025Q2,2024Q3,0,1,0,1,0.03433879249964346,0.36907082521117607,0.5886010362694301,0.5410677228743728,0.03433879249964346,0.06936531856589195,0.03380200403992153,-0.004531566612336182,0.08170702930539729
Llama-4,Qwen3,Llama,Qwen,2025Q2,2025Q2,0,1,1,0,0.039446208586259426,0.32677442023893183,0.5037919826652221,0.49270667470071955,0.039446208586259426,0.07903600406189361,0.03941121321962704,-0.0022137424519417083,0.0843905787301932
Llama-4,Qwen3.5,Llama,Qwen,2025Q2,2026Q1,0,1,0,1,0.05277344729811207,0.34168406402226864,0.509865005192108,0.5093363736293445,0.05277344729811207,0.10537606890581233,0.05277334147721299,0.012939251575287292,0.09560738178312135
Llama-4,Qwen3.6,Llama,Qwen,2025Q2,2026Q2,0,1,0,1,0.06635391820840203,0.3516330785267547,0.5243523316062176,0.5203239569697706,0.06635391820840203,0.1322213181448332,0.06634644250975685,0.021938764975222753,0.11384928909933582
Ministral-3,Mistral-7B,Mistral,Mistral,2025Q4,2023Q3,1,0,0,1,0.08817345148536047,0.2687713310580205,0.4666666666666667,0.42548147169838163,0.08817345148536047,0.18624641833810887,0.08722973692619031,0.0444473585491251,0.12897271297512958
Ministral-3,Mistral-Large-2,Mistral,Mistral,2025Q4,2024Q3,1,0,0,1,0.059631103712533134,0.28949416342412454,0.458128078817734,0.4490932947185695,0.059631103712533134,0.12204176334106728,0.05959664627237709,0.018293423558708295,0.10435729047783134
Ministral-3,Mistral-Large-3,Mistral,Mistral,2025Q4,2025Q4,1,0,1,0,0.06934391378733878,0.27182866556836904,0.45081967213114754,0.42803608654335223,0.06934391378733878,0.1448016524548488,0.06909740358207962,0.025782712619408562,0.11706081859581921
Ministral-3,Mistral-Medium-3,Mistral,Mistral,2025Q4,2025Q2,1,0,0,1,0.04112879680697967,0.26072874493927123,0.43221476510067114,0.4139994085726959,0.04112879680697967,0.08611111111111111,0.041026826040375476,-0.002893530224902476,0.08554374276673715
Ministral-3,Mistral-Medium-3.5,Mistral,Mistral,2025Q4,2026Q2,1,0,0,1,0.09284353606531594,0.33210874357090375,0.5566502463054187,0.5013527269032013,0.09284353606531594,0.18744912306667652,0.0911708598783428,0.050740258234143354,0.1409216101286711
Ministral-3,Mistral-Small-2,Mistral,Mistral,2025Q4,2024Q3,1,0,0,1,0.04448038314273107,0.29814126394052043,0.4938423645320197,0.4604610716193165,0.04448038314273107,0.09049277793231725,0.04413968521413709,0.0025977667112671585,0.08832306877753165
Ministral-3,Mistral-Small-3,Mistral,Mistral,2025Q4,2025Q1,1,0,0,1,0.08366840056416895,0.3208955223880597,0.5295566502463054,0.48753711876877687,0.08366840056416895,0.16911364872213158,0.0827574528476855,0.04096140534449538,0.12983163457426697
Ministral-3,Mistral-Small-3.1,Mistral,Mistral,2025Q4,2025Q1,1,0,0,1,0.08243576473414993,0.330188679245283,0.5603448275862069,0.4997128426647825,0.08243576473414993,0.16687831909489725,0.0806296740468629,0.040673584602566266,0.12724823349508693
Ministral-3,Mistral-Small-3.2,Mistral,Mistral,2025Q4,2025Q2,1,0,0,1,0.048411229865305314,0.24384027187765506,0.4401840490797546,0.39443921357951167,0.048411229865305314,0.10419189109591283,0.047696495523103705,0.005242972974975001,0.09123754121866207
Ministral-3,Mistral-Small-4,Mistral,Mistral,2025Q4,2026Q1,1,0,0,1,0.031237471608962605,0.31029619181946405,0.541871921182266,0.47742902660973513,0.031237471608962605,0.06364950406220406,0.030385228543555343,-0.014715611956318526,0.07337348077926742
Ministral-3,Mixtral-8x22B,Mistral,Mistral,2025Q4,2024Q2,1,0,0,1,0.057263965173661086,0.2805071315372425,0.44029850746268656,0.4381241805566233,0.057263965173661086,0.11800955168695117,0.057261989800156246,0.013406230017870857,0.10070724032946522
Ministral-3,Mixtral-8x7B,Mistral,Mistral,2025Q4,2023Q4,1,0,0,1,0.05332697656643704,0.31354091238233167,0.5332512315270936,0.480038445785717,0.05332697656643704,0.10828691815629406,0.05235631402592633,0.009266950621320616,0.10121783389252065
Ministral-3,Phi-1,Mistral,Phi,2025Q4,2023Q2,0,1,0,1,0.02716492265725754,0.2681215900233827,0.4236453201970443,0.4228648860307165,0.02716492265725754,0.056136474578013,0.02716479144650951,-0.017920554705820938,0.06931590841239733
Ministral-3,Phi-1.5,Mistral,Phi,2025Q4,2023Q3,0,1,0,1,0.04819590193354526,0.3144699140401146,0.5406403940886699,0.48166899173615413,0.04819590193354526,0.09798173039495806,0.047120252030221244,0.006027711503729163,0.09182664579762014
Ministral-3,Phi-2,Mistral,Phi,2025Q4,2023Q4,0,1,0,1,0.06553326447752836,0.2982321291314374,0.47783251231527096,0.4597840636125007,0.06553326447752836,0.13347877328919983,0.0653880328721353,0.02315626776389144,0.1080097034878294
Ministral-3,Phi-3,Mistral,Phi,2025Q4,2024Q2,0,1,0,1,0.0683479181359417,0.32122093023255816,0.5443349753694581,0.48904099271733115,0.0683479181359417,0.13855451528211224,0.06705236493235638,0.02427273630652759,0.11100240359245064
Ministral-3,Phi-3.5,Mistral,Phi,2025Q4,2024Q3,0,1,0,1,0.06356145640773156,0.3232974910394265,0.5554187192118226,0.4921962016643528,0.06356145640773156,0.1290909918521553,0.06199572333643352,0.023476021350645655,0.10477881649244676
Ministral-3,Phi-4,Mistral,Phi,2025Q4,2024Q4,0,1,0,1,0.10944485860714956,0.36250861474844936,0.6477832512315271,0.5408100664964071,0.10944485860714956,0.22484348755535197,0.10283020697949603,0.06672962929594851,0.1530469111279807
Ministral-3,Phi-4-reasoning-plus,Mistral,Phi,2025Q4,2025Q2,0,1,0,1,0.09577187886119956,0.3381712626995646,0.5738916256157636,0.5090589219190766,0.09577187886119956,0.19357282864719738,0.09345378204720411,0.056201621196713625,0.139680357853065
Ministral-3,Phi-4-reasoning-vision-15B,Mistral,Phi,2025Q4,2026Q1,0,1,0,1,0.08458907439699173,0.3359598853868195,0.5775862068965517,0.5072016322521476,0.08458907439699173,0.17155926118927683,0.08214550221592049,0.04165792512883663,0.12917712602858672
Ministral-3,Qwen-7B,Mistral,Qwen,2025Q4,2023Q3,0,1,0,1,0.08223002135894082,0.3143939393939394,0.5110837438423645,0.4793682119825545,0.08223002135894082,0.16641453595549274,0.08170678745520153,0.0377560703280575,0.1243986549209338
Ministral-3,Qwen1.5,Mistral,Qwen,2025Q4,2024Q1,0,1,0,1,0.06483659860072657,0.34436191762322754,0.6280788177339901,0.5212370268942362,0.06483659860072657,0.13423664318403866,0.06061227569820397,0.0243355934222875,0.10624786200113567
Ministral-3,Qwen2,Mistral,Qwen,2025Q4,2024Q2,0,1,0,1,0.05862359563808026,0.2980988593155893,0.4827586206896552,0.4598291877545398,0.05862359563808026,0.11934636708491392,0.05841307408238618,0.018330019280337118,0.10479908495842163
Ministral-3,Qwen2.5,Mistral,Qwen,2025Q4,2024Q3,0,1,0,1,0.0624305470160731,0.33835616438356164,0.6083743842364532,0.5129982485237627,0.0624305470160731,0.12836911831886708,0.059117791439725176,0.021476337919289927,0.11072472343690046
Ministral-3,Qwen3,Mistral,Qwen,2025Q4,2025Q2,0,1,0,1,0.06793341042275818,0.30746043707611154,0.5024630541871922,0.47128248310574034,0.06793341042275818,0.1378324396449557,0.06750114659815491,0.030675088060186085,0.11203002704650862
Ministral-3,Qwen3.5,Mistral,Qwen,2025Q4,2026Q1,0,1,0,1,0.06525137867172187,0.3128698224852071,0.520935960591133,0.47835377894373327,0.06525137867172187,0.13227749275039036,0.06449261059932893,0.020397466042057156,0.11217073435202753
Ministral-3,Qwen3.6,Mistral,Qwen,2025Q4,2026Q2,0,1,0,1,0.05930919202468959,0.3128205128205128,0.5258620689655172,0.47867067568793764,0.05930919202468959,0.12031814895155458,0.05845980888139411,0.019124403723277353,0.10035027125923374
Mistral-7B,Mistral-Large-2,Mistral,Mistral,2023Q3,2024Q3,1,0,0,1,0.0573968598515164,0.2582781456953642,0.4622222222222222,0.4131182235954578,0.0573968598515164,0.12171372930866602,0.05646965907595107,0.013295714886529104,0.09851069998275001
Mistral-7B,Mistral-Large-3,Mistral,Mistral,2023Q3,2025Q4,1,0,0,1,0.02184127985478008,0.2234782608695652,0.38074074074074077,0.3656164238083808,0.02184127985478008,0.04772182254196643,0.02179866359951805,-0.025004332691494092,0.06373381586535096
Mistral-7B,Mistral-Medium-3,Mistral,Mistral,2023Q3,2025Q2,1,0,0,1,0.08871455633684766,0.25886524822695034,0.4325925925925926,0.41176822345631753,0.08871455633684766,0.18948993630335206,0.08845577211394291,0.04606621018731817,0.13088182822939448
Mistral-7B,Mistral-Medium-3.5,Mistral,Mistral,2023Q3,2026Q2,1,0,0,1,0.076476646154419,0.2872503840245776,0.554074074074074,0.45499086476179607,0.076476646154419,0.16080119347501773,0.07230150201184622,0.03445715576871719,0.12021272354721739
Mistral-7B,Mistral-Small-2,Mistral,Mistral,2023Q3,2024Q3,1,0,0,1,0.09065842041430322,0.28617106314948043,0.5303703703703704,0.4508766058430687,0.09065842041430322,0.18980152373683815,0.08742527208625007,0.04763727228655743,0.13231655506810408
Mistral-7B,Mistral-Small-3,Mistral,Mistral,2023Q3,2025Q1,1,0,0,1,0.0225954731439635,0.2571208622016936,0.4948148148148148,0.4153477152706277,0.0225954731439635,0.047771627009876534,0.021645460536320757,-0.024080084419371362,0.06631263346868087
Mistral-7B,Mistral-Small-3.1,Mistral,Mistral,2023Q3,2025Q1,1,0,0,1,0.09182918914238115,0.2966360856269113,0.5748148148148148,0.46737660346800947,0.09182918914238115,0.19287286718040195,0.08623643632210169,0.04878874405535201,0.13914929181400765
Mistral-7B,Mistral-Small-3.2,Mistral,Mistral,2023Q3,2025Q2,1,0,0,1,0.026956861755902693,0.21187214611872146,0.3558282208588957,0.34971342180634407,0.026956861755902693,0.06035048734912378,0.026947795692862816,-0.010972725902347167,0.06934160481522127
Mistral-7B,Mistral-Small-4,Mistral,Mistral,2023Q3,2026Q1,1,0,0,1,0.08674592906065119,0.29691032403918616,0.5837037037037037,0.4688981217947229,0.08674592906065119,0.18277152555678963,0.08074289373860778,0.04569402762216468,0.13295737318100947
Mistral-7B,Mixtral-8x22B,Mistral,Mistral,2023Q3,2024Q2,1,0,0,1,0.06178757949341992,0.2544529262086514,0.4444444444444444,0.4072314811876841,0.06178757949341992,0.13163335630599587,0.061198333867350116,0.01592148487150532,0.1039143722248508
Mistral-7B,Mixtral-8x7B,Mistral,Mistral,2023Q3,2023Q4,1,0,0,1,0.07364820455691472,0.2860429447852761,0.5525925925925926,0.45354782083642087,0.07364820455691472,0.15492719645168895,0.06960475690800978,0.029076529355395838,0.11443486353891148
Mistral-7B,Phi-1,Mistral,Phi,2023Q3,2023Q2,0,1,0,1,0.029992804104081176,0.24063280599500417,0.42814814814814817,0.389643245377723,0.029992804104081176,0.06423595508207224,0.029658199228620927,-0.010364163188895046,0.07022534312256404
Mistral-7B,Phi-1.5,Mistral,Phi,2023Q3,2023Q3,0,1,1,0,0.058674903855353656,0.28150943396226413,0.5525925925925926,0.4488684992901292,0.058674903855353656,0.12380739831501422,0.055063401076949854,0.016891703489234,0.10370701989298119
Mistral-7B,Phi-2,Mistral,Phi,2023Q3,2023Q4,0,1,0,1,0.05330127490117357,0.2607636068237206,0.47555555555555556,0.4172086934384922,0.05330127490117357,0.11275195921320431,0.05210801802036404,0.009026859884208057,0.09648494420560236
Mistral-7B,Phi-3,Mistral,Phi,2023Q3,2024Q2,0,1,0,1,0.03484202682801121,0.26867924528301884,0.5274074074074074,0.4320152934266448,0.03484202682801121,0.07360661230872333,0.032885872548530294,-0.006913874595013634,0.07887094044190476
Mistral-7B,Phi-3.5,Mistral,Phi,2023Q3,2024Q3,0,1,0,1,0.08681003418663416,0.29567854435178165,0.5777777777777777,0.4668232214142519,0.08681003418663416,0.18268652728608645,0.08115325651550365,0.04332281802802005,0.12926059878325127
Mistral-7B,Phi-4,Mistral,Phi,2023Q3,2024Q4,0,1,0,1,0.033905059293264976,0.28581411600279527,0.605925925925926,0.46122034775986254,0.033905059293264976,0.07289940228252927,0.03001542294459605,-0.010256966552124634,0.07762949323656156
Mistral-7B,Phi-4-reasoning-plus,Mistral,Phi,2023Q3,2025Q2,0,1,0,1,0.06918953238866175,0.2873303167420814,0.5644444444444444,0.4564920732278893,0.06918953238866175,0.145920908190313,0.0647268408551068,0.02605605247805799,0.10734875857091566
Mistral-7B,Phi-4-reasoning-vision-15B,Mistral,Phi,2023Q3,2026Q1,0,1,0,1,0.05635944003275383,0.2838038632986627,0.5659259259259259,0.4531033685447651,0.05635944003275383,0.11922335142496825,0.05232372385657064,0.01213285650760824,0.09496254433741831
Mistral-7B,Qwen-7B,Mistral,Qwen,2023Q3,2023Q3,0,1,1,0,0.06254598290960728,0.27128082736674625,0.5051851851851852,0.4320178010709713,0.06254598290960728,0.13171383201824227,0.06048873048026873,0.021202931453198372,0.10138201608538173
Mistral-7B,Qwen1.5,Mistral,Qwen,2023Q3,2024Q1,0,1,0,1,0.08186988045403432,0.307475317348378,0.6459259259259259,0.48873979272248613,0.08186988045403432,0.1766053291107252,0.0719871476835117,0.0404825529657837,0.12258924927017267
Mistral-7B,Qwen2,Mistral,Qwen,2023Q3,2024Q2,0,1,0,1,0.057284193219942374,0.26510878323932313,0.4874074074074074,0.4232846250271783,0.057284193219942374,0.12091878073469241,0.055778439239032085,0.011781156922262911,0.10027276794910342
Mistral-7B,Qwen2.5,Mistral,Qwen,2023Q3,2024Q3,0,1,0,1,0.04823044102909762,0.2895670688431512,0.6044444444444445,0.4647027309342716,0.04823044102909762,0.10329302274505497,0.04315824690531953,0.008006545526794496,0.09174005955807972
Mistral-7B,Qwen3,Mistral,Qwen,2023Q3,2025Q2,0,1,0,1,0.06042488132725519,0.2702702702702703,0.5037037037037037,0.4307508866983292,0.06042488132725519,0.12729425695677915,0.05843739583066233,0.018590469168028385,0.10677366237495155
Mistral-7B,Qwen3.5,Mistral,Qwen,2023Q3,2026Q1,0,1,0,1,0.07404241233655587,0.28169014084507044,0.5333333333333333,0.4465164577487581,0.07404241233655587,0.15554666399919975,0.07082669095877944,0.02837431888954289,0.12176851593502633
Mistral-7B,Qwen3.6,Mistral,Qwen,2023Q3,2026Q2,0,1,0,1,0.03648767120717548,0.2662586074980872,0.5155555555555555,0.4278724458667241,0.03648767120717548,0.07703850585492644,0.03472571716155005,-0.008009749034506413,0.08128441741166385
Mistral-Large-2,Mistral-Large-3,Mistral,Mistral,2024Q3,2025Q4,1,0,0,1,0.05827004471415125,0.2717741935483871,0.4603825136612022,0.42849524394952976,0.05827004471415125,0.12141512325408294,0.057863656281952364,0.012915904765137242,0.1015681456091856
Mistral-Large-2,Mistral-Medium-3,Mistral,Mistral,2024Q3,2025Q2,1,0,0,1,0.09471292431553921,0.2926829268292683,0.48322147651006714,0.45372844828746856,0.09471292431553921,0.1950207468879668,0.09419818319060867,0.0506205799342388,0.13721550037908506
Mistral-Large-2,Mistral-Medium-3.5,Mistral,Mistral,2024Q3,2026Q2,1,0,0,1,0.0649398647624697,0.32710280373831774,0.5384615384615384,0.4947274449181536,0.0649398647624697,0.1309192200557103,0.06414505751608508,0.026091690813656594,0.1110228820043157
Mistral-Large-2,Mistral-Small-2,Mistral,Mistral,2024Q3,2024Q3,1,0,1,0,0.043387823341400074,0.30520909757887016,0.49230769230769234,0.4682648274300954,0.043387823341400074,0.08778483376914456,0.043212059367327735,0.0007665754599629855,0.0826516392336086
Mistral-Large-2,Mistral-Small-3,Mistral,Mistral,2024Q3,2025Q1,1,0,0,1,0.06128407337727507,0.31798245614035087,0.514792899408284,0.48347959311092026,0.06128407337727507,0.1236129559619904,0.060886370270460635,0.022013110954404606,0.10622893101320585
Mistral-Large-2,Mistral-Small-3.1,Mistral,Mistral,2024Q3,2025Q1,1,0,0,1,0.045818725612955115,0.32152974504249293,0.5372781065088758,0.4887813508786197,0.045818725612955115,0.09261248871889638,0.04510817289721959,0.001510504401768405,0.08814630848411152
Mistral-Large-2,Mistral-Small-3.2,Mistral,Mistral,2024Q3,2025Q2,1,0,0,1,0.08104392566252701,0.2643581081081081,0.48006134969325154,0.4216889153934046,0.08104392566252701,0.17225236141326797,0.07933957677102924,0.03630414197081767,0.12348586655885191
Mistral-Large-2,Mistral-Small-4,Mistral,Mistral,2024Q3,2026Q1,1,0,0,1,0.04066397067741922,0.32330300909727083,0.5467455621301776,0.4914142871643018,0.04066397067741922,0.08232233924270833,0.03984589874196964,-0.0028630204422419796,0.08153446533106104
Mistral-Large-2,Mixtral-8x22B,Mistral,Mistral,2024Q3,2024Q2,1,0,0,1,0.04605922277053368,0.2812742812742813,0.4502487562189055,0.43918974582941783,0.04605922277053368,0.09461568474444011,0.04601802768094706,0.0016714381718944175,0.091246184124609
Mistral-Large-2,Mixtral-8x7B,Mistral,Mistral,2024Q3,2023Q4,1,0,0,1,0.08028038967980035,0.3345375722543353,0.5479289940828402,0.5031746761819929,0.08028038967980035,0.16149263091878333,0.07928542151932899,0.03819633245362529,0.12500221819015095
Mistral-Large-2,Phi-1,Mistral,Phi,2024Q3,2023Q2,0,1,0,1,0.007544844665787968,0.2652439024390244,0.4269938650306748,0.41934559476278327,0.007544844665787968,0.015534767126948209,0.007541245206290403,-0.03340057244782264,0.05064933410927187
Mistral-Large-2,Phi-1.5,Mistral,Phi,2024Q3,2023Q3,0,1,0,1,0.08055965947862469,0.33810888252148996,0.5585798816568047,0.5076633687154268,0.08055965947862469,0.16217532831510095,0.07928235839233144,0.03878230444136092,0.12634213246634132
Mistral-Large-2,Phi-2,Mistral,Phi,2024Q3,2023Q4,0,1,0,1,0.060112427524036234,0.30257186081694404,0.47337278106508873,0.46465631102235394,0.060112427524036234,0.12190127516986751,0.06008043346399095,0.013056043035445487,0.10451613288120983
Mistral-Large-2,Phi-3,Mistral,Phi,2024Q3,2024Q2,0,1,0,1,0.026247683924573318,0.3099787685774947,0.5183431952662721,0.4750581418079675,0.026247683924573318,0.05310455843139825,0.0259059075060193,-0.019819828830193422,0.06819268497263038
Mistral-Large-2,Phi-3.5,Mistral,Phi,2024Q3,2024Q3,0,1,1,0,0.09952971875684977,0.3488872936109117,0.5751479289940828,0.5199333143253866,0.09952971875684977,0.19984381799916215,0.09775483203517461,0.05496159314804904,0.1415730313931941
Mistral-Large-2,Phi-4,Mistral,Phi,2024Q3,2024Q4,0,1,0,1,0.04882623645028266,0.3453815261044177,0.6106508875739645,0.5200659070053782,0.04882623645028266,0.10023871879852597,0.046388611266850344,0.007296271114405645,0.09019881651304702
Mistral-Large-2,Phi-4-reasoning-plus,Mistral,Phi,2024Q3,2025Q2,0,1,0,1,0.054648100009139604,0.3274398868458274,0.5479289940828402,0.49580715284314075,0.054648100009139604,0.1104208105165795,0.053693679350421804,0.011871500889368163,0.0941731235315641
Mistral-Large-2,Phi-4-reasoning-vision-15B,Mistral,Phi,2024Q3,2026Q1,0,1,0,1,0.09955642644102432,0.35185185185185186,0.5846153846153846,0.5237022127099913,0.09955642644102432,0.20018017540605706,0.09741473792792218,0.05395487371960626,0.1431968634430004
Mistral-Large-2,Qwen-7B,Mistral,Qwen,2024Q3,2023Q3,0,1,0,1,0.06504183445956485,0.3135215453194651,0.49940828402366866,0.47784081885794816,0.06504183445956485,0.13130468466585093,0.06483885169497962,0.021954954026757102,0.10481932370917557
Mistral-Large-2,Qwen1.5,Mistral,Qwen,2024Q3,2024Q1,0,1,0,1,0.07793026305843156,0.3602150537634409,0.6343195266272189,0.5370064878566744,0.07793026305843156,0.16009714257935106,0.07370018827627482,0.033499024965928256,0.12243862866890934
Mistral-Large-2,Qwen2,Mistral,Qwen,2024Q3,2024Q2,0,1,0,1,0.0363630442303013,0.29464285714285715,0.4686390532544379,0.4553604565073332,0.0363630442303013,0.07383837611377621,0.03631604360974867,-0.006066980758990599,0.07862745935489542
Mistral-Large-2,Qwen2.5,Mistral,Qwen,2024Q3,2024Q3,0,1,1,0,0.07056932849969158,0.3517006802721088,0.6118343195266273,0.5262948698337919,0.07056932849969158,0.14406797352873635,0.06752380113697509,0.026184189772256006,0.11404120735402636
Mistral-Large-2,Qwen3,Mistral,Qwen,2024Q3,2025Q2,0,1,0,1,0.056919854038484395,0.30962962962962964,0.49467455621301776,0.4733115219967354,0.056919854038484395,0.11504406619676404,0.05674221837632143,0.014593050908819153,0.09612740264546027
Mistral-Large-2,Qwen3.5,Mistral,Qwen,2024Q3,2026Q1,0,1,0,1,0.07522502089444631,0.3255131964809384,0.5254437869822485,0.4921998444056408,0.07522502089444631,0.15140580179937738,0.0746933664566288,0.03018201497315578,0.11685286841739631
Mistral-Large-2,Qwen3.6,Mistral,Qwen,2024Q3,2026Q2,0,1,0,1,0.050520550626111396,0.31673881673881676,0.5195266272189349,0.4824175824175824,0.050520550626111396,0.102004938756153,0.05005517103019344,0.00927073651164906,0.09665398684782531
Mistral-Large-3,Mistral-Medium-3,Mistral,Mistral,2025Q4,2025Q2,1,0,0,1,0.03505912023508585,0.24326599326599327,0.3948087431693989,0.39134894361991646,0.03505912023508585,0.0747922945158424,0.03505570701758143,-0.0076376009603379945,0.07788440507249975
Mistral-Large-3,Mistral-Medium-3.5,Mistral,Mistral,2025Q4,2026Q2,1,0,0,1,0.049062794019554164,0.2903946388682055,0.5327868852459017,0.4556087202194024,0.049062794019554164,0.10160965794768612,0.04725533557006719,0.004193888239571782,0.09629057292437711
Mistral-Large-3,Mistral-Small-2,Mistral,Mistral,2025Q4,2024Q3,1,0,0,1,0.06481932185100084,0.288476411446249,0.5095628415300546,0.45110729800739835,0.06481932185100084,0.1339726086302165,0.06343402096278997,0.021032400677298543,0.10778918283345532
Mistral-Large-3,Mistral-Small-3,Mistral,Mistral,2025Q4,2025Q1,1,0,0,1,0.042328402851182716,0.2812736921910538,0.5068306010928961,0.4430325287254149,0.042328402851182716,0.08770487215805131,0.04120783539520858,0.0010143516513294998,0.08333806331326402
Mistral-Large-3,Mistral-Small-3.1,Mistral,Mistral,2025Q4,2025Q1,1,0,0,1,0.05463833817035343,0.29563932002956395,0.546448087431694,0.4626915623325639,0.05463833817035343,0.1131853100831878,0.052333467246337514,0.013155003627570591,0.09651891925025223
Mistral-Large-3,Mistral-Small-3.2,Mistral,Mistral,2025Q4,2025Q2,1,0,0,1,0.029601418386317014,0.2226148409893993,0.38650306748466257,0.36477175475698553,0.029601418386317014,0.06509290639242725,0.029485980483845455,-0.012030665678419475,0.06945633145817046
Mistral-Large-3,Mistral-Small-4,Mistral,Mistral,2025Q4,2026Q1,1,0,0,1,0.07931013441492174,0.3102431834929993,0.575136612021858,0.4811280896828179,0.07931013441492174,0.16411870696958358,0.07539848744675644,0.03069997928752332,0.1229426391018225
Mistral-Large-3,Mixtral-8x22B,Mistral,Mistral,2025Q4,2024Q2,1,0,0,1,0.018494127166056126,0.24574209245742093,0.4139344262295082,0.39496541058255086,0.018494127166056126,0.03905841325196164,0.018440650488880043,-0.03368344893299415,0.06505505842688522
Mistral-Large-3,Mixtral-8x7B,Mistral,Mistral,2025Q4,2023Q4,1,0,0,1,0.0877460137220907,0.3086792452830189,0.5587431693989071,0.4775665572994526,0.0877460137220907,0.18078158481140427,0.08449071297784394,0.04715606461219066,0.13315672618062965
Mistral-Large-3,Phi-1,Mistral,Phi,2025Q4,2023Q2,0,1,0,1,0.06064710035538696,0.2680327868852459,0.44672131147540983,0.4233634950001272,0.06064710035538696,0.1268389662027833,0.0604153952989205,0.017339499386056834,0.10662231247910472
Mistral-Large-3,Phi-1.5,Mistral,Phi,2025Q4,2023Q3,0,1,0,1,0.055197242650235186,0.2961595273264402,0.5478142076502732,0.4633946497692437,0.055197242650235186,0.11434888843003647,0.05283830468989138,0.010173484001851758,0.10314405078796379
Mistral-Large-3,Phi-2,Mistral,Phi,2025Q4,2023Q4,0,1,0,1,0.0481496061727372,0.2719367588932806,0.46994535519125685,0.4293417334048633,0.0481496061727372,0.10015577272845942,0.04760525978350337,0.006239179397001137,0.09402493689825875
Mistral-Large-3,Phi-3,Mistral,Phi,2025Q4,2024Q2,0,1,0,1,0.018276906061556283,0.27700220426157235,0.5150273224043715,0.43932591205666616,0.018276906061556283,0.03793208932395228,0.01757973179127969,-0.02826417739636105,0.06179393471186559
Mistral-Large-3,Phi-3.5,Mistral,Phi,2025Q4,2024Q3,0,1,0,1,0.06139198187870112,0.3004418262150221,0.5573770491803278,0.4689692348085105,0.06139198187870112,0.12718822618125483,0.058578235121572286,0.01391748165765195,0.10480098496328137
Mistral-Large-3,Phi-4,Mistral,Phi,2025Q4,2024Q4,0,1,0,1,0.026541393112998454,0.3010973936899863,0.5997267759562842,0.4753855942436919,0.026541393112998454,0.05596286302634382,0.024151998620980268,-0.01952236255910928,0.06984187750099101
Mistral-Large-3,Phi-4-reasoning-plus,Mistral,Phi,2025Q4,2025Q2,0,1,0,1,0.0940633502514387,0.31543624161073824,0.5778688524590164,0.4866816572006646,0.0940633502514387,0.19397864384564975,0.08980582524271853,0.051602386766335814,0.13634371976091486
Mistral-Large-3,Phi-4-reasoning-vision-15B,Mistral,Phi,2025Q4,2026Q1,0,1,0,1,0.07609050561361302,0.30961115187087307,0.5765027322404371,0.4806652490836054,0.07609050561361302,0.15762320638037655,0.07217877271239312,0.03151774389244608,0.11566062085993842
Mistral-Large-3,Qwen-7B,Mistral,Qwen,2025Q4,2023Q3,0,1,0,1,0.0441035034512715,0.2770061728395062,0.49043715846994534,0.4367551729955404,0.0441035034512715,0.09147758190314138,0.043256644107808585,-0.0025881162478708403,0.07994937194542957
Mistral-Large-3,Qwen1.5,Mistral,Qwen,2025Q4,2024Q1,0,1,0,1,0.087536244457976,0.3289290681502086,0.6461748633879781,0.5091534579584742,0.087536244457976,0.18492466791477222,0.07917387105762361,0.044749684300253716,0.12950160299382985
Mistral-Large-3,Qwen2,Mistral,Qwen,2025Q4,2024Q2,0,1,0,1,0.03220980516112639,0.26713395638629284,0.4685792349726776,0.42376692971652774,0.03220980516112639,0.06704090233665569,0.031753544749243606,-0.009160725233844078,0.07321539661505151
Mistral-Large-3,Qwen2.5,Mistral,Qwen,2025Q4,2024Q3,0,1,0,1,0.05668289755908837,0.311406578026592,0.6079234972677595,0.486711287784531,0.05668289755908837,0.11903094681305518,0.05207426188953196,0.012772228294516666,0.10183385605680945
Mistral-Large-3,Qwen3,Mistral,Qwen,2025Q4,2025Q2,0,1,0,1,0.03161077279752639,0.27112135176651303,0.4822404371584699,0.4294556436418545,0.03161077279752639,0.06566268186772313,0.03100379429915725,-0.011322075430059352,0.07593769571286162
Mistral-Large-3,Qwen3.5,Mistral,Qwen,2025Q4,2026Q1,0,1,0,1,0.03644109457086202,0.2792452830188679,0.505464480874317,0.4406898419348064,0.03644109457086202,0.07554433955763798,0.03543537720031825,-0.008425713208848109,0.07756074586019422
Mistral-Large-3,Qwen3.6,Mistral,Qwen,2025Q4,2026Q2,0,1,0,1,0.06087874214322041,0.2930513595166163,0.5300546448087432,0.4581030119714769,0.06087874214322041,0.12585419456749425,0.05895600418241779,0.015835207483363752,0.10165497455127197
Mistral-Medium-3,Mistral-Medium-3.5,Mistral,Mistral,2025Q2,2026Q2,1,0,0,1,0.05817834288066122,0.29814126394052043,0.538255033557047,0.46435400699527,0.05817834288066122,0.11993263050175353,0.05624065863204888,0.013668142604515394,0.10011075627341755
Mistral-Medium-3,Mistral-Small-2,Mistral,Mistral,2025Q2,2024Q3,1,0,0,1,0.047852852908464596,0.28363914373088683,0.49798657718120803,0.44475653197532655,0.047852852908464596,0.09880289496548211,0.046960342565375304,0.004662133150666023,0.08993564396190876
Mistral-Medium-3,Mistral-Small-3,Mistral,Mistral,2025Q2,2025Q1,1,0,0,1,0.043774487667487386,0.2852830188679245,0.5073825503355704,0.4474359846526113,0.043774487667487386,0.09036131706587466,0.04274782925128116,0.0015379790425482168,0.08801404819075645
Mistral-Medium-3,Mistral-Small-3.1,Mistral,Mistral,2025Q2,2025Q1,1,0,0,1,0.030365320437783862,0.28811086797957697,0.5302013422818792,0.4529039289467241,0.030365320437783862,0.06278405749056261,0.029198641275967215,-0.013025001197584554,0.07339833975358553
Mistral-Medium-3,Mistral-Small-3.2,Mistral,Mistral,2025Q2,2025Q2,1,0,1,0,0.031174781214068442,0.22543859649122808,0.3941717791411043,0.3687492868640836,0.031174781214068442,0.06829716274348688,0.03101200535522239,-0.011755368604380251,0.07688416241056172
Mistral-Medium-3,Mistral-Small-4,Mistral,Mistral,2025Q2,2026Q1,1,0,0,1,0.06080229497076288,0.3053935860058309,0.5624161073825503,0.4746462393981919,0.06080229497076288,0.12561653270136502,0.05804908424184313,0.01884486569581584,0.10208283612017321
Mistral-Medium-3,Mixtral-8x22B,Mistral,Mistral,2025Q2,2024Q2,1,0,0,1,0.05802657972211261,0.26759410801963995,0.4389261744966443,0.42251447480342175,0.05802657972211261,0.12124497567167336,0.05791457021957439,0.009829894415263184,0.10227505064986925
Mistral-Medium-3,Mixtral-8x7B,Mistral,Mistral,2025Q2,2023Q4,1,0,0,1,0.05120281000178141,0.2950333580429948,0.5342281879194631,0.4606499994009011,0.05120281000178141,0.10563575613523767,0.04948476277098674,0.006919623359660409,0.09136891352142905
Mistral-Medium-3,Phi-1,Mistral,Phi,2025Q2,2023Q2,0,1,0,1,0.03454353317563898,0.25806451612903225,0.42953020134228187,0.410670056134555,0.03454353317563898,0.07236950890150472,0.034450187600031594,-0.008734462679926796,0.08073528508279405
Mistral-Medium-3,Phi-1.5,Mistral,Phi,2025Q2,2023Q3,0,1,0,1,0.03916993610917546,0.29239766081871343,0.5369127516778524,0.45818834532955627,0.03916993610917546,0.0809539589724951,0.037644216669234974,-0.002942961951300908,0.08097553441316593
Mistral-Medium-3,Phi-2,Mistral,Phi,2025Q2,2023Q4,0,1,0,1,0.07360889112738245,0.2873015873015873,0.48590604026845635,0.4478479983437495,0.07360889112738245,0.15186240257995162,0.07292220495852413,0.03211829188591191,0.11869987292071912
Mistral-Medium-3,Phi-3,Mistral,Phi,2025Q2,2024Q2,0,1,0,1,0.052258521248171694,0.29607698001480387,0.5369127516778524,0.4620434995735272,0.052258521248171694,0.10781573388524975,0.05045280720497635,0.009472998762637517,0.09773728100816649
Mistral-Medium-3,Phi-3.5,Mistral,Phi,2025Q2,2024Q3,0,1,0,1,0.06795449422278461,0.3071271124173402,0.5610738255033557,0.47625316628341025,0.06795449422278461,0.1401605859980279,0.06510553501145062,0.025049935332965245,0.11183335211531831
Mistral-Medium-3,Phi-4,Mistral,Phi,2025Q2,2024Q4,0,1,0,1,0.0315354793139261,0.3073237508555784,0.6026845637583893,0.4819536147854225,0.0315354793139261,0.0662522276829674,0.02886068661084851,-0.012875183572632105,0.07993001757135704
Mistral-Medium-3,Phi-4-reasoning-plus,Mistral,Phi,2025Q2,2025Q2,0,1,1,0,0.04879735360591658,0.29802775748721694,0.5476510067114094,0.4653097771376178,0.04879735360591658,0.10082610703473754,0.04677828916045059,0.005425920675137075,0.09146520935019722
Mistral-Medium-3,Phi-4-reasoning-vision-15B,Mistral,Phi,2025Q2,2026Q1,0,1,0,1,0.08234929564828966,0.3162518301610542,0.5798657718120805,0.4877434263772162,0.08234929564828966,0.16980914489995963,0.07845468493312888,0.037180575858328235,0.1263853152654687
Mistral-Medium-3,Qwen-7B,Mistral,Qwen,2025Q2,2023Q3,0,1,0,1,0.07091287883475395,0.2930232558139535,0.5073825503355704,0.4558403999591696,0.07091287883475395,0.14595587057931875,0.06973423163821639,0.026829567506111013,0.11441637910063988
Mistral-Medium-3,Qwen1.5,Mistral,Qwen,2025Q2,2024Q1,0,1,0,1,0.033264164494488026,0.30973451327433627,0.610738255033557,0.48548560549923847,0.033264164494488026,0.07007850475568302,0.030263617193215707,-0.013306955864461015,0.07649934202663679
Mistral-Medium-3,Qwen2,Mistral,Qwen,2025Q2,2024Q2,0,1,0,1,0.055350686814907485,0.28125,0.48322147651006714,0.4408723342789168,0.055350686814907485,0.11441930456279895,0.05468930617277616,0.008278238714425828,0.09839754533304648
Mistral-Medium-3,Qwen2.5,Mistral,Qwen,2025Q2,2024Q3,0,1,0,1,0.06395075621179629,0.31865828092243187,0.6120805369127517,0.4943717597171103,0.06395075621179629,0.1337286276703123,0.05907103772401335,0.01998477703922906,0.10691655657080995
Mistral-Medium-3,Qwen3,Mistral,Qwen,2025Q2,2025Q2,0,1,1,0,0.06261472874804244,0.2890262751159196,0.5020134228187919,0.4510166920230937,0.06261472874804244,0.12906143165933684,0.06157400559995513,0.018213347499956546,0.1104093281909556
Mistral-Medium-3,Qwen3.5,Mistral,Qwen,2025Q2,2026Q1,0,1,0,1,0.03163165236718405,0.280359820089955,0.5020134228187919,0.44155044039910546,0.03163165236718405,0.06536527781045032,0.030856127563562166,-0.011785504630407923,0.07593905687264708
Mistral-Medium-3,Qwen3.6,Mistral,Qwen,2025Q2,2026Q2,0,1,0,1,0.041272404631580016,0.2873134328358209,0.5167785234899329,0.45057755628547225,0.041272404631580016,0.08520179372197309,0.04010453311890625,-0.0069063421080179915,0.08710422866455585
Mistral-Medium-3.5,Mistral-Small-2,Mistral,Mistral,2026Q2,2024Q3,1,0,0,1,0.061199468447783775,0.3465553235908142,0.5331905781584583,0.515037517350565,0.061199468447783775,0.12220972538534508,0.0610619699099859,0.01648664932495704,0.10670715377805977
Mistral-Medium-3.5,Mistral-Small-3,Mistral,Mistral,2026Q2,2025Q1,1,0,0,1,0.0610959409259019,0.35196687370600416,0.5323590814196242,0.520799289193432,0.0610959409259019,0.1218456698697348,0.06103943634367349,0.020748491659256445,0.10492230268266219
Mistral-Medium-3.5,Mistral-Small-3.1,Mistral,Mistral,2026Q2,2025Q1,1,0,0,1,0.08599800764130057,0.3773841961852861,0.5534465534465535,0.5479991122634404,0.08599800764130057,0.17077046220582073,0.08598080559691756,0.043162323580757396,0.126946378887613
Mistral-Medium-3.5,Mistral-Small-3.2,Mistral,Mistral,2026Q2,2025Q2,1,0,0,1,0.03770477204697038,0.26279602750190983,0.5276073619631901,0.4258117153137511,0.03770477204697038,0.08032541017134028,0.035335703175294934,-0.013254826130823433,0.08924215181875733
Mistral-Medium-3.5,Mistral-Small-4,Mistral,Mistral,2026Q2,2026Q1,1,0,0,1,0.016971974334824298,0.35115511551155115,0.5314685314685315,0.5199106949542208,0.016971974334824298,0.03397009733793374,0.016954779919876227,-0.02795191248230839,0.056217563591211106
Mistral-Medium-3.5,Mixtral-8x22B,Mistral,Mistral,2026Q2,2024Q2,1,0,0,1,0.05832735200892182,0.31368267831149926,0.5360696517412935,0.4804323102121689,0.05832735200892182,0.11856157341381712,0.05718479178081088,0.013808167863083491,0.09911077250176904
Mistral-Medium-3.5,Mixtral-8x7B,Mistral,Mistral,2026Q2,2023Q4,1,0,0,1,0.07699819249556787,0.36910457963089544,0.5394605394605395,0.5391912803774012,0.07699819249556787,0.15308910017058944,0.0769981539963079,0.02933508563634998,0.11642295218748733
Mistral-Medium-3.5,Phi-1,Mistral,Phi,2026Q2,2023Q2,0,1,0,1,0.042925987132309155,0.30930064888248016,0.5263803680981595,0.4749648264111593,0.042925987132309155,0.08720070942950044,0.0421771972185146,0.0063761677566429725,0.08571715487287129
Mistral-Medium-3.5,Phi-1.5,Mistral,Phi,2026Q2,2023Q3,0,1,0,1,0.039987598107355665,0.35656836461126007,0.5314685314685315,0.5257227569231528,0.039987598107355665,0.07986854066149221,0.03997791949214825,-0.001448838699852299,0.09451271404814741
Mistral-Medium-3.5,Phi-2,Mistral,Phi,2026Q2,2023Q4,0,1,0,1,0.05453714556827219,0.330028328611898,0.5313568985176739,0.4973579694339647,0.05453714556827219,0.10958446465125037,0.054116343689726204,0.005916505828088534,0.09747480879066164
Mistral-Medium-3.5,Phi-3,Mistral,Phi,2026Q2,2024Q2,0,1,0,1,0.004994092391473977,0.33710859427048634,0.5054945054945055,0.504236741650623,0.004994092391473977,0.009988119857438289,0.004994029964179728,-0.04189190886377179,0.04975709934978195
Mistral-Medium-3.5,Phi-3.5,Mistral,Phi,2026Q2,2024Q3,0,1,0,1,0.07701056346014815,0.37592968221771467,0.5554445554445554,0.5465092077414634,0.07701056346014815,0.1532009251850171,0.07696861693297559,0.031370377154577744,0.12347532696978278
Mistral-Medium-3.5,Phi-4,Mistral,Phi,2026Q2,2024Q4,0,1,0,1,0.04241639844750871,0.3866837387964149,0.6033966033966034,0.5593156060478834,0.04241639844750871,0.08585606718260345,0.0418419039141459,0.0024717832955905308,0.0876920018411632
Mistral-Medium-3.5,Phi-4-reasoning-plus,Mistral,Phi,2026Q2,2025Q2,0,1,0,1,0.0389879864459264,0.3580494321977288,0.5354645354645354,0.527360870194038,0.0389879864459264,0.07789736290799763,0.0389692470159044,-0.0029168698515588294,0.08615828455479053
Mistral-Medium-3.5,Phi-4-reasoning-vision-15B,Mistral,Phi,2026Q2,2026Q1,0,1,0,1,0.050017323706667054,0.36750998668442075,0.5514485514485514,0.5376601556044457,0.050017323706667054,0.09992497674279026,0.04994964733130853,0.009067481382711965,0.09216002147941742
Mistral-Medium-3.5,Qwen-7B,Mistral,Qwen,2026Q2,2023Q3,0,1,0,1,0.07028570677979304,0.3482831114225648,0.5384615384615384,0.5170570921849983,0.07028570677979304,0.14029850746268657,0.0700716044864546,0.02708265179225725,0.10980490762847984
Mistral-Medium-3.5,Qwen1.5,Mistral,Qwen,2026Q2,2024Q1,0,1,0,1,0.05063888988433097,0.3929712460063898,0.6143856143856143,0.5661104535970743,0.05063888988433097,0.10267523169472559,0.049829919555600566,0.006210193554377856,0.0954378584991901
Mistral-Medium-3.5,Qwen2,Mistral,Qwen,2026Q2,2024Q2,0,1,0,1,0.00412781972424527,0.3112033195020747,0.5027932960893855,0.4754271261591365,0.00412781972424527,0.008301398396343744,0.004104569020252899,-0.0337784144283888,0.04684833877192548
Mistral-Medium-3.5,Qwen2.5,Mistral,Qwen,2026Q2,2024Q3,0,1,0,1,0.04935818784238535,0.38526179702650293,0.5954045954045954,0.5574374843111853,0.04935818784238535,0.09948321991863462,0.04886493882131248,0.006535198810748842,0.09194192237817526
Mistral-Medium-3.5,Qwen3,Mistral,Qwen,2026Q2,2025Q2,0,1,0,1,0.06426783728368507,0.34545454545454546,0.5352112676056338,0.5139360232180868,0.06426783728368507,0.12838946628115966,0.06407206645088333,0.025466652184839348,0.11217380294103639
Mistral-Medium-3.5,Qwen3.5,Mistral,Qwen,2026Q2,2026Q1,0,1,0,1,0.056075424792588154,0.35075653370013754,0.5295950155763239,0.5194455065833331,0.056075424792588154,0.11187642623127557,0.056034926707711825,0.010564050331814222,0.10087386499361119
Mistral-Medium-3.5,Qwen3.6,Mistral,Qwen,2026Q2,2026Q2,0,1,1,0,0.01502301241300859,0.33580579905596764,0.5081632653061224,0.5028046276923276,0.01502301241300859,0.03004528797068284,0.0150196996060078,-0.0325635568659963,0.05961286427842609
Mistral-Small-2,Mistral-Small-3,Mistral,Mistral,2024Q3,2025Q1,1,0,0,1,0.06141598464899502,0.33804809052333806,0.5117773019271948,0.5053260696431161,0.06141598464899502,0.1227043536117101,0.061398195798754204,0.02095399423598815,0.1067254283263202
Mistral-Small-2,Mistral-Small-3.1,Mistral,Mistral,2024Q3,2025Q1,1,0,0,1,0.06253611296826697,0.3510711817553559,0.5438972162740899,0.5202084508993566,0.06253611296826697,0.12490639928563134,0.06229965268138354,0.017560101423152546,0.10496493510893119
Mistral-Small-2,Mistral-Small-3.2,Mistral,Mistral,2024Q3,2025Q2,1,0,0,1,0.05669140515788516,0.26374501992031874,0.5076687116564417,0.4241610229651845,0.05669140515788516,0.1204840080153036,0.0542786725511549,0.019571465381962017,0.10409291312629539
Mistral-Small-2,Mistral-Small-4,Mistral,Mistral,2024Q3,2026Q1,1,0,0,1,0.007058846870155264,0.33064516129032256,0.5267665952890792,0.4977666804311479,0.007058846870155264,0.014163439163237864,0.007014703360597269,-0.03500472399794788,0.05226457407321084
Mistral-Small-2,Mixtral-8x22B,Mistral,Mistral,2024Q3,2024Q2,1,0,0,1,0.06445191993058705,0.30578512396694213,0.5062189054726368,0.4696701363374068,0.06445191993058705,0.13097349543719444,0.06389048734428569,0.02315703941756639,0.10405587477271099
Mistral-Small-2,Mixtral-8x7B,Mistral,Mistral,2024Q3,2023Q4,1,0,0,1,0.02819352878650339,0.3314993122420908,0.5160599571734475,0.4982413175726484,0.02819352878650339,0.05646592213756393,0.02812828706610732,-0.011357453776787438,0.06637490128866978
Mistral-Small-2,Phi-1,Mistral,Phi,2024Q3,2023Q2,0,1,0,1,0.021201396559403413,0.28792341678939615,0.47975460122699387,0.4481511496986063,0.021201396559403413,0.043199640938049344,0.02104698367061811,-0.022087867633697522,0.062415510574106985
Mistral-Small-2,Phi-1.5,Mistral,Phi,2024Q3,2023Q3,0,1,0,1,0.022573176410247538,0.33310626702997276,0.5235546038543897,0.5002621026460901,0.022573176410247538,0.045237033376324384,0.02248386948612,-0.01848738489432665,0.07404002798322888
Mistral-Small-2,Phi-2,Mistral,Phi,2024Q3,2023Q4,0,1,0,1,-0.007188135718616072,0.2889679715302491,0.4629418472063854,0.44859331644687445,-0.007188135718616072,-0.014518885974323723,-0.007176256853133922,-0.05246110579680349,0.03739416058377629
Mistral-Small-2,Phi-3,Mistral,Phi,2024Q3,2024Q2,0,1,0,1,0.01242331063507025,0.3251366120218579,0.5096359743040685,0.49105996014943515,0.01242331063507025,0.024897765708730688,0.012391093127121625,-0.024506381286402455,0.0547269787604564
Mistral-Small-2,Phi-3.5,Mistral,Phi,2024Q3,2024Q3,0,1,1,0,0.04436633055288626,0.34518113465481887,0.5406852248394004,0.5138752139728905,0.04436633055288626,0.08882090073595837,0.044144938757428386,-0.0006098838255169121,0.09243019462060625
Mistral-Small-2,Phi-4,Mistral,Phi,2024Q3,2024Q4,0,1,0,1,0.038500499532979085,0.3665364583333333,0.6027837259100642,0.5397243277324425,0.038500499532979085,0.0781923916677329,0.03748182294809512,-0.003441272830457092,0.07966634940540927
Mistral-Small-2,Phi-4-reasoning-plus,Mistral,Phi,2024Q3,2025Q2,0,1,0,1,0.028187864579757835,0.33741496598639453,0.5310492505353319,0.505205872021999,0.028187864579757835,0.056489727679002025,0.028052752586537263,-0.01231318778412386,0.07313992952087466
Mistral-Small-2,Phi-4-reasoning-vision-15B,Mistral,Phi,2024Q3,2026Q1,0,1,0,1,0.02458608703821498,0.3398516520566419,0.5396145610278372,0.5082096563928421,0.02458608703821498,0.049327679315718895,0.024412604708728775,-0.018484915518205546,0.06826702002885
Mistral-Small-2,Qwen-7B,Mistral,Qwen,2024Q3,2023Q3,0,1,0,1,0.03409333557748173,0.3179559971611072,0.48537378114842905,0.4825071189792205,0.03409333557748173,0.06843577109790201,0.03409125174134943,-0.006524943391221978,0.07529482430033901
Mistral-Small-2,Qwen1.5,Mistral,Qwen,2024Q3,2024Q1,0,1,0,1,0.06398466914515528,0.380143696930111,0.6231263383297645,0.5546163188730024,0.06398466914515528,0.1300222313300297,0.0620805800275544,0.020830344624723655,0.10674048619905747
Mistral-Small-2,Qwen2,Mistral,Qwen,2024Q3,2024Q2,0,1,0,1,0.05852037883662818,0.32344428364688854,0.4994413407821229,0.48890284822199725,0.05852037883662818,0.11745027527092242,0.058475233367234786,0.01757261331368573,0.10330157538518003
Mistral-Small-2,Qwen2.5,Mistral,Qwen,2024Q3,2024Q3,0,1,1,0,0.023662854935234214,0.3559764859568909,0.5835117773019272,0.5277035456342062,0.023662854935234214,0.047909346955341735,0.023154991420407996,-0.016424413467032346,0.06561869089498656
Mistral-Small-2,Qwen3,Mistral,Qwen,2024Q3,2025Q2,0,1,0,1,0.03409333557748173,0.3179559971611072,0.48537378114842905,0.4825071189792205,0.03409333557748173,0.06843577109790201,0.03409125174134943,-0.004930509478219136,0.07679628332440011
Mistral-Small-2,Qwen3.5,Mistral,Qwen,2024Q3,2026Q1,0,1,0,1,0.05471468197406608,0.3359154929577465,0.5107066381156317,0.5029580891490394,0.05471468197406608,0.10938684182034718,0.054691556781660704,0.012862535135832855,0.09871561126753634
Mistral-Small-2,Qwen3.6,Mistral,Qwen,2024Q3,2026Q2,0,1,0,1,0.04679136161141858,0.33565945568736916,0.5149892933618844,0.5027575490934729,0.04679136161141858,0.09358948140841343,0.046741699042736465,0.0033238476992601285,0.09022872927856908
Mistral-Small-3,Mistral-Small-3.1,Mistral,Mistral,2025Q1,2025Q1,1,0,1,0,0.07196135315373661,0.3610729023383769,0.5480167014613778,0.5308400456187721,0.07196135315373661,0.1433574383049671,0.07181865594545611,0.030040317882086404,0.11386817430798822
Mistral-Small-3,Mistral-Small-3.2,Mistral,Mistral,2025Q1,2025Q2,1,0,0,1,0.012153728460761182,0.24613003095975233,0.48773006134969327,0.402365343998908,0.012153728460761182,0.025937334815813937,0.01155285655135466,-0.029323892812760415,0.055329538120378934
Mistral-Small-3,Mistral-Small-4,Mistral,Mistral,2025Q1,2026Q1,1,0,0,1,0.0339979565633167,0.34858681022880217,0.5407098121085595,0.5174652173051657,0.0339979565633167,0.06805837471819516,0.03386656978717126,-0.012696564172378369,0.08006107494048031
Mistral-Small-3,Mixtral-8x22B,Mistral,Mistral,2025Q1,2024Q2,1,0,0,1,0.04467313940065051,0.3003690036900369,0.5062189054726368,0.4637496878630456,0.04467313940065051,0.09094422580631756,0.04413128876914765,-0.004348289393937741,0.08414537976047501
Mistral-Small-3,Mixtral-8x7B,Mistral,Mistral,2025Q1,2023Q4,1,0,0,1,0.06614249559914852,0.35452660677263304,0.535490605427975,0.5236013405796794,0.06614249559914852,0.13182683215837412,0.06607844941024957,0.02472310940957087,0.10707236717300492
Mistral-Small-3,Phi-1,Mistral,Phi,2025Q1,2023Q2,0,1,0,1,0.06847129120335195,0.3143068939955523,0.5202453987730061,0.47984867251821084,0.06847129120335195,0.13867059391359232,0.067756467754452,0.02593624808549667,0.1129207278478802
Mistral-Small-3,Phi-1.5,Mistral,Phi,2025Q1,2023Q3,0,1,0,1,0.07204861749201673,0.3615120274914089,0.5490605427974948,0.5313310215477043,0.07204861749201673,0.14353755878844934,0.07189654793469506,0.02974027299489289,0.11762228626149213
Mistral-Small-3,Phi-2,Mistral,Phi,2025Q1,2023Q4,0,1,0,1,0.09261838681824969,0.3403944485025566,0.5313568985176739,0.5083974522212811,0.09261838681824969,0.18505293617432866,0.09231087799572589,0.04720848743479268,0.13762653684845583
Mistral-Small-3,Phi-3,Mistral,Phi,2025Q1,2024Q2,0,1,0,1,0.04028827449811495,0.3433652530779754,0.524008350730689,0.5113543705816235,0.04028827449811495,0.08052010402080416,0.04024185905151908,-0.00870725949913401,0.08338301401863706
Mistral-Small-3,Phi-3.5,Mistral,Phi,2025Q1,2024Q3,0,1,0,1,0.06952951631133208,0.3625170998632011,0.5532359081419624,0.5325162262810871,0.06952951631133208,0.1386197918746456,0.0693289981905839,0.02272103525944014,0.1158431937474273
Mistral-Small-3,Phi-4,Mistral,Phi,2025Q1,2024Q4,0,1,0,1,0.06487567507261485,0.38486627527723416,0.615866388308977,0.5584782889508231,0.06487567507261485,0.13123806786689385,0.06349001420158296,0.019445729080990827,0.10983521124632407
Mistral-Small-3,Phi-4-reasoning-plus,Mistral,Phi,2025Q1,2025Q2,0,1,0,1,0.05542126103676634,0.3555858310626703,0.5448851774530271,0.5249862148711419,0.05542126103676634,0.1106738337492801,0.05526971749968049,0.01202460737388578,0.095048125920827
Mistral-Small-3,Phi-4-reasoning-vision-15B,Mistral,Phi,2025Q1,2026Q1,0,1,0,1,0.07339382502236055,0.36802721088435375,0.5647181628392485,0.5386421376181829,0.07339382502236055,0.14638349252549807,0.07306336095850628,0.028899143016646218,0.11095369338504506
Mistral-Small-3,Qwen-7B,Mistral,Qwen,2025Q1,2023Q3,0,1,0,1,0.07204327126516344,0.3406985032074127,0.5178764897074756,0.5083283033304146,0.07204327126516344,0.14382943928043193,0.07199884426234442,0.02801248595660824,0.11384454338139038
Mistral-Small-3,Qwen1.5,Mistral,Qwen,2025Q1,2024Q1,0,1,0,1,0.0758081843494748,0.39218241042345275,0.6283924843423799,0.5664438085752269,0.0758081843494748,0.1535370934310239,0.07396195402960538,0.030278110889467184,0.11574142011635818
Mistral-Small-3,Qwen2,Mistral,Qwen,2025Q1,2024Q2,0,1,0,1,0.10727714118019487,0.3515681983953319,0.5385474860335195,0.5205383918587665,0.10727714118019487,0.21327981495339818,0.10706214405528376,0.0650975897220428,0.15262396821492216
Mistral-Small-3,Qwen2.5,Mistral,Qwen,2025Q1,2024Q3,0,1,0,1,0.07883168379405278,0.3870541611624835,0.6116910229645094,0.5602499281673857,0.07883168379405278,0.15858331909492543,0.07750177938773159,0.03355564511072993,0.11853373639534201
Mistral-Small-3,Qwen3,Mistral,Qwen,2025Q1,2025Q2,0,1,0,1,0.06802781707988553,0.3387900355871886,0.5157096424702059,0.5062014066637601,0.06802781707988553,0.13589238660928782,0.06798586629158698,0.025751022454577863,0.11211226361082723
Mistral-Small-3,Qwen3.5,Mistral,Qwen,2025Q1,2026Q1,0,1,0,1,0.06755182124752293,0.34712482468443195,0.5167014613778705,0.5153583307946678,0.06755182124752293,0.13467275275850915,0.06755097421392835,0.022004351525677243,0.11300033416057262
Mistral-Small-3,Qwen3.6,Mistral,Qwen,2025Q1,2026Q2,0,1,0,1,0.011172090803267521,0.3246753246753247,0.49582463465553234,0.4902276662495784,0.011172090803267521,0.02236517765887092,0.011169382281116197,-0.03148503918572309,0.056460245322856456
Mistral-Small-3.1,Mistral-Small-3.2,Mistral,Mistral,2025Q1,2025Q2,1,0,0,1,0.03660348535109529,0.26455026455026454,0.5368098159509203,0.42897439997088876,0.03660348535109529,0.0780450963620812,0.03405909612551463,-0.007214718138665683,0.07883486914355946
Mistral-Small-3.1,Mistral-Small-4,Mistral,Mistral,2025Q1,2026Q1,1,0,0,1,0.06211343383642475,0.37616511318242346,0.5533790401567091,0.5467260086863718,0.06211343383642475,0.12389306299505098,0.06209398278737253,0.019433732282424895,0.10604460789482988
Mistral-Small-3.1,Mixtral-8x22B,Mistral,Mistral,2025Q1,2024Q2,1,0,0,1,0.06845863480464717,0.32150615496017376,0.5522388059701493,0.49005189700062796,0.06845863480464717,0.1390843756994007,0.06684088292587705,0.025522267695486562,0.1145079091723771
Mistral-Small-3.1,Mixtral-8x7B,Mistral,Mistral,2025Q1,2023Q4,1,0,0,1,0.08697735453809412,0.37806539509536785,0.5538922155688623,0.5487142657044551,0.08697735453809412,0.17268578645727836,0.08696165238940023,0.044276245770141026,0.13039085994195213
Mistral-Small-3.1,Phi-1,Mistral,Phi,2025Q1,2023Q2,0,1,0,1,0.036523362528069966,0.3095577746077033,0.5325153374233129,0.4757710957952771,0.036523362528069966,0.07426854230005857,0.03574612629932717,-0.005601575263943119,0.08128600145350558
Mistral-Small-3.1,Phi-1.5,Mistral,Phi,2025Q1,2023Q3,0,1,0,1,0.05354296839152463,0.36722408026755854,0.5377081292850147,0.5371822532381453,0.05354296839152463,0.10682611637752933,0.053542861201960584,0.008671983624110749,0.09875008171218844
Mistral-Small-3.1,Phi-2,Mistral,Phi,2025Q1,2023Q4,0,1,0,1,0.08524898030452065,0.34801136363636365,0.5587229190421893,0.5178254750926411,0.08524898030452065,0.1706757981100818,0.08436508498548258,0.042540372581445,0.1303231281905028
Mistral-Small-3.1,Phi-3,Mistral,Phi,2025Q1,2024Q2,0,1,0,1,0.052886614542167865,0.36314727639542704,0.536779324055666,0.5328216933414585,0.052886614542167865,0.10550196940734208,0.052880662963533276,0.007395921033625835,0.09426866855953996
Mistral-Small-3.1,Phi-3.5,Mistral,Phi,2025Q1,2024Q3,0,1,0,1,0.05432938548890497,0.37,0.5435847208619001,0.5401567936978168,0.05432938548890497,0.10841718026657933,0.054324787898559414,0.013696288018700242,0.09968758285378757
Mistral-Small-3.1,Phi-4,Mistral,Phi,2025Q1,2024Q4,0,1,0,1,0.055305064110580164,0.3976982097186701,0.6092066601371204,0.5703146805530481,0.055305064110580164,0.11178663889851163,0.0547246208111105,0.00566779838451305,0.09602369791439302
Mistral-Small-3.1,Phi-4-reasoning-plus,Mistral,Phi,2025Q1,2025Q2,0,1,0,1,0.06837808985807073,0.3760053619302949,0.5494613124387855,0.546525136728161,0.06837808985807073,0.1362070615252129,0.06837394729258056,0.02810348526112146,0.11190074248696626
Mistral-Small-3.1,Phi-4-reasoning-vision-15B,Mistral,Phi,2025Q1,2026Q1,0,1,0,1,0.08302196898676326,0.38729096989966555,0.5670910871694417,0.5584078399673875,0.08302196898676326,0.16514545639296838,0.08297935602325403,0.039844757124656446,0.12829893909055287
Mistral-Small-3.1,Qwen-7B,Mistral,Qwen,2025Q1,2023Q3,0,1,0,1,0.041750131852024266,0.33884297520661155,0.5330444203683641,0.5068172419808588,0.041750131852024266,0.08363292907167187,0.04154981395084151,-0.0007628114386866912,0.08371596677060078
Mistral-Small-3.1,Qwen1.5,Mistral,Qwen,2025Q1,2024Q1,0,1,0,1,0.07140982812978587,0.4075495841330774,0.623898139079334,0.5805901435932276,0.07140982812978587,0.14438115754053982,0.07050603217494562,0.031181309241574248,0.11444110418058268
Mistral-Small-3.1,Qwen2,Mistral,Qwen,2025Q1,2024Q2,0,1,0,1,0.07262236680393576,0.34645115952213634,0.5508379888268157,0.5157301609508769,0.07262236680393576,0.1453644630644814,0.07204613826512547,0.030612910322648283,0.11404982954347677
Mistral-Small-3.1,Qwen2.5,Mistral,Qwen,2025Q1,2024Q3,0,1,0,1,0.05660394318852299,0.39368556701030927,0.5984329089128305,0.5658421395784464,0.05660394318852299,0.11398792930135643,0.056185545296072795,0.015783744175658084,0.10206173551297722
Mistral-Small-3.1,Qwen3,Mistral,Qwen,2025Q1,2025Q2,0,1,0,1,0.04576292776254394,0.3406896551724138,0.5352112676056338,0.5088774746718379,0.04576292776254394,0.09164033323757541,0.045543356392713,0.001265944962145966,0.08732958301579048
Mistral-Small-3.1,Qwen3.5,Mistral,Qwen,2025Q1,2026Q1,0,1,0,1,0.07684655441161413,0.36451169188445665,0.5503634475597092,0.5345026404802491,0.07684655441161413,0.15294741056968064,0.07671739058751359,0.03218134197023038,0.11861478268562188
Mistral-Small-3.1,Qwen3.6,Mistral,Qwen,2025Q1,2026Q2,0,1,0,1,0.07545172746726095,0.3677375256322625,0.5489795918367347,0.5378440478359134,0.07545172746726095,0.15012181722638895,0.07538833689850255,0.032640142141355924,0.11773421556404115
Mistral-Small-3.2,Mistral-Small-4,Mistral,Mistral,2025Q2,2026Q1,1,0,0,1,0.03417824548636469,0.2662192393736018,0.5475460122699386,0.4322933710815379,0.03417824548636469,0.0729913025234996,0.03150368894733116,-0.011662096793167803,0.0795607614421319
Mistral-Small-3.2,Mixtral-8x22B,Mistral,Mistral,2025Q2,2024Q2,1,0,0,1,0.032406885981648294,0.23494486853265478,0.42484662576687116,0.3825850071985487,0.032406885981648294,0.07009189680078674,0.03197280079674438,-0.013523929492615204,0.07318290903278524
Mistral-Small-3.2,Mixtral-8x7B,Mistral,Mistral,2025Q2,2023Q4,1,0,0,1,0.056209506849972814,0.27132974634896234,0.5414110429447853,0.4367340436806934,0.056209506849972814,0.11954682190028085,0.05265934909303133,0.011877970079473197,0.09912706673094449
Mistral-Small-3.2,Phi-1,Mistral,Phi,2025Q2,2023Q2,0,1,0,1,0.026722760851623922,0.23380992430613962,0.4263803680981595,0.3813661949355469,0.026722760851623922,0.057753298177791956,0.026314101878967815,-0.018985223101771084,0.06492395258139307
Mistral-Small-3.2,Phi-1.5,Mistral,Phi,2025Q2,2023Q3,0,1,0,1,0.045883338562661344,0.2689393939393939,0.5444785276073619,0.43467707736223843,0.045883338562661344,0.09778169878761972,0.04266252911694787,0.0012208294375442704,0.08756258844462751
Mistral-Small-3.2,Phi-2,Mistral,Phi,2025Q2,2023Q4,0,1,0,1,0.07544907965497022,0.26572847682119205,0.49233128834355827,0.42450365887097913,0.07544907965497022,0.16016683855540445,0.07333503274146562,0.031298394507017525,0.11951010456633951
Mistral-Small-3.2,Phi-3,Mistral,Phi,2025Q2,2024Q2,0,1,0,1,0.042761552391805846,0.26564885496183205,0.5337423312883436,0.42969119626015456,0.042761552391805846,0.09107762772860285,0.040004470665250966,0.0007477157983138019,0.08928026276646144
Mistral-Small-3.2,Phi-3.5,Mistral,Phi,2025Q2,2024Q3,0,1,0,1,0.03610855387781034,0.26576576576576577,0.5429447852760736,0.43114087102142856,0.03610855387781034,0.07704640274007543,0.03343638074304822,-0.006566230340246417,0.07747202339927997
Mistral-Small-3.2,Phi-4,Mistral,Phi,2025Q2,2024Q4,0,1,0,1,0.039388096845497954,0.28047921071176884,0.6104294478527608,0.45666351117907633,0.039388096845497954,0.08548172071277015,0.034442321877777994,-0.003695392145134705,0.08682385841970741
Mistral-Small-3.2,Phi-4-reasoning-plus,Mistral,Phi,2025Q2,2025Q2,0,1,1,0,0.03109450568780792,0.2633158289572393,0.5383435582822086,0.42790116604669737,0.03109450568780792,0.06635420794446797,0.028815114880688702,-0.015623400175783474,0.07373520176592988
Mistral-Small-3.2,Phi-4-reasoning-vision-15B,Mistral,Phi,2025Q2,2026Q1,0,1,0,1,0.022905927378808144,0.26202812731310143,0.5429447852760736,0.4272334798820515,0.022905927378808144,0.048953539338154724,0.021055649598799644,-0.02549062931375345,0.06453298280124127
Mistral-Small-3.2,Qwen-7B,Mistral,Qwen,2025Q2,2023Q3,0,1,0,1,0.09650467448381464,0.28152969894222946,0.5306748466257669,0.44601703922252944,0.09650467448381464,0.20347011693373754,0.09268765849708792,0.051931480668327874,0.14001990217988902
Mistral-Small-3.2,Qwen1.5,Mistral,Qwen,2025Q2,2024Q1,0,1,0,1,0.055609937698334486,0.2885292047853624,0.6288343558282209,0.46763085226069606,0.055609937698334486,0.12111795375547832,0.048284275886479426,0.012892394494851129,0.09542436119213762
Mistral-Small-3.2,Qwen2,Mistral,Qwen,2025Q2,2024Q2,0,1,0,1,0.06484951646336286,0.26285714285714284,0.4938650306748466,0.4215223008836369,0.06484951646336286,0.13783512675542586,0.0627529944159591,0.020313334486941045,0.10978196219972042
Mistral-Small-3.2,Qwen2.5,Mistral,Qwen,2025Q2,2024Q3,0,1,0,1,0.036008830988425305,0.27686832740213524,0.5966257668711656,0.4508091803486126,0.036008830988425305,0.07780318234946239,0.0318424723846406,-0.006347392055143922,0.07932503249847496
Mistral-Small-3.2,Qwen3,Mistral,Qwen,2025Q2,2025Q2,0,1,1,0,0.07082829441628381,0.26913779210314265,0.5122699386503068,0.43054824017434923,0.07082829441628381,0.1501878368813633,0.06802684740301101,0.02310940832280446,0.11563536968551709
Mistral-Small-3.2,Qwen3.5,Mistral,Qwen,2025Q2,2026Q1,0,1,0,1,0.05777216190125799,0.26766091051805335,0.5230061349693251,0.4303456699725373,0.05777216190125799,0.12272793237310888,0.054829990963647775,0.018558217840102254,0.10141664924555094
Mistral-Small-3.2,Qwen3.6,Mistral,Qwen,2025Q2,2026Q2,0,1,0,1,0.04165124057311296,0.26218097447795824,0.5199386503067485,0.42409471705584983,0.04165124057311296,0.0886656098258938,0.039313622814790915,-0.0027437072949983124,0.08516859723440626
Mistral-Small-4,Mixtral-8x22B,Mistral,Mistral,2026Q1,2024Q2,1,0,0,1,0.06228881797616824,0.32237312365975695,0.5609452736318408,0.4917933763842406,0.06228881797616824,0.12682971443775126,0.06047079530948972,0.019421617090022516,0.10451806435094872
Mistral-Small-4,Mixtral-8x7B,Mistral,Mistral,2026Q1,2023Q4,1,0,0,1,0.053965233268488684,0.3680694722778891,0.5499001996007984,0.5382101649219171,0.053965233268488684,0.10773024672360801,0.05391295999231936,0.004993031858077007,0.09192313349620125
Mistral-Small-4,Phi-1,Mistral,Phi,2026Q1,2023Q2,0,1,0,1,0.046358441406692576,0.31798866855524077,0.550920245398773,0.4862971164352116,0.046358441406692576,0.09431850682052749,0.04512597792783407,0.0006165126116272729,0.08723514781312129
Mistral-Small-4,Phi-1.5,Mistral,Phi,2026Q1,2023Q3,0,1,0,1,0.04400020414051558,0.3683862433862434,0.544477028347996,0.5384576308847032,0.04400020414051558,0.08793852188356781,0.043988539875187874,0.003358770031444913,0.086800466764168
Mistral-Small-4,Phi-2,Mistral,Phi,2026Q1,2023Q4,0,1,0,1,0.08337871322397966,0.35137034434293746,0.5701254275940707,0.5220407024608775,0.08337871322397966,0.16720812716702202,0.08219295227602227,0.04002329475166923,0.1254923206079245
Mistral-Small-4,Phi-3,Mistral,Phi,2026Q1,2024Q2,0,1,0,1,-0.004280608251926216,0.34293193717277487,0.5208747514910537,0.5108183081675807,-0.004280608251926216,-0.008570306173987638,-0.004277180501818448,-0.04686151037294329,0.03934065573228087
Mistral-Small-4,Phi-3.5,Mistral,Phi,2026Q1,2024Q3,0,1,0,1,0.06454159750088782,0.3802256138022561,0.5541586073500967,0.5509707077988768,0.06454159750088782,0.12873245401984248,0.06453693576754059,0.01985875514388167,0.1077271438638664
Mistral-Small-4,Phi-4,Mistral,Phi,2026Q1,2024Q4,0,1,0,1,0.052179675486346486,0.4029187817258883,0.607074569789675,0.575234493566947,0.052179675486346486,0.10554951033732318,0.05180318618312991,0.002182635176674951,0.09208961101383784
Mistral-Small-4,Phi-4-reasoning-plus,Mistral,Phi,2026Q1,2025Q2,0,1,0,1,0.06062318745488533,0.3779840848806366,0.5523255813953488,0.5486168784729993,0.06062318745488533,0.12097083653108212,0.0606172285604411,0.01570450970784785,0.10345784297211487
Mistral-Small-4,Phi-4-reasoning-vision-15B,Mistral,Phi,2026Q1,2026Q1,0,1,1,0,0.08878062763831701,0.39561170212765956,0.5688336520076482,0.566939789169655,0.08878062763831701,0.1765315600843569,0.0887784418412089,0.04673788766617127,0.13184852524263743
Mistral-Small-4,Qwen-7B,Mistral,Qwen,2026Q1,2023Q3,0,1,0,1,0.05877854394698216,0.3514070006863418,0.5547128927410617,0.5210786366628813,0.05877854394698216,0.11767472713019357,0.05833537609786136,0.017037877078814746,0.09531962850285937
Mistral-Small-4,Qwen1.5,Mistral,Qwen,2026Q1,2024Q1,0,1,0,1,0.04758408412031883,0.4037854889589905,0.6118546845124283,0.5763114248643162,0.04758408412031883,0.09653740241188687,0.047154268244726946,0.004544572037266105,0.09036768965658704
Mistral-Small-4,Qwen2,Mistral,Qwen,2026Q1,2024Q2,0,1,0,1,0.042107085124343406,0.3367768595041322,0.5463687150837989,0.5053956495623374,0.042107085124343406,0.08465657722711763,0.04162893225719765,-0.004110510491665344,0.0823755457690593
Mistral-Small-4,Qwen2.5,Mistral,Qwen,2026Q1,2024Q3,0,1,0,1,0.07025351692574021,0.40616966580976865,0.6042065009560229,0.5782533854306451,0.07025351692574021,0.14126747846457943,0.06992474845692069,0.030829931365197315,0.1151038575922226
Mistral-Small-4,Qwen3,Mistral,Qwen,2026Q1,2025Q2,0,1,0,1,0.020625001704057046,0.3340108401084011,0.5341278439869989,0.5017417341304696,0.020625001704057046,0.04140513825228472,0.02046949704147903,-0.0240164826419395,0.06070548492305128
Mistral-Small-4,Qwen3.5,Mistral,Qwen,2026Q1,2026Q1,0,1,1,0,0.010720681536662538,0.3393333333333333,0.5285565939771547,0.5071527637210286,0.010720681536662538,0.02147710807589033,0.010683816144921223,-0.034258432697411086,0.05575646166007246
Mistral-Small-4,Qwen3.6,Mistral,Qwen,2026Q1,2026Q2,0,1,0,1,0.06299927630770738,0.36707152496626183,0.5551020408163265,0.5373039330281296,0.06299927630770738,0.12567310611507918,0.06286216680653807,0.01834930177327255,0.10653727428139324
Mixtral-8x22B,Mixtral-8x7B,Mistral,Mistral,2024Q2,2023Q4,1,0,0,1,0.057507534937709034,0.31345454545454543,0.5360696517412935,0.4801925136860188,0.057507534937709034,0.11690901778347203,0.05636990299802477,0.018257256111223266,0.0961154513881565
Mixtral-8x22B,Phi-1,Mistral,Phi,2024Q2,2023Q2,0,1,0,1,0.07963247265053426,0.29209896249002393,0.4552238805970149,0.4521413811930132,0.07963247265053426,0.1632543653630144,0.07962728536742278,0.030131294531937622,0.12431623885056292
Mixtral-8x22B,Phi-1.5,Mistral,Phi,2024Q2,2023Q3,0,1,0,1,0.04438031771087598,0.31061692969870874,0.5385572139303483,0.47744357691939304,0.04438031771087598,0.09039909575971145,0.04331274614039896,-0.0022765148654505067,0.09106141238478774
Mixtral-8x22B,Phi-2,Mistral,Phi,2024Q2,2023Q4,0,1,0,1,0.08106804073249546,0.30411171450737007,0.48756218905472637,0.4668294502134641,0.08106804073249546,0.16486253792849798,0.08084091272394893,0.042384399906670034,0.12300205768986146
Mixtral-8x22B,Phi-3,Mistral,Phi,2024Q2,2024Q2,0,1,1,0,0.04403080324705941,0.3078034682080925,0.5298507462686567,0.4736773128724526,0.04403080324705941,0.08964073944890129,0.043125284665233674,0.006542436270291818,0.08258502774982186
Mixtral-8x22B,Phi-3.5,Mistral,Phi,2024Q2,2024Q3,0,1,0,1,0.0823071013879554,0.3299565846599132,0.5671641791044776,0.5001226790230119,0.0823071013879554,0.16702280972022066,0.08013001358944004,0.040276612945399214,0.12530030126916095
Mixtral-8x22B,Phi-4,Mistral,Phi,2024Q2,2024Q4,0,1,0,1,0.07583000611375684,0.34494535519125685,0.6281094527363185,0.5217955740931606,0.07583000611375684,0.1567027050126063,0.0710424860026735,0.031197227322307845,0.11657655881816108
Mixtral-8x22B,Phi-4-reasoning-plus,Mistral,Phi,2024Q2,2025Q2,0,1,0,1,0.041089613548645695,0.31049250535331907,0.5410447761194029,0.47755278698030373,0.041089613548645695,0.0837502963452828,0.04002098836099989,0.00040089418855141716,0.0837112030851264
Mixtral-8x22B,Phi-4-reasoning-vision-15B,Mistral,Phi,2024Q2,2026Q1,0,1,0,1,0.05452062961384648,0.31982942430703626,0.5597014925373134,0.4890691894042119,0.05452062961384648,0.11115275071203717,0.052839107352818805,0.013172957060689019,0.09713614628154453
Mixtral-8x22B,Qwen-7B,Mistral,Qwen,2024Q2,2023Q3,0,1,0,1,0.04900108816804385,0.29654654654654655,0.49129353233830847,0.45853049142239694,0.04900108816804385,0.09984744024743024,0.048642106673922686,0.0049597971624398135,0.09007894245358901
Mixtral-8x22B,Qwen1.5,Mistral,Qwen,2024Q2,2024Q1,0,1,0,1,0.053986134819382456,0.33715441672285906,0.6218905472636815,0.5135527716031129,0.053986134819382456,0.11202883961833966,0.05031862148386016,0.004417763681908484,0.09279635163624105
Mixtral-8x22B,Qwen2,Mistral,Qwen,2024Q2,2024Q2,0,1,1,0,0.07426295899281413,0.3039140445126631,0.4925373134328358,0.4668266532191125,0.07426295899281413,0.1509995746490855,0.07394172061015697,0.03261382250706986,0.11690373721903626
Mixtral-8x22B,Qwen2.5,Mistral,Qwen,2024Q2,2024Q3,0,1,0,1,0.03691481866146648,0.32471068754254595,0.5932835820895522,0.49780276291690334,0.03691481866146648,0.07611812840154479,0.0348617283758435,-0.00672913274960185,0.08020171519995278
Mixtral-8x22B,Qwen3,Mistral,Qwen,2024Q2,2025Q2,0,1,0,1,0.059229252184083724,0.30143180105501133,0.4975124378109453,0.46433467485812346,0.059229252184083724,0.12051813557769953,0.05879533926011349,0.017605361301038833,0.10096609965964372
Mixtral-8x22B,Qwen3.5,Mistral,Qwen,2024Q2,2026Q1,0,1,0,1,0.0242343236885452,0.2916666666666667,0.4962686567164179,0.4534524239188636,0.0242343236885452,0.04941446727758496,0.02392147856253539,-0.012921484205928906,0.0657566246022816
Mixtral-8x22B,Qwen3.6,Mistral,Qwen,2024Q2,2026Q2,0,1,0,1,0.02456120922441399,0.2946298984034833,0.5049751243781094,0.457388215960471,0.02456120922441399,0.050064035394108745,0.024174765079110212,-0.02500232477310893,0.06829822009138972
Mixtral-8x7B,Phi-1,Mistral,Phi,2023Q4,2023Q2,0,1,0,1,0.029885934175333154,0.3034433285509326,0.5190184049079755,0.46808820977654414,0.029885934175333154,0.06076895383049248,0.029359137119265768,-0.014570358498164238,0.07581032396974949
Mixtral-8x7B,Phi-1.5,Mistral,Phi,2023Q4,2023Q3,0,1,0,1,0.050967584617761325,0.3618022864828514,0.5369261477045908,0.5313865993343923,0.050967584617761325,0.10169768917877829,0.05095634399182357,0.008411546468332731,0.08783559807733246
Mixtral-8x7B,Phi-2,Mistral,Phi,2023Q4,2023Q4,0,1,1,0,0.0838831186371293,0.3440629470672389,0.548460661345496,0.5131111108551611,0.0838831186371293,0.16787596949249614,0.08322552652047589,0.037164289963636715,0.12922548702604658
Mixtral-8x7B,Phi-3,Mistral,Phi,2023Q4,2024Q2,0,1,0,1,0.0659893197948427,0.3650577838205302,0.5359281437125748,0.5348616189865034,0.0659893197948427,0.13140883944893839,0.06598879186550254,0.02000962266885466,0.10862530813381631
Mixtral-8x7B,Phi-3.5,Mistral,Phi,2023Q4,2024Q3,0,1,0,1,0.05596446868105732,0.36644295302013424,0.5449101796407185,0.5364120342491071,0.05596446868105732,0.11164339265611152,0.055935803634647244,0.015529092220768913,0.10075452884164635
Mixtral-8x7B,Phi-4,Mistral,Phi,2023Q4,2024Q4,0,1,0,1,0.08584682308265222,0.4062297209604153,0.624750499001996,0.579398691093238,0.08584682308265222,0.1727966236596884,0.0846979503236068,0.040679416922694986,0.1303241338303166
Mixtral-8x7B,Phi-4-reasoning-plus,Mistral,Phi,2023Q4,2025Q2,0,1,0,1,0.055964773175374294,0.36601746138347885,0.5439121756487026,0.5359481706260647,0.055964773175374294,0.11163666989985112,0.05593958013312851,0.011549581072295884,0.10000179788578396
Mixtral-8x7B,Phi-4-reasoning-vision-15B,Mistral,Phi,2023Q4,2026Q1,0,1,0,1,0.0689911039362558,0.37642330877428,0.5608782435129741,0.5471271537483291,0.0689911039362558,0.1375201108241146,0.06890130353817506,0.024795988682064018,0.1116394317418967
Mixtral-8x7B,Qwen-7B,Mistral,Qwen,2023Q4,2023Q3,0,1,0,1,0.017205114697089897,0.32393397524071527,0.5102925243770314,0.4897632518837956,0.017205114697089897,0.03450273342746461,0.017151358690761516,-0.024357065812833735,0.06097864330674673
Mixtral-8x7B,Qwen1.5,Mistral,Qwen,2023Q4,2024Q1,0,1,0,1,0.04944060891051881,0.39272030651340994,0.6137724550898204,0.5658278928339777,0.04944060891051881,0.10025598852379951,0.04865942007238577,0.003869937272923837,0.09030246964109835
Mixtral-8x7B,Qwen2,Mistral,Qwen,2023Q4,2024Q2,0,1,0,1,0.05350587502803724,0.3340365682137834,0.5307262569832403,0.5015892627340213,0.05350587502803724,0.10730202262598561,0.0531988282460683,0.008443439894442201,0.09781787129693396
Mixtral-8x7B,Qwen2.5,Mistral,Qwen,2023Q4,2024Q3,0,1,0,1,0.05224552522373631,0.3868046571798189,0.5968063872255489,0.5590289143784083,0.05224552522373631,0.1052704430168462,0.051730691516390745,0.01150152576687994,0.10103387288749714
Mixtral-8x7B,Qwen3,Mistral,Qwen,2023Q4,2025Q2,0,1,0,1,0.08139581894179977,0.35372714486638535,0.5449620801733478,0.5230380375744144,0.08139581894179977,0.16220613454750415,0.08114150420835187,0.03868339796926793,0.12582324772067868
Mixtral-8x7B,Qwen3.5,Mistral,Qwen,2023Q4,2026Q1,0,1,0,1,0.08913521209723806,0.3664812239221141,0.5472481827622014,0.5364924454525197,0.08913521209723806,0.17698907553340726,0.0890674090117331,0.045835516902316326,0.1340014114771682
Mixtral-8x7B,Qwen3.6,Mistral,Qwen,2023Q4,2026Q2,0,1,0,1,0.09005819352076859,0.3706777316735823,0.5469387755102041,0.540901132927511,0.09005819352076859,0.1787046887156444,0.09003639854405836,0.04748349152538762,0.1312047674027515
Phi-1,Phi-1.5,Phi,Phi,2023Q2,2023Q3,1,0,0,1,0.10000727222577967,0.3396501457725947,0.5717791411042945,0.5103513823675396,0.10000727222577967,0.20173866265879054,0.09783869634704341,0.05494430674826624,0.14250975418489617
Phi-1,Phi-2,Phi,Phi,2023Q2,2023Q4,1,0,0,1,0.06279759109908077,0.29754601226993865,0.47607361963190187,0.4589370551002638,0.06279759109908077,0.12789991041054524,0.06267108043530538,0.017542049952366034,0.10557725583572919
Phi-1,Phi-3,Phi,Phi,2023Q2,2024Q2,1,0,0,1,0.06523724537401554,0.3205221174764322,0.5423312883435583,0.4881400874523468,0.06523724537401554,0.1322253709364056,0.06403891680234938,0.019130156881589602,0.10512178105406936
Phi-1,Phi-3.5,Phi,Phi,2023Q2,2024Q3,1,0,0,1,0.07258415120576647,0.32830459770114945,0.5607361963190184,0.49782548591576187,0.07258415120576647,0.1471650750791665,0.07084438879448267,0.026610930600465533,0.11033079049933775
Phi-1,Phi-4,Phi,Phi,2023Q2,2024Q4,1,0,0,1,0.07069763147798447,0.3460231135282121,0.6245398773006134,0.522367339502147,0.07069763147798447,0.1457988029710828,0.06649523301229962,0.027650640194966686,0.1131643715372145
Phi-1,Phi-4-reasoning-plus,Phi,Phi,2023Q2,2025Q2,1,0,0,1,0.043696253915193266,0.3145907473309609,0.5423312883435583,0.48195181078048255,0.043696253915193266,0.08885024634620958,0.042667408939080595,0.0013228465665542253,0.08909281161969457
Phi-1,Phi-4-reasoning-vision-15B,Phi,Phi,2023Q2,2026Q1,1,0,0,1,0.06501709459480956,0.32764747690120827,0.5656441717791411,0.4976315826125489,0.06501709459480956,0.1321175878626996,0.0631854665009581,0.02248452272056996,0.10678465100606185
Phi-1,Qwen-7B,Phi,Qwen,2023Q2,2023Q3,0,1,0,1,0.05894444820229624,0.3038259564891223,0.49693251533742333,0.4669553637272024,0.05894444820229624,0.1196957607535517,0.05858960897991895,0.013065626299476952,0.10561359575054326
Phi-1,Qwen1.5,Phi,Qwen,2023Q2,2024Q1,0,1,0,1,0.05493520192184457,0.3409549428379287,0.6220858895705521,0.5172163586670793,0.05493520192184457,0.11372030137003898,0.051412475861835345,0.012478788010118733,0.09552569001831168
Phi-1,Qwen2,Phi,Qwen,2023Q2,2024Q2,0,1,0,1,0.03128497624120337,0.2857142857142857,0.4662576687116564,0.4449316237851107,0.03128497624120337,0.06388090885348655,0.031180684802284395,-0.015377684118311606,0.07886612695977901
Phi-1,Qwen2.5,Phi,Qwen,2023Q2,2024Q3,0,1,0,1,0.025977094036224335,0.32319134550371875,0.5865030674846625,0.49546849016261174,0.025977094036224335,0.05344686827155324,0.024623149853352445,-0.015171273159800018,0.07009230325358941
Phi-1,Qwen3,Phi,Qwen,2023Q2,2025Q2,0,1,0,1,0.07119158487319148,0.3097211755840241,0.5042944785276073,0.4738732209676054,0.07119158487319148,0.14428556358348624,0.0707630192086269,0.029295010426455808,0.11838693036565608
Phi-1,Qwen3.5,Phi,Qwen,2023Q2,2026Q1,0,1,0,1,0.060235283317929,0.3112094395280236,0.5177914110429448,0.4763437847905005,0.060235283317929,0.12212493883946728,0.05956270672755015,0.01781362131837647,0.10393245085912732
Phi-1,Qwen3.6,Phi,Qwen,2023Q2,2026Q2,0,1,0,1,0.044069365032657924,0.3064046579330422,0.5165644171779141,0.4710752134927572,0.044069365032657924,0.08950127327446505,0.04346080497842005,-0.002995836063867046,0.08945588601494261
Phi-1.5,Phi-2,Phi,Phi,2023Q3,2023Q4,1,0,0,1,0.08751651712228349,0.3494318181818182,0.5610034207525656,0.5194305504918103,0.08751651712228349,0.1751647673285603,0.08658405371204866,0.046899385585145587,0.12866462680974008
Phi-1.5,Phi-3,Phi,Phi,2023Q3,2024Q2,1,0,0,1,0.06688089588557874,0.3700202565833896,0.5447316103379721,0.5401865309648007,0.06688089588557874,0.1332013180280579,0.06687122822949565,0.024503345214326337,0.10943219344381552
Phi-1.5,Phi-3.5,Phi,Phi,2023Q3,2024Q3,1,0,0,1,0.026240108582036147,0.3577557755775578,0.5298142717497556,0.5269885754860459,0.026240108582036147,0.052486176785006465,0.026238518521483654,-0.014256139713920897,0.0732669762787171
Phi-1.5,Phi-4,Phi,Phi,2023Q3,2024Q4,1,0,0,1,0.07728445848717654,0.40797940797940796,0.6197458455522972,0.580749010282704,0.07728445848717654,0.15573557752241363,0.0764952996622182,0.03438295561079041,0.1203867580198019
Phi-1.5,Phi-4-reasoning-plus,Phi,Phi,2023Q3,2025Q2,1,0,0,1,0.032289073455260324,0.3600264725347452,0.5317693059628543,0.5294454668500017,0.032289073455260324,0.06455795489106946,0.032287763794152345,-0.00898839379727737,0.0760975040557628
Phi-1.5,Phi-4-reasoning-vision-15B,Phi,Phi,2023Q3,2026Q1,1,0,0,1,0.04485589368265385,0.3702970297029703,0.5483870967741935,0.5405188683102161,0.04485589368265385,0.08967157866913368,0.0448356546630342,0.0018682169109627373,0.08478304748418601
Phi-1.5,Qwen-7B,Phi,Qwen,2023Q3,2023Q3,0,1,1,0,0.02986755154403245,0.33379026730637423,0.5276273022751896,0.5011760325954453,0.02986755154403245,0.059881769158203646,0.029718368768910253,-0.009920912147819339,0.0764804176719736
Phi-1.5,Qwen1.5,Phi,Qwen,2023Q3,2024Q1,0,1,0,1,0.05884877840798213,0.40254777070063696,0.6177908113391984,0.5754695636012038,0.05884877840798213,0.11918984756103838,0.05812228946573054,0.01626178448875932,0.09973614790738852
Phi-1.5,Qwen2,Phi,Qwen,2023Q3,2024Q2,0,1,0,1,0.052720295368001456,0.33751743375174337,0.5407821229050279,0.5058200348058398,0.052720295368001456,0.10578780276624558,0.052288722734595935,0.009980672716297516,0.09697763501762198
Phi-1.5,Qwen2.5,Phi,Qwen,2023Q3,2024Q3,0,1,0,1,0.07046651326466942,0.4003880983182406,0.6050830889540567,0.5726902379438802,0.07046651326466942,0.14164422182410555,0.06996249751689013,0.02448927613398073,0.11598874601888451
Phi-1.5,Qwen3,Phi,Qwen,2023Q3,2025Q2,0,1,0,1,0.08604916742746993,0.35988819007686934,0.5579631635969664,0.5299910816974421,0.08604916742746993,0.1714394791914435,0.08561936809909654,0.04409699581235186,0.12819813019026724
Phi-1.5,Qwen3.5,Phi,Qwen,2023Q3,2026Q1,0,1,0,1,0.10294870741203559,0.37725381414701803,0.564901349948079,0.5480850288042627,0.10294870741203559,0.20396705621979444,0.10276354822046453,0.06422208226139704,0.14908054967772325
Phi-1.5,Qwen3.6,Phi,Qwen,2023Q3,2026Q2,0,1,0,1,0.039478337770052226,0.3515519568151147,0.5316326530612245,0.5203395878192473,0.039478337770052226,0.07887330700225466,0.03944185674589683,-0.003201290210576107,0.08396722522158823
Phi-2,Phi-3,Phi,Phi,2023Q4,2024Q2,1,0,0,1,0.05213480807616969,0.3298022598870056,0.5324971493728621,0.4971850869575321,0.05213480807616969,0.10479261440741476,0.051699845514010606,0.007691828321557052,0.09139084669635568
Phi-2,Phi-3.5,Phi,Phi,2023Q4,2024Q3,1,0,0,1,0.0596693257230611,0.3382352941176471,0.5507411630558723,0.5072091326196254,0.0596693257230611,0.11995459796906986,0.058935531606820225,0.012663768646883204,0.10000293996327751
Phi-2,Phi-4,Phi,Phi,2023Q4,2024Q4,1,0,0,1,0.0534274309988373,0.3568106312292359,0.6123147092360319,0.5312653926957595,0.0534274309988373,0.10909906432870539,0.05125478415556284,0.006626149758407063,0.0971859255113143
Phi-2,Phi-4-reasoning-plus,Phi,Phi,2023Q4,2025Q2,1,0,0,1,0.047319361196770784,0.33217027215631545,0.5427594070695553,0.5003423999765083,0.047319361196770784,0.09523423043210077,0.04675198419022725,0.00022894160256461816,0.08568115067071512
Phi-2,Phi-4-reasoning-vision-15B,Phi,Phi,2023Q4,2026Q1,1,0,0,1,0.07721300163076109,0.34965034965034963,0.5701254275940707,0.5203026310883047,0.07721300163076109,0.15505966795074178,0.07602340343302026,0.035916861289340636,0.12229873171107214
Phi-2,Qwen-7B,Phi,Qwen,2023Q4,2023Q3,0,1,0,1,0.07936548784814088,0.3274336283185841,0.5062713797035348,0.4934945069330539,0.07936548784814088,0.1591772863910099,0.07927985954979619,0.03452431445466078,0.1211148545811429
Phi-2,Qwen1.5,Phi,Qwen,2023Q4,2024Q1,0,1,0,1,0.06351738325123493,0.363395225464191,0.6248574686431014,0.5389194516964576,0.06351738325123493,0.12995609945202896,0.060680986715485156,0.022080885858672152,0.10620779668844747
Phi-2,Qwen2,Phi,Qwen,2023Q4,2024Q2,0,1,0,1,0.03554996269920371,0.3010279001468429,0.467502850627138,0.462777826874915,0.03554996269920371,0.07188444398914101,0.03554405142414284,-0.009323134990486308,0.07668207558160942
Phi-2,Qwen2.5,Phi,Qwen,2023Q4,2024Q3,0,1,0,1,0.06766018369197306,0.3595959595959596,0.6088939566704675,0.5335908926179208,0.06766018369197306,0.13745310761569546,0.06532503297407473,0.02515587368709147,0.1094821734883049
Phi-2,Qwen3,Phi,Qwen,2023Q4,2025Q2,0,1,0,1,0.06319505647157612,0.3196480938416422,0.49714937286202965,0.4846027140153412,0.06319505647157612,0.12707519159132064,0.06312687462961716,0.018129331568873745,0.10855553211301487
Phi-2,Qwen3.5,Phi,Qwen,2023Q4,2026Q1,0,1,0,1,0.07002833491482606,0.3304410701373825,0.5210946408209807,0.4972825958342136,0.07002833491482606,0.1404459957653254,0.06976650737506401,0.03005301044349082,0.11546019170904287
Phi-2,Qwen3.6,Phi,Qwen,2023Q4,2026Q2,0,1,0,1,0.08923530638296524,0.34273318872017355,0.540478905359179,0.5112878908070974,0.08923530638296524,0.17837284639063936,0.08875834553000386,0.04228659638608314,0.13319780357338773
Phi-3,Phi-3.5,Phi,Phi,2024Q2,2024Q3,1,0,0,1,0.04382212486182511,0.36181575433911883,0.5387673956262425,0.5314226084858333,0.04382212486182511,0.08752688000127905,0.043804936206986174,0.0014827050017490542,0.08740743466541567
Phi-3,Phi-4,Phi,Phi,2024Q2,2024Q4,1,0,0,1,0.05273372751649192,0.39255933290570877,0.6083499005964215,0.5653136462147142,0.05273372751649192,0.10662724950489366,0.05206154092551615,0.007881096199167976,0.0972061597384971
Phi-3,Phi-4-reasoning-plus,Phi,Phi,2024Q2,2025Q2,1,0,0,1,0.043831235906066336,0.36138944555778224,0.5377733598409543,0.5309558694872681,0.043831235906066336,0.08753931555956981,0.043816412751248306,-0.0017943309488735845,0.08830786050414044
Phi-3,Phi-4-reasoning-vision-15B,Phi,Phi,2024Q2,2026Q1,1,0,0,1,0.08279986250431685,0.38373655913978494,0.5675944333996024,0.5547827286794353,0.08279986250431685,0.1646979614439208,0.08270830123979418,0.037562418236160924,0.1247721920498854
Phi-3,Qwen-7B,Phi,Qwen,2024Q2,2023Q3,0,1,0,1,0.03356224552481749,0.332182320441989,0.5211267605633803,0.4991662749134004,0.03356224552481749,0.06725192036369337,0.03344654769496481,-0.010239837871426032,0.07130202041567943
Phi-3,Qwen1.5,Phi,Qwen,2024Q2,2024Q1,0,1,0,1,0.05887797655074144,0.3979526551503519,0.6182902584493042,0.571129366975146,0.05887797655074144,0.11926242840260078,0.057988279412088506,0.01793496618527765,0.09891277200067246
Phi-3,Qwen2,Phi,Qwen,2024Q2,2024Q2,0,1,1,0,0.04789561369074254,0.33216538192011213,0.529608938547486,0.49953719821163034,0.04789561369074254,0.09611077255868952,0.0476000119924447,0.0038221543999218594,0.09134811860073949
Phi-3,Qwen2.5,Phi,Qwen,2024Q2,2024Q3,0,1,0,1,0.04561100460889429,0.3849129593810445,0.5934393638170974,0.5569834473253241,0.04561100460889429,0.09195898630840113,0.045186498897060265,0.0019661469412700226,0.08933555006284805
Phi-3,Qwen3,Phi,Qwen,2024Q2,2025Q2,0,1,0,1,0.04359220354430751,0.3367983367983368,0.5265438786565547,0.5043551135299638,0.04359220354430751,0.08728325788947307,0.043441929828419164,0.0029276227945362263,0.085936143604784
Phi-3,Qwen3.5,Phi,Qwen,2024Q2,2026Q1,0,1,0,1,0.039249581554940564,0.3440273037542662,0.5233644859813084,0.5120571120670707,0.039249581554940564,0.07843490155142004,0.03921329464858799,-0.003532244292936846,0.07821002992719817
Phi-3,Qwen3.6,Phi,Qwen,2024Q2,2026Q2,0,1,0,1,0.05213136550126722,0.3537832310838446,0.5295918367346939,0.5227034055411541,0.05213136550126722,0.10400411865888165,0.05211374635043801,0.0081051728446676,0.09732139924563754
Phi-3.5,Phi-4,Phi,Phi,2024Q3,2024Q4,1,0,0,1,0.09474260950945045,0.41870967741935483,0.6276595744680851,0.5913184975283039,0.09474260950945045,0.19031607262945527,0.09391687366123963,0.05005249482492778,0.1409328218441864
Phi-3.5,Phi-4-reasoning-plus,Phi,Phi,2024Q3,2025Q2,1,0,0,1,0.012926089465701358,0.35386631716906947,0.5232558139534884,0.5227495189012544,0.012926089465701358,0.025875336667949212,0.012926063557150213,-0.028613873188022863,0.05459568015034073
Phi-3.5,Phi-4-reasoning-vision-15B,Phi,Phi,2024Q3,2026Q1,1,0,0,1,0.11542687327877406,0.4053872053872054,0.5822050290135397,0.5769285569261713,0.11542687327877406,0.22817720485994192,0.11540596154269987,0.0708665298785218,0.1638129308565493
Phi-3.5,Qwen-7B,Phi,Qwen,2024Q3,2023Q3,0,1,0,1,0.07187281484609047,0.35526315789473684,0.5557963163596966,0.5251172018874536,0.07187281484609047,0.14356965588026574,0.07143099365860174,0.03121625260426926,0.11700661924185134
Phi-3.5,Qwen1.5,Phi,Qwen,2024Q3,2024Q1,0,1,0,1,0.09042589891277959,0.41949967928159076,0.632495164410058,0.5923257000716546,0.09042589891277959,0.182232934492554,0.08945844409073617,0.05000548924230867,0.13176223951626245
Phi-3.5,Qwen2,Phi,Qwen,2024Q3,2024Q2,0,1,0,1,0.05892963277663003,0.34237995824634654,0.5497206703910614,0.5114383799367648,0.05892963277663003,0.11822244470370714,0.058361648913379145,0.015910925452996667,0.10101555991879521
Phi-3.5,Qwen2.5,Phi,Qwen,2024Q3,2024Q3,0,1,1,0,0.045660828884080275,0.3921944977607166,0.59284332688588,0.5641143573909237,0.045660828884080275,0.09207688701359587,0.04539114846478799,0.0016155805736527249,0.08550088430651229
Phi-3.5,Qwen3,Phi,Qwen,2024Q3,2025Q2,0,1,0,1,0.061837235125057975,0.3505866114561767,0.5503791982665223,0.5199991005045349,0.061837235125057975,0.12368174902348063,0.06145710529832892,0.02051224106374103,0.10320815174363127
Phi-3.5,Qwen3.5,Phi,Qwen,2024Q3,2026Q1,0,1,0,1,0.0603341722350419,0.359428182437032,0.5482866043613707,0.5291277146373035,0.0603341722350419,0.12040089674271397,0.06018229067832659,0.015047150103494859,0.10250801333255437
Phi-3.5,Qwen3.6,Phi,Qwen,2024Q3,2026Q2,0,1,0,1,0.022697660402622114,0.3462566844919786,0.5285714285714286,0.5145842061533147,0.022697660402622114,0.045408678102926335,0.02266458808010556,-0.027478803984984958,0.06422953213350577
Phi-4,Phi-4-reasoning-plus,Phi,Phi,2024Q4,2025Q2,1,0,0,1,0.042321453228680764,0.3949206349206349,0.6027131782945736,0.5672670699669271,0.042321453228680764,0.08567086944022342,0.04194145086054365,-0.005711210964468729,0.07668355395737071
Phi-4,Phi-4-reasoning-vision-15B,Phi,Phi,2024Q4,2026Q1,1,0,0,1,0.060163019799633836,0.40825396825396826,0.610636277302944,0.5805422404669155,0.060163019799633836,0.12159985224555968,0.05977775648042134,0.019759246549092252,0.10422137902030292
Phi-4,Qwen-7B,Phi,Qwen,2024Q4,2023Q3,0,1,0,1,0.1044423618453495,0.39292861907938625,0.638136511375948,0.5680041144144893,0.1044423618453495,0.21068859198355602,0.10141650332525272,0.06216354847793963,0.14535929719655238
Phi-4,Qwen1.5,Phi,Qwen,2024Q4,2024Q1,0,1,0,1,0.0932279009321409,0.45409429280397023,0.6283261802575107,0.6245845193720932,0.0932279009321409,0.1894289178272368,0.09321819952290915,0.04658079429847287,0.14108814771517103
Phi-4,Qwen2,Phi,Qwen,2024Q4,2024Q2,0,1,0,1,0.023780599308647347,0.34905042567125083,0.5955307262569832,0.5219786366099951,0.023780599308647347,0.04850351325554749,0.02292777627601803,-0.018252653641529826,0.06770672836018385
Phi-4,Qwen2.5,Phi,Qwen,2024Q4,2024Q3,0,1,0,1,0.044627716304517145,0.42407407407407405,0.6015761821366025,0.5956082743034652,0.044627716304517145,0.09104586772542055,0.04461533735420901,-0.0020029189312018698,0.08851604291804724
Phi-4,Qwen3,Phi,Qwen,2024Q4,2025Q2,0,1,0,1,0.06579955234120383,0.37549407114624506,0.6175514626218852,0.54968140104628,0.06579955234120383,0.13347429219741117,0.06389323643114235,0.023608807944825932,0.10670413050376898
Phi-4,Qwen3.5,Phi,Qwen,2024Q4,2026Q1,0,1,0,1,0.04677774738018722,0.37823834196891193,0.6064382139148494,0.5513618854183512,0.04677774738018722,0.09476817203593811,0.045825236928551255,0.001625549312011348,0.09067213037802334
Phi-4,Qwen3.6,Phi,Qwen,2024Q4,2026Q2,0,1,0,1,0.04695281844639672,0.3829787234042553,0.6061224489795919,0.5559176265082407,0.04695281844639672,0.09505000903283023,0.046147712548589556,0.003365605225204689,0.09478396974271366
Phi-4-reasoning-plus,Phi-4-reasoning-vision-15B,Phi,Phi,2025Q2,2026Q1,1,0,0,1,0.0994947213361098,0.39745308310991956,0.5746124031007752,0.5688537941889064,0.0994947213361098,0.19735126713091036,0.09947270570888231,0.05856031081594025,0.13910997867921857
Phi-4-reasoning-plus,Qwen-7B,Phi,Qwen,2025Q2,2023Q3,0,1,0,1,0.0476297284916356,0.3436426116838488,0.5417118093174431,0.5123058382998631,0.0476297284916356,0.0953981219449447,0.04734733616369261,0.0007707867868925035,0.09146252476138285
Phi-4-reasoning-plus,Qwen1.5,Phi,Qwen,2025Q2,2024Q1,0,1,0,1,0.06230975564318381,0.4064885496183206,0.6191860465116279,0.5793007716093758,0.06230975564318381,0.1261488289356656,0.061624987930868,0.01762126258785098,0.10610420716355197
Phi-4-reasoning-plus,Qwen2,Phi,Qwen,2025Q2,2024Q2,0,1,0,1,0.052678021342565634,0.3391243919388464,0.5452513966480447,0.5077716571248418,0.052678021342565634,0.10574018126888217,0.052184659543932345,0.010125828410014593,0.10197611531003373
Phi-4-reasoning-plus,Qwen2.5,Phi,Qwen,2025Q2,2024Q3,0,1,0,1,0.08031052680148981,0.4071197411003236,0.6094961240310077,0.5793990047183092,0.08031052680148981,0.16118993617806845,0.0798186961553298,0.0361419436783047,0.1290859003763575
Phi-4-reasoning-plus,Qwen3,Phi,Qwen,2025Q2,2025Q2,0,1,1,0,0.07974146184180286,0.35858234885337037,0.5590465872156013,0.5286996251254588,0.07974146184180286,0.1590909090909091,0.07926868196763173,0.03987967035988156,0.11894302581707024
Phi-4-reasoning-plus,Qwen3.5,Phi,Qwen,2025Q2,2026Q1,0,1,0,1,0.09029203576577924,0.37302133516861663,0.5628245067497404,0.5436836769302769,0.09029203576577924,0.17937640722088297,0.09007734841947129,0.04412944331417323,0.12748986987439967
Phi-4-reasoning-plus,Qwen3.6,Phi,Qwen,2025Q2,2026Q2,0,1,0,1,0.0046433062602173085,0.3377659574468085,0.5183673469387755,0.5051389135106605,0.0046433062602173085,0.009293084663205794,0.004637032299328408,-0.041893011654015475,0.047572785607327625
Phi-4-reasoning-vision-15B,Qwen-7B,Phi,Qwen,2026Q1,2023Q3,0,1,0,1,0.0744061714980541,0.3599449415003441,0.5666305525460456,0.5305015446456284,0.0744061714980541,0.14873283662697434,0.07377990421091532,0.033104525740349285,0.119510813205156
Phi-4-reasoning-vision-15B,Qwen1.5,Phi,Qwen,2026Q1,2024Q1,0,1,0,1,0.049378793644360576,0.4064272211720227,0.6125356125356125,0.5788801083867842,0.049378793644360576,0.10018027617566705,0.048977650974797934,0.004698118265128301,0.08900909388061817
Phi-4-reasoning-vision-15B,Qwen2,Phi,Qwen,2026Q1,2024Q2,0,1,0,1,0.07206407954067687,0.3518390006939625,0.5664804469273743,0.5222545785504268,0.07206407954067687,0.1444995668950311,0.0711689448220653,0.02965748357097631,0.11359412784736449
Phi-4-reasoning-vision-15B,Qwen2.5,Phi,Qwen,2026Q1,2024Q3,0,1,0,1,0.05814408662691099,0.402555910543131,0.5982905982905983,0.5745043374361869,0.05814408662691099,0.11714421983343729,0.05790982937588292,0.013970355708206176,0.10186235385787197
Phi-4-reasoning-vision-15B,Qwen3,Phi,Qwen,2026Q1,2025Q2,0,1,0,1,0.07038861387879658,0.35807560137457045,0.5644637053087758,0.5284728580504252,0.07038861387879658,0.14077889310960628,0.06979616186343537,0.026318126645236056,0.1162758062076632
Phi-4-reasoning-vision-15B,Qwen3.5,Phi,Qwen,2026Q1,2026Q1,0,1,1,0,0.09215353266594065,0.37799043062200954,0.5742471443406023,0.5491586163980748,0.09215353266594065,0.18320347596725642,0.09178101742482997,0.05051392532457476,0.13393994928385544
Phi-4-reasoning-vision-15B,Qwen3.6,Phi,Qwen,2026Q1,2026Q2,0,1,0,1,0.07417907422133654,0.37364864864864866,0.5642857142857143,0.5443746684748594,0.07417907422133654,0.14780664990220732,0.07398157952570267,0.027304037101473663,0.1214498522369957
Qwen-7B,Qwen1.5,Qwen,Qwen,2023Q3,2024Q1,1,0,0,1,0.07113976934424217,0.38017071569271177,0.6273022751895991,0.5550355629245055,0.07113976934424217,0.14460310454367437,0.06883425742984449,0.02735842616769141,0.10849251289500163
Qwen-7B,Qwen2,Qwen,Qwen,2023Q3,2024Q2,1,0,0,1,0.05034191321321647,0.3173913043478261,0.4893854748603352,0.48190534397459733,0.05034191321321647,0.10120538112955059,0.050321852174833676,0.011163398773861556,0.09715752880849873
Qwen-7B,Qwen2.5,Qwen,Qwen,2023Q3,2024Q3,1,0,0,1,0.06478082561308442,0.3711819389110226,0.6056338028169014,0.5444749521630601,0.06478082561308442,0.1309162540595219,0.06324250643464355,0.023985466025646284,0.10530037056842553
Qwen-7B,Qwen3,Qwen,Qwen,2023Q3,2025Q2,1,0,0,1,0.042321926703424606,0.31951393852751964,0.48429035752979416,0.48429035752979416,0.042321926703424606,0.08495364714482162,0.04232192670342458,-0.0024116385871502228,0.08671323389174636
Qwen-7B,Qwen3.5,Qwen,Qwen,2023Q3,2026Q1,1,0,0,1,0.05535312796490158,0.3338048090523338,0.5113759479956663,0.500642834379697,0.05535312796490158,0.11073764188316838,0.05530857412768975,0.013968182686596421,0.10041878514817655
Qwen-7B,Qwen3.6,Qwen,Qwen,2023Q3,2026Q2,1,0,0,1,0.015509138119816508,0.31878031878031876,0.49837486457204766,0.48366420053665027,0.015509138119816508,0.03110789166566059,0.015483845121486898,-0.02698015835393369,0.05591940972770836
Qwen1.5,Qwen2,Qwen,Qwen,2024Q1,2024Q2,1,0,0,1,0.023297990227512427,0.3511400651465798,0.6022346368715084,0.5247112128498563,0.023297990227512427,0.04764094257798213,0.02237447180247254,-0.01751382043458376,0.06507497536467872
Qwen1.5,Qwen2.5,Qwen,Qwen,2024Q1,2024Q3,1,0,0,1,0.06734098737586323,0.4371517027863777,0.6182136602451839,0.6084357814902981,0.06734098737586323,0.13718993050761655,0.06729243922009644,0.02196662637529991,0.1084907312194854
Qwen1.5,Qwen3,Qwen,Qwen,2024Q1,2025Q2,1,0,0,1,0.042595373980919,0.36759921925829536,0.6121343445287107,0.5416150139073327,0.042595373980919,0.08679350321038123,0.04121493455700087,0.0005780396782697824,0.08370053009910616
Qwen1.5,Qwen3.5,Qwen,Qwen,2024Q1,2026Q1,1,0,0,1,0.010804786222970203,0.3652007648183556,0.5950155763239875,0.5377551470349201,0.010804786222970203,0.02198000012414572,0.010553106773836926,-0.026125289098055126,0.05557174569009872
Qwen1.5,Qwen3.6,Qwen,Qwen,2024Q1,2026Q2,1,0,0,1,0.05548708712559311,0.3893178893178893,0.6173469387755102,0.5628406219340011,0.05548708712559311,0.11251752288282345,0.05438530062376688,0.011113467271438845,0.09856474381578036
Qwen2,Qwen2.5,Qwen,Qwen,2024Q2,2024Q3,1,0,0,1,0.05882801742477335,0.36072144288577157,0.6033519553072626,0.5341327290213926,0.05882801742477335,0.11932087445655533,0.057059246632706256,0.014021570120076881,0.10568996375745748
Qwen2,Qwen3,Qwen,Qwen,2024Q2,2025Q2,1,0,0,1,0.06647875807771539,0.3250728862973761,0.4983240223463687,0.49070726806545756,0.06647875807771539,0.1333607142784885,0.06645226657526115,0.025365376518334048,0.11114257772366451
Qwen2,Qwen3.5,Qwen,Qwen,2024Q2,2026Q1,1,0,0,1,0.07055304463097083,0.33477011494252873,0.5206703910614525,0.5019509210458443,0.07055304463097083,0.14120686912057615,0.07038845916385171,0.026592765573602715,0.11702992213852455
Qwen2,Qwen3.6,Qwen,Qwen,2024Q2,2026Q2,1,0,0,1,0.019008857883944366,0.31394533987386125,0.5005586592178771,0.47835845936123894,0.019008857883944366,0.038219806352981146,0.018939773524401158,-0.0229696490939766,0.06208834883002492
Qwen2.5,Qwen3,Qwen,Qwen,2024Q3,2025Q2,1,0,0,1,0.050595391281067305,0.3648380700594845,0.5980498374864572,0.5376568400608394,0.050595391281067305,0.10238377409711429,0.049393926804321475,0.007517341416729884,0.09326120518777796
Qwen2.5,Qwen3.5,Qwen,Qwen,2024Q3,2026Q1,1,0,0,1,0.05686881662991134,0.3785199738048461,0.6002076843198338,0.5511650147640731,0.05686881662991134,0.11467910481230659,0.05595998623233523,0.009520173706381193,0.10377206762819657
Qwen2.5,Qwen3.6,Qwen,Qwen,2024Q3,2026Q2,1,0,0,1,0.031161944501799262,0.37168713639301876,0.5867346938775511,0.5435277911035639,0.031161944501799262,0.06292464956846422,0.030752662438674146,-0.017491713467524123,0.07448525847186387
Qwen3,Qwen3.5,Qwen,Qwen,2025Q2,2026Q1,1,0,0,1,0.019221188258704832,0.3170391061452514,0.49187432286023836,0.4815505228991154,0.019221188258704832,0.038564780413739216,0.019205717087983586,-0.02779739647127063,0.06359039412481456
Qwen3,Qwen3.6,Qwen,Qwen,2025Q2,2026Q2,1,0,0,1,0.04359813342090721,0.33170048985304407,0.5135427952329361,0.4983844153355918,0.04359813342090721,0.08729572078224679,0.043527031628708045,0.002571543053146452,0.08605431508310248
Qwen3.5,Qwen3.6,Qwen,Qwen,2026Q1,2026Q2,1,0,0,1,0.05030450023993498,0.3437067773167358,0.5160955347871236,0.511599613047755,0.05030450023993498,0.10043643688451209,0.05029721994275761,0.008555437241859006,0.0909857114717709
