path,purpose,status,feeds_reported_results,generated_or_manual,regenerable,depends_on,last_commit,first_commit_date,bytes,sha256_16
.gitignore,Ignore rules,CURRENT,no,manual,n/a,-,a867266 2026-10-09,2026-08-02,694,8f2fd9ea7d1860f5
IEEEtran.cls,Third-party IEEE class at repository root,CURRENT (template),no,third-party,n/a,-,4b7f000 2026-08-19,2026-08-19,281957,da751920a317ed31
README.md,Repository landing page,CURRENT,states results,manual,n/a,-,5bdb0eb 2026-10-10,2026-08-02,14945,d19bb69340acdd6e
RESEARCH_STATUS.md,Current vs withdrawn map,CURRENT,no,manual,n/a,-,b093af3 2026-10-10,2026-10-10,3991,b513b2157cbc525c
datasets/.gitkeep,Placeholder,CURRENT,no,manual,n/a,-,20692ad 2026-08-02,2026-08-02,0,e3b0c44298fc1c14
datasets/coverage/a100_80gb_subset.csv,Earlier-study population and plan files,LEGACY (earlier study),no (S7/S1 labels only),manual,n/a,-,1ae07ea 2026-08-16,2026-08-16,54,26dbbab5ffdd1402
datasets/coverage/a100_full_subset.csv,Earlier-study population and plan files,LEGACY (earlier study),no (S7/S1 labels only),manual,n/a,-,0a86f3b 2026-08-16,2026-08-16,266,8314836d06c04297
datasets/coverage/artifact_audit.csv,Earlier-study population and plan files,LEGACY (earlier study),no (S7/S1 labels only),manual,n/a,-,71f016d 2026-08-03,2026-08-03,7683,2f3a9380c326b2e5
datasets/coverage/colab_t4_subset.csv,Earlier-study population and plan files,LEGACY (earlier study),no (S7/S1 labels only),manual,n/a,-,1ae07ea 2026-08-16,2026-08-16,201,11939d9340228552
datasets/coverage/g3_report.deepseek_excluded.md,Earlier-study population and plan files,LEGACY (earlier study),no (S7/S1 labels only),manual,n/a,-,0258bfc 2026-08-16,2026-08-16,6549,4b037ef7e26ef9bf
datasets/coverage/g3_report.deepseek_free.md,Earlier-study population and plan files,LEGACY (earlier study),no (S7/S1 labels only),manual,n/a,-,0258bfc 2026-08-16,2026-08-16,3883,490e1c6332cedf90
datasets/coverage/g3_report.deepseek_strict14.md,Earlier-study population and plan files,LEGACY (earlier study),no (S7/S1 labels only),manual,n/a,-,0258bfc 2026-08-16,2026-08-16,1280,c55a78b6e30b7d0e
datasets/coverage/g3_report.md,Earlier-study population and plan files,LEGACY (earlier study),no (S7/S1 labels only),manual,n/a,-,a9843e3 2026-08-06,2026-08-03,5635,d7c3c4e7b1a8115c
datasets/coverage/gpu_cost_estimate.csv,Earlier-study population and plan files,LEGACY (earlier study),no (S7/S1 labels only),manual,n/a,-,71f016d 2026-08-03,2026-08-03,4772,4d7b7638d2b6566b
datasets/coverage/minimum_valid_population.csv,Earlier-study population and plan files,LEGACY (earlier study),no (S7/S1 labels only),manual,n/a,-,b6abb4f 2026-08-05,2026-08-05,4061,b83ee8fb28575e2d
datasets/coverage/minimum_valid_population.deepseek_excluded.csv,Earlier-study population and plan files,LEGACY (earlier study),no (S7/S1 labels only),manual,n/a,-,0258bfc 2026-08-16,2026-08-16,4081,a660e5cf9e0f8dc0
datasets/coverage/minimum_valid_population.deepseek_free.csv,Earlier-study population and plan files,LEGACY (earlier study),no (S7/S1 labels only),manual,n/a,-,0258bfc 2026-08-16,2026-08-16,3724,d99bfc9be89f90e6
datasets/coverage/trait_definition.csv,Earlier-study population and plan files,LEGACY (earlier study),no (S7/S1 labels only),manual,n/a,-,0a86f3b 2026-08-16,2026-08-16,3972,875b6ce861b76bfd
datasets/eval_samples.sim/DeepSeek-R1__deepseek-ai__DeepSeek-R1.jsonl,Simulated per-question files (earlier-study dry run),"OBSOLETE (earlier study, simulated)",no,generated,no,-,a606b30 2026-08-03,2026-08-03,683480,3fd667a6f99bb398
datasets/eval_samples.sim/DeepSeek-V3.1__deepseek-ai__DeepSeek-V3.1.jsonl,Simulated per-question files (earlier-study dry run),"OBSOLETE (earlier study, simulated)",no,generated,no,-,a606b30 2026-08-03,2026-08-03,691844,d2b9534170120999
datasets/eval_samples.sim/DeepSeek-V3.2__deepseek-ai__DeepSeek-V3.2.jsonl,Simulated per-question files (earlier-study dry run),"OBSOLETE (earlier study, simulated)",no,generated,no,-,a606b30 2026-08-03,2026-08-03,691585,631e5167438d0c21
datasets/eval_samples.sim/DeepSeek-V3__deepseek-ai__DeepSeek-V3.jsonl,Simulated per-question files (earlier-study dry run),"OBSOLETE (earlier study, simulated)",no,generated,no,-,a606b30 2026-08-03,2026-08-03,683355,1fddf06d857a16e7
datasets/eval_samples.sim/DeepSeek-V4__deepseek-ai__DeepSeek-V4.jsonl,Simulated per-question files (earlier-study dry run),"OBSOLETE (earlier study, simulated)",no,generated,no,-,a606b30 2026-08-03,2026-08-03,683263,3adce0d2ef19e043
datasets/eval_samples.sim/Devstral-2__mistralai__Devstral-Small-2509.jsonl,Simulated per-question files (earlier-study dry run),"OBSOLETE (earlier study, simulated)",no,generated,no,-,a606b30 2026-08-03,2026-08-03,693548,0419ca81e41e4d69
datasets/eval_samples.sim/Gemma-1__google__gemma-7b.jsonl,Simulated per-question files (earlier-study dry run),"OBSOLETE (earlier study, simulated)",no,generated,no,-,a606b30 2026-08-03,2026-08-03,660330,773cba53e97d7397
datasets/eval_samples.sim/Gemma-2__google__gemma-2-9b.jsonl,Simulated per-question files (earlier-study dry run),"OBSOLETE (earlier study, simulated)",no,generated,no,-,a606b30 2026-08-03,2026-08-03,662985,8066d9e41920cf6d
datasets/eval_samples.sim/Gemma-3__google__gemma-3-27b-it.jsonl,Simulated per-question files (earlier-study dry run),"OBSOLETE (earlier study, simulated)",no,generated,no,-,a606b30 2026-08-03,2026-08-03,672049,fa58cd63049d758e
datasets/eval_samples.sim/Gemma-3n__google__gemma-3n-4b-it.jsonl,Simulated per-question files (earlier-study dry run),"OBSOLETE (earlier study, simulated)",no,generated,no,-,a606b30 2026-08-03,2026-08-03,673189,42ef8181c0be740f
datasets/eval_samples.sim/Gemma-4-12B__google__gemma-4-12b-it.jsonl,Simulated per-question files (earlier-study dry run),"OBSOLETE (earlier study, simulated)",no,generated,no,-,a606b30 2026-08-03,2026-08-03,679151,dc91fe0a8ce642b7
datasets/eval_samples.sim/Gemma-4__google__gemma-4.jsonl,Simulated per-question files (earlier-study dry run),"OBSOLETE (earlier study, simulated)",no,generated,no,-,a606b30 2026-08-03,2026-08-03,658070,e798303a5fa6c061
datasets/eval_samples.sim/Llama-1__meta-llama__Llama-1.jsonl,Simulated per-question files (earlier-study dry run),"OBSOLETE (earlier study, simulated)",no,generated,no,-,a606b30 2026-08-03,2026-08-03,665068,b6b26b14c9054a34
datasets/eval_samples.sim/Llama-2__meta-llama__Llama-2-70b-hf.jsonl,Simulated per-question files (earlier-study dry run),"OBSOLETE (earlier study, simulated)",no,generated,no,-,a606b30 2026-08-03,2026-08-03,678522,a066741cf056e4bc
datasets/eval_samples.sim/Llama-3.1__meta-llama__Meta-Llama-3.1-70B-Instruct.jsonl,Simulated per-question files (earlier-study dry run),"OBSOLETE (earlier study, simulated)",no,generated,no,-,a606b30 2026-08-03,2026-08-03,709848,f821b9baf7889e5b
datasets/eval_samples.sim/Llama-3.2__meta-llama__Llama-3.2-90B-Vision-Instruct.jsonl,Simulated per-question files (earlier-study dry run),"OBSOLETE (earlier study, simulated)",no,generated,no,-,a606b30 2026-08-03,2026-08-03,713633,a7d8451cb033a499
datasets/eval_samples.sim/Llama-3.3__meta-llama__Llama-3.3-70B-Instruct.jsonl,Simulated per-question files (earlier-study dry run),"OBSOLETE (earlier study, simulated)",no,generated,no,-,a606b30 2026-08-03,2026-08-03,699929,a59ddc9e4647a7bb
datasets/eval_samples.sim/Llama-3__meta-llama__Meta-Llama-3-70B-Instruct.jsonl,Simulated per-question files (earlier-study dry run),"OBSOLETE (earlier study, simulated)",no,generated,no,-,a606b30 2026-08-03,2026-08-03,702046,12787778e9526d4b
datasets/eval_samples.sim/Llama-4__meta-llama__Llama-4-Maverick-17B-128E-Instruct.jsonl,Simulated per-question files (earlier-study dry run),"OBSOLETE (earlier study, simulated)",no,generated,no,-,a606b30 2026-08-03,2026-08-03,720028,e3f00c97b9b42683
datasets/eval_samples.sim/Ministral-3__mistralai__Ministral-3B-Instruct.jsonl,Simulated per-question files (earlier-study dry run),"OBSOLETE (earlier study, simulated)",no,generated,no,-,a606b30 2026-08-03,2026-08-03,699031,5add33ab967f3f50
datasets/eval_samples.sim/Mistral-7B__mistralai__Mistral-7B-Instruct-v0.3.jsonl,Simulated per-question files (earlier-study dry run),"OBSOLETE (earlier study, simulated)",no,generated,no,-,a606b30 2026-08-03,2026-08-03,702538,39656ce8871a067f
datasets/eval_samples.sim/Mistral-Large-2__mistralai__Mistral-Large-2407.jsonl,Simulated per-question files (earlier-study dry run),"OBSOLETE (earlier study, simulated)",no,generated,no,-,a606b30 2026-08-03,2026-08-03,701510,193e36d726e34280
datasets/eval_samples.sim/Mistral-Large-3__mistralai__Mistral-Large-3.jsonl,Simulated per-question files (earlier-study dry run),"OBSOLETE (earlier study, simulated)",no,generated,no,-,a606b30 2026-08-03,2026-08-03,694901,80b1f35270a6f330
datasets/eval_samples.sim/Mistral-Medium-3.5__mistralai__Mistral-Medium-3.5.jsonl,Simulated per-question files (earlier-study dry run),"OBSOLETE (earlier study, simulated)",no,generated,no,-,a606b30 2026-08-03,2026-08-03,708189,269d80e3991f756d
datasets/eval_samples.sim/Mistral-Medium-3__mistralai__Mistral-Medium-3.1-32B-Instruct-2503.jsonl,Simulated per-question files (earlier-study dry run),"OBSOLETE (earlier study, simulated)",no,generated,no,-,a606b30 2026-08-03,2026-08-03,738973,8cd0c8c8dbc77468
datasets/eval_samples.sim/Mistral-Small-2__mistralai__Mistral-Small-Instruct-2409.jsonl,Simulated per-question files (earlier-study dry run),"OBSOLETE (earlier study, simulated)",no,generated,no,-,a606b30 2026-08-03,2026-08-03,719691,07c3c5af889a9f94
datasets/eval_samples.sim/Mistral-Small-3.1__mistralai__Mistral-Small-3.1-24B-Instruct-2503.jsonl,Simulated per-question files (earlier-study dry run),"OBSOLETE (earlier study, simulated)",no,generated,no,-,a606b30 2026-08-03,2026-08-03,740127,de18d60b707e44b6
datasets/eval_samples.sim/Mistral-Small-3.2__mistralai__Mistral-Small-3.2-24B-Instruct-2510.jsonl,Simulated per-question files (earlier-study dry run),"OBSOLETE (earlier study, simulated)",no,generated,no,-,a606b30 2026-08-03,2026-08-03,738389,d5bfe36ab9177191
datasets/eval_samples.sim/Mistral-Small-3__mistralai__Mistral-Small-3-24B-Instruct-2501.jsonl,Simulated per-question files (earlier-study dry run),"OBSOLETE (earlier study, simulated)",no,generated,no,-,a606b30 2026-08-03,2026-08-03,731848,fde8171c3f5fbe15
datasets/eval_samples.sim/Mistral-Small-4__mistralai__Mistral-Small-4-32B-Instruct-2603.jsonl,Simulated per-question files (earlier-study dry run),"OBSOLETE (earlier study, simulated)",no,generated,no,-,a606b30 2026-08-03,2026-08-03,732247,714c2664a9502da6
datasets/eval_samples.sim/Mixtral-8x22B__mistralai__Mixtral-8x22B-Instruct-v0.1.jsonl,Simulated per-question files (earlier-study dry run),"OBSOLETE (earlier study, simulated)",no,generated,no,-,a606b30 2026-08-03,2026-08-03,715118,8ac0a7504f0a4776
datasets/eval_samples.sim/Mixtral-8x7B__mistralai__Mixtral-8x7B-Instruct-v0.1.jsonl,Simulated per-question files (earlier-study dry run),"OBSOLETE (earlier study, simulated)",no,generated,no,-,a606b30 2026-08-03,2026-08-03,712084,e55732ca333068cf
datasets/eval_samples.sim/Phi-1.5__microsoft__phi-1_5.jsonl,Simulated per-question files (earlier-study dry run),"OBSOLETE (earlier study, simulated)",no,generated,no,-,a606b30 2026-08-03,2026-08-03,664177,6ed5c2cfe2c83fc8
datasets/eval_samples.sim/Phi-1__microsoft__phi-1.jsonl,Simulated per-question files (earlier-study dry run),"OBSOLETE (earlier study, simulated)",no,generated,no,-,a606b30 2026-08-03,2026-08-03,655358,8bd3e198f30c22d6
datasets/eval_samples.sim/Phi-2__microsoft__phi-2.jsonl,Simulated per-question files (earlier-study dry run),"OBSOLETE (earlier study, simulated)",no,generated,no,-,a606b30 2026-08-03,2026-08-03,655669,50d7893d8e8d6e5c
datasets/eval_samples.sim/Phi-3.5__microsoft__Phi-3.5-mini-instruct.jsonl,Simulated per-question files (earlier-study dry run),"OBSOLETE (earlier study, simulated)",no,generated,no,-,a606b30 2026-08-03,2026-08-03,692227,a7d42f57b897bdb8
datasets/eval_samples.sim/Phi-3__microsoft__Phi-3-medium-4k-instruct.jsonl,Simulated per-question files (earlier-study dry run),"OBSOLETE (earlier study, simulated)",no,generated,no,-,a606b30 2026-08-03,2026-08-03,694081,0cd1438553698c64
datasets/eval_samples.sim/Phi-4-reasoning-plus__microsoft__Phi-4-reasoning-plus.jsonl,Simulated per-question files (earlier-study dry run),"OBSOLETE (earlier study, simulated)",no,generated,no,-,a606b30 2026-08-03,2026-08-03,716200,b9538999329b672d
datasets/eval_samples.sim/Phi-4-reasoning-vision-15B__microsoft__Phi-4-reasoning-vision-15B.jsonl,Simulated per-question files (earlier-study dry run),"OBSOLETE (earlier study, simulated)",no,generated,no,-,a606b30 2026-08-03,2026-08-03,740261,3aa2b68ef08c506c
datasets/eval_samples.sim/Phi-4__microsoft__Phi-4-mini-instruct.jsonl,Simulated per-question files (earlier-study dry run),"OBSOLETE (earlier study, simulated)",no,generated,no,-,a606b30 2026-08-03,2026-08-03,684385,0c56ad67adbb4064
datasets/eval_samples.sim/Qwen-7B__Qwen__Qwen-7B.jsonl,Simulated per-question files (earlier-study dry run),"OBSOLETE (earlier study, simulated)",no,generated,no,-,a606b30 2026-08-03,2026-08-03,653857,0172a2040dda28c2
datasets/eval_samples.sim/Qwen1.5__Qwen__Qwen1.5-72B-Chat.jsonl,Simulated per-question files (earlier-study dry run),"OBSOLETE (earlier study, simulated)",no,generated,no,-,a606b30 2026-08-03,2026-08-03,672421,2fd20116b3346855
datasets/eval_samples.sim/Qwen2.5__Qwen__Qwen2.5-72B-Instruct.jsonl,Simulated per-question files (earlier-study dry run),"OBSOLETE (earlier study, simulated)",no,generated,no,-,a606b30 2026-08-03,2026-08-03,680350,f0d1a07066fa22e9
datasets/eval_samples.sim/Qwen2__Qwen__Qwen2-72B-Instruct.jsonl,Simulated per-question files (earlier-study dry run),"OBSOLETE (earlier study, simulated)",no,generated,no,-,a606b30 2026-08-03,2026-08-03,671992,0e33b599d3e890ec
datasets/eval_samples.sim/Qwen3.5__Qwen__Qwen3.5-32B.jsonl,Simulated per-question files (earlier-study dry run),"OBSOLETE (earlier study, simulated)",no,generated,no,-,a606b30 2026-08-03,2026-08-03,661954,3ebc7a69c02e759d
datasets/eval_samples.sim/Qwen3.6__Qwen__Qwen3.6-32B.jsonl,Simulated per-question files (earlier-study dry run),"OBSOLETE (earlier study, simulated)",no,generated,no,-,a606b30 2026-08-03,2026-08-03,662146,b88b397608ecb642
datasets/eval_samples.sim/Qwen3__Qwen__Qwen3-30B-A3B-Instruct.jsonl,Simulated per-question files (earlier-study dry run),"OBSOLETE (earlier study, simulated)",no,generated,no,-,a606b30 2026-08-03,2026-08-03,679924,776e879a104605a7
datasets/eval_samples/Devstral-2__mistralai__Devstral-Small-2-24B-Instruct-2512.jsonl,Invalid per-question files of the earlier per-model evaluation,OBSOLETE (invalid),no,generated,no,-,59dae7a 2026-08-17,2026-08-17,9756325,e23e70f4735e1f7e
datasets/eval_samples/Gemma-3n__google__gemma-3n-E4B-it.jsonl,Invalid per-question files of the earlier per-model evaluation,OBSOLETE (invalid),no,generated,no,-,fcf454a 2026-08-17,2026-08-17,9450858,8321128f12a3e87c
datasets/eval_samples/Gemma-4-12B__google__gemma-4-12b-it.jsonl,Invalid per-question files of the earlier per-model evaluation,OBSOLETE (invalid),no,generated,no,-,39613e2 2026-08-17,2026-08-17,9464496,0d3981fecb50d1ae
datasets/eval_samples/Llama-1__huggyllama__llama-7b.jsonl,Invalid per-question files of the earlier per-model evaluation,OBSOLETE (invalid),no,generated,no,-,7b642e3 2026-08-17,2026-08-17,9389359,9878ea85ac7ae3cf
datasets/eval_samples/Mistral-7B__mistralai__Mistral-7B-Instruct-v0.3.jsonl,Invalid per-question files of the earlier per-model evaluation,OBSOLETE (invalid),no,generated,no,-,7b642e3 2026-08-17,2026-08-17,9645901,703171dfe5561c36
datasets/eval_samples/Mistral-Small-3.1__mistralai__Mistral-Small-3.1-24B-Instruct-2503.jsonl,Invalid per-question files of the earlier per-model evaluation,OBSOLETE (invalid),no,generated,no,-,4129136 2026-08-18,2026-08-17,9868829,3a89ad416a64c2af
datasets/eval_samples/Mistral-Small-3.2__mistralai__Mistral-Small-3.2-24B-Instruct-2506.jsonl,Invalid per-question files of the earlier per-model evaluation,OBSOLETE (invalid),no,generated,no,-,535800a 2026-08-18,2026-08-17,9868597,062fae5aed11d0f5
datasets/eval_samples/Mistral-Small-3__mistralai__Mistral-Small-24B-Instruct-2501.jsonl,Invalid per-question files of the earlier per-model evaluation,OBSOLETE (invalid),no,generated,no,-,7b642e3 2026-08-17,2026-08-17,9805327,0418c14a5967f9e6
datasets/eval_samples/Mistral-Small-4__mistralai__Mistral-Small-4-119B-2603.jsonl,Invalid per-question files of the earlier per-model evaluation,OBSOLETE (invalid),no,generated,no,-,f553bcf 2026-08-17,2026-08-17,9699733,ab5b783bf4273ba7
datasets/eval_samples/Phi-1.5__microsoft__phi-1_5.jsonl,Invalid per-question files of the earlier per-model evaluation,OBSOLETE (invalid),no,generated,no,-,7b642e3 2026-08-17,2026-08-17,9361068,6051407d9f1dd052
datasets/eval_samples/Phi-1__microsoft__phi-1.jsonl,Invalid per-question files of the earlier per-model evaluation,OBSOLETE (invalid),no,generated,no,-,7b642e3 2026-08-17,2026-08-16,9311100,3e9b9ed9301ddbb5
datasets/eval_samples/Phi-2__microsoft__phi-2.jsonl,Invalid per-question files of the earlier per-model evaluation,OBSOLETE (invalid),no,generated,no,-,7b642e3 2026-08-17,2026-08-17,9303771,1fc909672f7cef98
datasets/eval_samples/Phi-3__microsoft__Phi-3-medium-4k-instruct.jsonl,Invalid per-question files of the earlier per-model evaluation,OBSOLETE (invalid),no,generated,no,-,7b642e3 2026-08-17,2026-08-17,9566727,26a845140d701520
datasets/eval_samples/Phi-4-reasoning-plus__microsoft__Phi-4-reasoning-plus.jsonl,Invalid per-question files of the earlier per-model evaluation,OBSOLETE (invalid),no,generated,no,-,7b642e3 2026-08-17,2026-08-17,9725386,00bfe6e74fb3f8d7
datasets/eval_samples/Phi-4__microsoft__Phi-4-mini-instruct.jsonl,Invalid per-question files of the earlier per-model evaluation,OBSOLETE (invalid),no,generated,no,-,7b642e3 2026-08-17,2026-08-17,9493272,7a9ba817965c5c22
datasets/eval_samples/Qwen-7B__Qwen__Qwen-7B.jsonl,Invalid per-question files of the earlier per-model evaluation,OBSOLETE (invalid),no,generated,no,-,f5f51dc 2026-08-18,2026-08-18,9255271,6169b78b6b0a7c7d
datasets/kim/hf_model_accuracy.csv,Public data of Kim et al. used for metadata name matching,CURRENT (third-party),inputs,third-party,n/a,-,3cc6c39 2026-08-03,2026-08-03,23976,51771491a39870f1
datasets/kim/hugging_face.csv,Public data of Kim et al. used for metadata name matching,CURRENT (third-party),inputs,third-party,n/a,-,3cc6c39 2026-08-03,2026-08-03,4118770,38f0cc6d286bf7af
datasets/kim/model_accuracy.csv,Public data of Kim et al. used for metadata name matching,CURRENT (third-party),inputs,third-party,n/a,-,3cc6c39 2026-08-03,2026-08-03,3387,b9d9a38087575b35
datasets/kim/model_overview.csv,Public data of Kim et al. used for metadata name matching,CURRENT (third-party),inputs,third-party,n/a,-,3cc6c39 2026-08-03,2026-08-03,3835,edf97b32a9e0acd0
datasets/kim/model_to_file.csv,Public data of Kim et al. used for metadata name matching,CURRENT (third-party),inputs,third-party,n/a,-,3cc6c39 2026-08-03,2026-08-03,106712,2b0a4e80010c8943
datasets/ollb/config_check_primary.jsonl,Leaderboard-derived inputs and logs,CURRENT,YES (inputs),generated,network,-,2ae523e 2026-10-09,2026-10-09,75979,f715f411b8167f18
datasets/ollb/config_lineage.jsonl,Leaderboard-derived inputs and logs,CURRENT,YES (inputs),generated,network,-,a867266 2026-10-09,2026-10-09,581906,3e1101182249483e
datasets/ollb/config_lineage.post_freeze.jsonl,Leaderboard-derived inputs and logs,CURRENT,YES (inputs),generated,network,-,a867266 2026-10-09,2026-10-09,579312,d5c80346333d2b30
datasets/ollb/fetch_v1_log.jsonl,Leaderboard-derived inputs and logs,CURRENT,YES (inputs),generated,network,-,a867266 2026-10-09,2026-10-09,265508,b2f11960e70747ec
datasets/ollb/frozen/download_union.csv,Frozen roster lists (compact) with hashes,CURRENT,YES (sample),generated,scripts/rebuild_frozen_lists.py,network,a867266 2026-10-09,2026-10-09,83756,4554babe6751df61
datasets/ollb/frozen/expanded.csv,Frozen roster lists (compact) with hashes,CURRENT,YES (sample),generated,scripts/rebuild_frozen_lists.py,network,a867266 2026-10-09,2026-10-09,154750,ef20c53e78ed311f
datasets/ollb/frozen/expanded_sample_cap40.csv,Frozen roster lists (compact) with hashes,CURRENT,YES (sample),generated,scripts/rebuild_frozen_lists.py,network,a867266 2026-10-09,2026-10-09,113506,45f5befbe1f92e33
datasets/ollb/frozen/primary.csv,Frozen roster lists (compact) with hashes,CURRENT,YES (sample),generated,scripts/rebuild_frozen_lists.py,network,a867266 2026-10-09,2026-10-09,79411,51aafdff15c72518
datasets/ollb/frozen/primary_sample_cap40.csv,Frozen roster lists (compact) with hashes,CURRENT,YES (sample),generated,scripts/rebuild_frozen_lists.py,network,a867266 2026-10-09,2026-10-09,66889,a710f501eb82d5ef
datasets/ollb/hub_meta.jsonl,Leaderboard-derived inputs and logs,CURRENT,YES (inputs),generated,network,-,a867266 2026-10-09,2026-10-09,2538156,0fc5a5402358283e
datasets/ollb/roster.csv,Leaderboard-derived inputs and logs,CURRENT,YES (inputs),generated,network,-,a867266 2026-10-09,2026-10-09,712991,249106b4d70f0a20
datasets/phase2_coverage.csv,Earlier-study coverage table,LEGACY (earlier study),no,manual,n/a,-,3cc6c39 2026-08-03,2026-08-03,2661,b2885155f4fe323b
datasets/phase2_eval_results.csv,Recorded aggregates of the invalid earlier evaluation,OBSOLETE (invalid),no,generated,no,-,535800a 2026-08-18,2026-08-16,1528,1d61d615be261d56
datasets/phase2_eval_results.sim.csv,Simulated results (earlier-study dry run),"OBSOLETE (earlier study, simulated)",no,generated,no,-,9e6d0f9 2026-08-03,2026-08-03,3649,f3cbef454c47c9e4
docs/00_Project/ASSUMPTION_REGISTER.md,Earlier-study documents (superseded banner added),OBSOLETE (earlier study),no,manual,n/a,-,fa3cabf 2026-10-10,2026-08-03,10038,aad923b1482552b5
docs/00_Project/Hypotheses.md,Earlier-study documents (superseded banner added),OBSOLETE (earlier study),no,manual,n/a,-,fa3cabf 2026-10-10,2026-08-02,2428,7f9e77cbe39772d4
docs/00_Project/Novelty_Claims.md,Earlier-study documents (superseded banner added),OBSOLETE (earlier study),no,manual,n/a,-,fa3cabf 2026-10-10,2026-08-02,8852,24fa8b947666312d
docs/00_Project/Project_Vision.md,Earlier-study documents (superseded banner added),OBSOLETE (earlier study),no,manual,n/a,-,fa3cabf 2026-10-10,2026-08-02,3708,7ab08165b9cea23c
docs/00_Project/RESEARCH_PROTOCOL.md,Earlier-study documents (superseded banner added),OBSOLETE (earlier study),no,manual,n/a,-,fa3cabf 2026-10-10,2026-08-03,8889,6baff52a9592d380
docs/00_Project/Research_Decision_Log.md,Earlier-study documents (superseded banner added),OBSOLETE (earlier study),no,manual,n/a,-,fa3cabf 2026-10-10,2026-08-02,33087,1194f4f534d342b6
docs/00_Project/Research_Questions.md,Earlier-study documents (superseded banner added),OBSOLETE (earlier study),no,manual,n/a,-,fa3cabf 2026-10-10,2026-08-02,4490,71a995578c126ad1
docs/01_Literature/Citation_Graph.md,Earlier-study documents (superseded banner added),OBSOLETE (earlier study),no,manual,n/a,-,fa3cabf 2026-10-10,2026-08-02,2725,9e9c3d2599ac3326
docs/01_Literature/Literature_Map.md,Earlier-study documents (superseded banner added),OBSOLETE (earlier study),no,manual,n/a,-,fa3cabf 2026-10-10,2026-08-02,8132,185a3d48c5f24bc1
docs/01_Literature/Related_Work_Gaps.md,Earlier-study documents (superseded banner added),OBSOLETE (earlier study),no,manual,n/a,-,fa3cabf 2026-10-10,2026-08-02,5928,f7f7c727fcd0e233
docs/01_Literature/Terminology.md,Earlier-study documents (superseded banner added),OBSOLETE (earlier study),no,manual,n/a,-,fa3cabf 2026-10-10,2026-08-02,4576,8b40f6e5bdc05e94
docs/02_Theory/CoFailure_Ceiling.md,Earlier-study documents (superseded banner added),OBSOLETE (earlier study),no,manual,n/a,-,fa3cabf 2026-10-10,2026-08-16,8182,1239281af1995836
docs/02_Theory/Failure_Cases.md,Earlier-study documents (superseded banner added),OBSOLETE (earlier study),no,manual,n/a,-,fa3cabf 2026-10-10,2026-08-03,5113,54b055054ff54525
docs/02_Theory/Identifiability.md,Earlier-study documents (superseded banner added),OBSOLETE (earlier study),no,manual,n/a,-,fa3cabf 2026-10-10,2026-08-02,4194,ba3c4e6a1d312f16
docs/02_Theory/Identifiability_Assumptions.md,Earlier-study documents (superseded banner added),OBSOLETE (earlier study),no,manual,n/a,-,fa3cabf 2026-10-10,2026-08-03,4868,c9467b5d900db566
docs/02_Theory/Mathematical_Formulation.md,Earlier-study documents (superseded banner added),OBSOLETE (earlier study),no,manual,n/a,-,fa3cabf 2026-10-10,2026-08-02,4361,ef29273ee1646587
docs/02_Theory/Statistical_Model.md,Earlier-study documents (superseded banner added),OBSOLETE (earlier study),no,manual,n/a,-,fa3cabf 2026-10-10,2026-08-02,3830,d4bf81f792f3bdb6
docs/02_Theory/Structural_Causal_Model.md,Earlier-study documents (superseded banner added),OBSOLETE (earlier study),no,manual,n/a,-,fa3cabf 2026-10-10,2026-08-02,4009,bc056021f4130d8a
docs/02_Theory/Theorem_Candidates.md,Earlier-study documents (superseded banner added),OBSOLETE (earlier study),no,manual,n/a,-,fa3cabf 2026-10-10,2026-08-02,2360,8c440990a3fa248a
docs/03_Data/Dataset_Inventory.md,Earlier-study documents (superseded banner added),OBSOLETE (earlier study),no,manual,n/a,-,fa3cabf 2026-10-10,2026-08-02,7955,56825c70e2b7c64f
docs/03_Data/Metadata.md,Earlier-study documents (superseded banner added),OBSOLETE (earlier study),no,manual,n/a,-,fa3cabf 2026-10-10,2026-08-02,1980,85bf4e869bc42c79
docs/03_Data/Model_Lineages.md,Earlier-study documents (superseded banner added),OBSOLETE (earlier study),no,manual,n/a,-,fa3cabf 2026-10-10,2026-08-02,3442,5401a08632aff067
docs/04_Methodology/Baselines.md,Earlier-study documents (superseded banner added),OBSOLETE (earlier study),no,manual,n/a,-,fa3cabf 2026-10-10,2026-08-02,2100,e953c78603282573
docs/04_Methodology/Evaluation.md,Earlier-study documents (superseded banner added),OBSOLETE (earlier study),no,manual,n/a,-,fa3cabf 2026-10-10,2026-08-02,2053,f885a23d367cd2eb
docs/04_Methodology/Experimental_Design.md,Earlier-study documents (superseded banner added),OBSOLETE (earlier study),no,manual,n/a,-,fa3cabf 2026-10-10,2026-08-02,4996,eeb288729af7bbf6
docs/04_Methodology/Threats_to_Validity.md,Earlier-study documents (superseded banner added),OBSOLETE (earlier study),no,manual,n/a,-,fa3cabf 2026-10-10,2026-08-02,3074,739b1627a2496152
docs/05_Experiments/Exp01_Phase1_Simulation.md,Earlier-study documents (superseded banner added),OBSOLETE (earlier study),no,manual,n/a,-,fa3cabf 2026-10-10,2026-08-02,2745,f7f2facbfc026bfc
docs/05_Experiments/Exp02_Colab_T4.broken_backup.ipynb,Earlier-study documents (superseded banner added),OBSOLETE (earlier study),no,manual,n/a,-,28b8c28 2026-08-18,2026-08-18,9530,e31df10d0959feef
docs/05_Experiments/Exp02_Colab_T4.ipynb,Earlier-study documents (superseded banner added),OBSOLETE (earlier study),no,manual,n/a,-,179e8c2 2026-08-16,2026-08-16,14646,0dc7941c74e7dfc2
docs/05_Experiments/Exp02_GPU_Runbook.md,Earlier-study documents (superseded banner added),OBSOLETE (earlier study),no,manual,n/a,-,fa3cabf 2026-10-10,2026-08-05,18432,e445c6cc27be3532
docs/05_Experiments/Exp02_Phase2_Decomposition.md,Earlier-study documents (superseded banner added),OBSOLETE (earlier study),no,manual,n/a,-,fa3cabf 2026-10-10,2026-08-02,4822,ffb2fdb3f8963f81
docs/05_Experiments/Exp03_Phase3_Analogies.md,Earlier-study documents (superseded banner added),OBSOLETE (earlier study),no,manual,n/a,-,fa3cabf 2026-10-10,2026-08-02,1484,42d6e1385969ad9d
docs/05_Experiments/Exp04_Leaderboard_Lineage_Era.md,Dated analysis plan and three amendments,CURRENT,design record,manual,n/a,-,a867266 2026-10-09,2026-10-09,11436,a25c2bc4f54f4a9b
docs/06_Results/Ablations.md,Earlier-study documents (superseded banner added),OBSOLETE (earlier study),no,manual,n/a,-,fa3cabf 2026-10-10,2026-08-02,1470,0c368f06461602f3
docs/06_Results/Negative_Results.md,Earlier-study documents (superseded banner added),OBSOLETE (earlier study),no,manual,n/a,-,fa3cabf 2026-10-10,2026-08-02,3646,09aa97b48fe9400a
docs/06_Results/Reviewer_Questions.md,Earlier-study documents (superseded banner added),OBSOLETE (earlier study),no,manual,n/a,-,fa3cabf 2026-10-10,2026-08-02,3537,6a68288ae52685c1
docs/07_Paper/Appendix.md,Old paper and IEEE support of the earlier study,OBSOLETE (withdrawn),no,manual,n/a,-,fa3cabf 2026-10-10,2026-08-02,1206,507f33a6ab44239c
docs/07_Paper/Camera_Ready_Checklist.md,Old paper and IEEE support of the earlier study,OBSOLETE (withdrawn),no,manual,n/a,-,fa3cabf 2026-10-10,2026-08-05,2601,64bd175491fb09dc
docs/07_Paper/Editorial_Review_CameraReady.md,Old paper and IEEE support of the earlier study,OBSOLETE (withdrawn),no,manual,n/a,-,fa3cabf 2026-10-10,2026-08-16,82605,ffacda650f14dc73
docs/07_Paper/Figures.md,Old paper and IEEE support of the earlier study,OBSOLETE (withdrawn),no,manual,n/a,-,fa3cabf 2026-10-10,2026-08-02,2483,98bdcef14f6ebb91
docs/07_Paper/Outline.md,Old paper and IEEE support of the earlier study,OBSOLETE (withdrawn),no,manual,n/a,-,fa3cabf 2026-10-10,2026-08-02,3544,5f2a384d4179d045
docs/07_Paper/README.md,Old paper and IEEE support of the earlier study,OBSOLETE (withdrawn),no,manual,n/a,-,fa3cabf 2026-10-10,2026-10-10,475,56541c43ad0d06de
docs/07_Paper/Tables.md,Old paper and IEEE support of the earlier study,OBSOLETE (withdrawn),no,manual,n/a,-,fa3cabf 2026-10-10,2026-08-02,1346,16271d224ad0a123
docs/07_Paper/build.sh,Old paper and IEEE support of the earlier study,OBSOLETE (withdrawn),no,manual,n/a,-,6efb910 2026-08-16,2026-08-16,844,3c1ec73f69aea562
docs/07_Paper/figs/fig_d3.png,Old paper and IEEE support of the earlier study,OBSOLETE (withdrawn),no,manual,n/a,-,6efb910 2026-08-16,2026-08-06,57792,1d4dcc362c269abf
docs/07_Paper/figs/fig_dag.png,Old paper and IEEE support of the earlier study,OBSOLETE (withdrawn),no,manual,n/a,-,6efb910 2026-08-16,2026-08-05,62084,31e8b6014b8137fc
docs/07_Paper/figs/fig_design.png,Old paper and IEEE support of the earlier study,OBSOLETE (withdrawn),no,manual,n/a,-,6efb910 2026-08-16,2026-08-05,65042,cd3e0c5cd5b74e70
docs/07_Paper/figs/fig_g3_trace.png,Old paper and IEEE support of the earlier study,OBSOLETE (withdrawn),no,manual,n/a,-,6efb910 2026-08-16,2026-08-05,67646,63d91594aed27a3c
docs/07_Paper/figs/fig_lineage.png,Old paper and IEEE support of the earlier study,OBSOLETE (withdrawn),no,manual,n/a,-,6efb910 2026-08-16,2026-08-06,215281,f125f515da48e856
docs/07_Paper/figs/fig_pipeline.png,Old paper and IEEE support of the earlier study,OBSOLETE (withdrawn),no,manual,n/a,-,6efb910 2026-08-16,2026-08-06,146727,745f55ff2e283454
docs/07_Paper/figs/fig_placeholder.png,Old paper and IEEE support of the earlier study,OBSOLETE (withdrawn),no,manual,n/a,-,2cefdef 2026-08-05,2026-08-05,43641,e725ad9cc3cb27f0
docs/07_Paper/ieeeaccess_support/IEEEtran.bst,Old paper and IEEE support of the earlier study,OBSOLETE (withdrawn),no,manual,n/a,-,b6abb4f 2026-08-05,2026-08-05,57748,314f0ece704568fa
docs/07_Paper/ieeeaccess_support/IEEEtran.cls,Old paper and IEEE support of the earlier study,OBSOLETE (withdrawn),no,manual,n/a,-,b6abb4f 2026-08-05,2026-08-05,281957,da751920a317ed31
docs/07_Paper/ieeeaccess_support/author1.png,Old paper and IEEE support of the earlier study,OBSOLETE (withdrawn),no,manual,n/a,-,b6abb4f 2026-08-05,2026-08-05,76281,198616cf28c75497
docs/07_Paper/ieeeaccess_support/author2.png,Old paper and IEEE support of the earlier study,OBSOLETE (withdrawn),no,manual,n/a,-,b6abb4f 2026-08-05,2026-08-05,100255,b673e3d89c4021b5
docs/07_Paper/ieeeaccess_support/author3.png,Old paper and IEEE support of the earlier study,OBSOLETE (withdrawn),no,manual,n/a,-,b6abb4f 2026-08-05,2026-08-05,82287,df03222e551646eb
docs/07_Paper/ieeeaccess_support/bullet.png,Old paper and IEEE support of the earlier study,OBSOLETE (withdrawn),no,manual,n/a,-,b6abb4f 2026-08-05,2026-08-05,430,754772e36aab3895
docs/07_Paper/ieeeaccess_support/equation3.png,Old paper and IEEE support of the earlier study,OBSOLETE (withdrawn),no,manual,n/a,-,b6abb4f 2026-08-05,2026-08-05,19544,fba65831980085bb
docs/07_Paper/ieeeaccess_support/fig1.png,Old paper and IEEE support of the earlier study,OBSOLETE (withdrawn),no,manual,n/a,-,b6abb4f 2026-08-05,2026-08-05,13815,db99fd0a18672b98
docs/07_Paper/ieeeaccess_support/ieeeaccess.cls,Old paper and IEEE support of the earlier study,OBSOLETE (withdrawn),no,manual,n/a,-,b6abb4f 2026-08-05,2026-08-05,50800,67b73c4da05479d5
docs/07_Paper/ieeeaccess_support/logo.png,Old paper and IEEE support of the earlier study,OBSOLETE (withdrawn),no,manual,n/a,-,b6abb4f 2026-08-05,2026-08-05,9705,7e04ba7f0c579f37
docs/07_Paper/ieeeaccess_support/notaglinelogo.png,Old paper and IEEE support of the earlier study,OBSOLETE (withdrawn),no,manual,n/a,-,b6abb4f 2026-08-05,2026-08-05,3150,955e9a07fb35ffbc
docs/07_Paper/ieeeaccess_support/spotcolor.sty,Old paper and IEEE support of the earlier study,OBSOLETE (withdrawn),no,manual,n/a,-,b6abb4f 2026-08-05,2026-08-05,2231,a9c5bacbf5b832e5
docs/07_Paper/ieeeaccess_support/t1-formata-bold.pfb,Old paper and IEEE support of the earlier study,OBSOLETE (withdrawn),no,manual,n/a,-,b6abb4f 2026-08-05,2026-08-05,59944,85cc7db8dc040904
docs/07_Paper/ieeeaccess_support/t1-formata-bold.tfm,Old paper and IEEE support of the earlier study,OBSOLETE (withdrawn),no,manual,n/a,-,b6abb4f 2026-08-05,2026-08-05,1420,07d3efeaf10af3eb
docs/07_Paper/ieeeaccess_support/t1-formata-bolditalic.pfb,Old paper and IEEE support of the earlier study,OBSOLETE (withdrawn),no,manual,n/a,-,b6abb4f 2026-08-05,2026-08-05,57834,51af5f6d5ae0c695
docs/07_Paper/ieeeaccess_support/t1-formata-bolditalic.tfm,Old paper and IEEE support of the earlier study,OBSOLETE (withdrawn),no,manual,n/a,-,b6abb4f 2026-08-05,2026-08-05,1672,edba8f3a19f9ccc6
docs/07_Paper/ieeeaccess_support/t1-formata-condmedium.pfb,Old paper and IEEE support of the earlier study,OBSOLETE (withdrawn),no,manual,n/a,-,b6abb4f 2026-08-05,2026-08-05,63989,21d1c9853f4c1d19
docs/07_Paper/ieeeaccess_support/t1-formata-condmedium.tfm,Old paper and IEEE support of the earlier study,OBSOLETE (withdrawn),no,manual,n/a,-,b6abb4f 2026-08-05,2026-08-05,1412,6b50cfdac0503850
docs/07_Paper/ieeeaccess_support/t1-formata-condmediumital.pfb,Old paper and IEEE support of the earlier study,OBSOLETE (withdrawn),no,manual,n/a,-,b6abb4f 2026-08-05,2026-08-05,65644,2b9c7803d3d79d86
docs/07_Paper/ieeeaccess_support/t1-formata-condmediumital.tfm,Old paper and IEEE support of the earlier study,OBSOLETE (withdrawn),no,manual,n/a,-,b6abb4f 2026-08-05,2026-08-05,1660,bdcc73dd762e6345
docs/07_Paper/ieeeaccess_support/t1-formata-italic.pfb,Old paper and IEEE support of the earlier study,OBSOLETE (withdrawn),no,manual,n/a,-,b6abb4f 2026-08-05,2026-08-05,55897,774a9b0f146bdc4f
docs/07_Paper/ieeeaccess_support/t1-formata-italic.tfm,Old paper and IEEE support of the earlier study,OBSOLETE (withdrawn),no,manual,n/a,-,b6abb4f 2026-08-05,2026-08-05,1680,b5abe759c73ab5f6
docs/07_Paper/ieeeaccess_support/t1-formata-light.pfb,Old paper and IEEE support of the earlier study,OBSOLETE (withdrawn),no,manual,n/a,-,b6abb4f 2026-08-05,2026-08-05,62934,e172485ed2369cd3
docs/07_Paper/ieeeaccess_support/t1-formata-light.tfm,Old paper and IEEE support of the earlier study,OBSOLETE (withdrawn),no,manual,n/a,-,b6abb4f 2026-08-05,2026-08-05,1416,e49ec9919a791c4d
docs/07_Paper/ieeeaccess_support/t1-formata-lightitalic.pfb,Old paper and IEEE support of the earlier study,OBSOLETE (withdrawn),no,manual,n/a,-,b6abb4f 2026-08-05,2026-08-05,56817,e1e8b533ef124f9c
docs/07_Paper/ieeeaccess_support/t1-formata-lightitalic.tfm,Old paper and IEEE support of the earlier study,OBSOLETE (withdrawn),no,manual,n/a,-,b6abb4f 2026-08-05,2026-08-05,1656,faf7c6e83e68da13
docs/07_Paper/ieeeaccess_support/t1-formata-medium.pfb,Old paper and IEEE support of the earlier study,OBSOLETE (withdrawn),no,manual,n/a,-,b6abb4f 2026-08-05,2026-08-05,67701,86bcb9f9047a23d1
docs/07_Paper/ieeeaccess_support/t1-formata-medium.tfm,Old paper and IEEE support of the earlier study,OBSOLETE (withdrawn),no,manual,n/a,-,b6abb4f 2026-08-05,2026-08-05,4720,06bbc55cb560d7f1
docs/07_Paper/ieeeaccess_support/t1-formata-mediumitalic.pfb,Old paper and IEEE support of the earlier study,OBSOLETE (withdrawn),no,manual,n/a,-,b6abb4f 2026-08-05,2026-08-05,62483,81675003831e33e5
docs/07_Paper/ieeeaccess_support/t1-formata-mediumitalic.tfm,Old paper and IEEE support of the earlier study,OBSOLETE (withdrawn),no,manual,n/a,-,b6abb4f 2026-08-05,2026-08-05,4948,6af7b2d27109a2ae
docs/07_Paper/ieeeaccess_support/t1-formata-regsymb.pfb,Old paper and IEEE support of the earlier study,OBSOLETE (withdrawn),no,manual,n/a,-,b6abb4f 2026-08-05,2026-08-05,14621,28b3e632d96f651d
docs/07_Paper/ieeeaccess_support/t1-formata-regsymb.tfm,Old paper and IEEE support of the earlier study,OBSOLETE (withdrawn),no,manual,n/a,-,b6abb4f 2026-08-05,2026-08-05,432,2099220084353dd2
docs/07_Paper/ieeeaccess_support/t1-formata-regular.pfb,Old paper and IEEE support of the earlier study,OBSOLETE (withdrawn),no,manual,n/a,-,b6abb4f 2026-08-05,2026-08-05,63982,ddda54f35e3b59ef
docs/07_Paper/ieeeaccess_support/t1-formata-regular.tfm,Old paper and IEEE support of the earlier study,OBSOLETE (withdrawn),no,manual,n/a,-,b6abb4f 2026-08-05,2026-08-05,1416,5b72c4ed7ea54027
docs/07_Paper/ieeeaccess_support/t1-formata.map,Old paper and IEEE support of the earlier study,OBSOLETE (withdrawn),no,manual,n/a,-,b6abb4f 2026-08-05,2026-08-05,690,6bc40400c9d3e827
docs/07_Paper/ieeeaccess_support/t1-giovannistd-bookitalic.pfb,Old paper and IEEE support of the earlier study,OBSOLETE (withdrawn),no,manual,n/a,-,b6abb4f 2026-08-05,2026-08-05,60827,98ad0803de1518d8
docs/07_Paper/ieeeaccess_support/t1-giovannistd-bookitalic.tfm,Old paper and IEEE support of the earlier study,OBSOLETE (withdrawn),no,manual,n/a,-,b6abb4f 2026-08-05,2026-08-05,5452,35669a03bfac8239
docs/07_Paper/ieeeaccess_support/t1-giovannistd.map,Old paper and IEEE support of the earlier study,OBSOLETE (withdrawn),no,manual,n/a,-,b6abb4f 2026-08-05,2026-08-05,81,3b53bc7de8bce199
docs/07_Paper/ieeeaccess_support/t1-helvetica.map,Old paper and IEEE support of the earlier study,OBSOLETE (withdrawn),no,manual,n/a,-,b6abb4f 2026-08-05,2026-08-05,253,4cb73edb6c8f800a
docs/07_Paper/ieeeaccess_support/t1-times-bold.pfb,Old paper and IEEE support of the earlier study,OBSOLETE (withdrawn),no,manual,n/a,-,b6abb4f 2026-08-05,2026-08-05,74023,9de3b06aee8a2969
docs/07_Paper/ieeeaccess_support/t1-times-bold.tfm,Old paper and IEEE support of the earlier study,OBSOLETE (withdrawn),no,manual,n/a,-,b6abb4f 2026-08-05,2026-08-05,6264,4c845739e4c4b74b
docs/07_Paper/ieeeaccess_support/t1-times-bolditalic.pfb,Old paper and IEEE support of the earlier study,OBSOLETE (withdrawn),no,manual,n/a,-,b6abb4f 2026-08-05,2026-08-05,63189,2bc33058718a7bce
docs/07_Paper/ieeeaccess_support/t1-times-bolditalic.tfm,Old paper and IEEE support of the earlier study,OBSOLETE (withdrawn),no,manual,n/a,-,b6abb4f 2026-08-05,2026-08-05,5328,2fdc98c536dc5e4c
docs/07_Paper/ieeeaccess_support/t1-times-italic.pfb,Old paper and IEEE support of the earlier study,OBSOLETE (withdrawn),no,manual,n/a,-,b6abb4f 2026-08-05,2026-08-05,59460,8b291a54d50d0064
docs/07_Paper/ieeeaccess_support/t1-times-italic.tfm,Old paper and IEEE support of the earlier study,OBSOLETE (withdrawn),no,manual,n/a,-,b6abb4f 2026-08-05,2026-08-05,6284,1a7a52a19b839399
docs/07_Paper/ieeeaccess_support/t1-times.map,Old paper and IEEE support of the earlier study,OBSOLETE (withdrawn),no,manual,n/a,-,b6abb4f 2026-08-05,2026-08-05,215,34315863a8b07b69
docs/07_Paper/ieeeaccess_support/t1-times.pfb,Old paper and IEEE support of the earlier study,OBSOLETE (withdrawn),no,manual,n/a,-,b6abb4f 2026-08-05,2026-08-05,76176,d7a1e71f532e430e
docs/07_Paper/ieeeaccess_support/t1-times.tfm,Old paper and IEEE support of the earlier study,OBSOLETE (withdrawn),no,manual,n/a,-,b6abb4f 2026-08-05,2026-08-05,5932,5c8fb592c16a481b
docs/07_Paper/ieeeaccess_support/t1formata.fd,Old paper and IEEE support of the earlier study,OBSOLETE (withdrawn),no,manual,n/a,-,b6abb4f 2026-08-05,2026-08-05,706,87385e77266d505e
docs/07_Paper/ieeeaccess_support/t1giovannistd.fd,Old paper and IEEE support of the earlier study,OBSOLETE (withdrawn),no,manual,n/a,-,b6abb4f 2026-08-05,2026-08-05,115,e071d747b940f03a
docs/07_Paper/ieeeaccess_support/t1helvetica.fd,Old paper and IEEE support of the earlier study,OBSOLETE (withdrawn),no,manual,n/a,-,b6abb4f 2026-08-05,2026-08-05,592,5ee12b5ba0ac6ad0
docs/07_Paper/ieeeaccess_support/t1times.fd,Old paper and IEEE support of the earlier study,OBSOLETE (withdrawn),no,manual,n/a,-,b6abb4f 2026-08-05,2026-08-05,508,257f290ea4e57bd9
docs/07_Paper/make_docx.py,Old paper and IEEE support of the earlier study,OBSOLETE (withdrawn),no,manual,n/a,-,6efb910 2026-08-16,2026-08-16,10876,e6013915029fd8dc
docs/07_Paper/manuscript.docx,Old paper and IEEE support of the earlier study,OBSOLETE (withdrawn),no,manual,n/a,-,0258bfc 2026-08-16,2026-08-16,567651,a3405265196aca73
docs/07_Paper/manuscript.pdf,Old paper and IEEE support of the earlier study,OBSOLETE (withdrawn),no,manual,n/a,-,0258bfc 2026-08-16,2026-08-05,1015231,9cbbf1585b54ff30
docs/07_Paper/manuscript.tex,Old paper and IEEE support of the earlier study,OBSOLETE (withdrawn),no,manual,n/a,-,fa3cabf 2026-10-10,2026-08-05,106541,4af435d1d36fad4b
docs/08_Reviews/IEEE_Access_AE_Review.md,Review and audit records,CURRENT (records),no,manual,n/a,-,fa3cabf 2026-10-10,2026-08-06,14013,75989b937e38dc7f
docs/08_Reviews/Kill_Test.md,Review and audit records,CURRENT (records),no,manual,n/a,-,fa3cabf 2026-10-10,2026-08-02,2164,1ac7ce152fd8bf82
docs/08_Reviews/Novelty_Audit.md,Review and audit records,CURRENT (records),no,manual,n/a,-,fa3cabf 2026-10-10,2026-08-02,1574,f712f73c7c88d3bf
docs/08_Reviews/Novelty_Audit_2026-10.md,Review and audit records,CURRENT (records),no,manual,n/a,-,2c5dbcf 2026-10-09,2026-10-09,6693,0bd66efc64b0c49d
docs/08_Reviews/Phase2_16Model_Audit.md,Review and audit records,CURRENT (records),no,manual,n/a,-,fa3cabf 2026-10-10,2026-08-18,12096,3519d41621e244ba
docs/08_Reviews/Reviewer2.md,Review and audit records,CURRENT (records),no,manual,n/a,-,fa3cabf 2026-10-10,2026-08-02,3472,00fcf7ec7cf50fa7
docs/08_Reviews/Revision_2026-10_Precision_Gate.md,Review and audit records,CURRENT (records),no,manual,n/a,-,2ae523e 2026-10-09,2026-10-09,17930,203d57c09707aa11
docs/08_Reviews/RunPod_Phase2_Audit_2026-10-10.md,Review and audit records,CURRENT (records),no,manual,n/a,-,60421a9 2026-10-10,2026-10-10,12799,c3262018486169de
docs/08_Reviews/RunPod_proposed_manuscript.diff,Review and audit records,CURRENT (records),no,manual,n/a,-,60421a9 2026-10-10,2026-10-10,19079,90ee038a874fd4c0
docs/09_Roadmap/Future_Work.md,Earlier-study documents (superseded banner added),OBSOLETE (earlier study),no,manual,n/a,-,fa3cabf 2026-10-10,2026-08-02,1763,31a0b82933cf2fb8
docs/09_Roadmap/Publication_Plan.md,Earlier-study documents (superseded banner added),OBSOLETE (earlier study),no,manual,n/a,-,fa3cabf 2026-10-10,2026-08-02,1628,a9980bc4d07f9938
docs/09_Roadmap/Timeline.md,Earlier-study documents (superseded banner added),OBSOLETE (earlier study),no,manual,n/a,-,fa3cabf 2026-10-10,2026-08-02,1936,f02d04dc355a935c
docs/10_Population/Environment_Definition.md,Earlier-study documents (superseded banner added),OBSOLETE (earlier study),no,manual,n/a,-,fa3cabf 2026-10-10,2026-08-03,2565,1bbf52b96f0e7e97
docs/10_Population/Inclusion_Exclusion.md,Earlier-study documents (superseded banner added),OBSOLETE (earlier study),no,manual,n/a,-,fa3cabf 2026-10-10,2026-08-03,2906,0b959467493363e8
docs/10_Population/Lineage_Definition.md,Earlier-study documents (superseded banner added),OBSOLETE (earlier study),no,manual,n/a,-,fa3cabf 2026-10-10,2026-08-03,2731,139a7cb998f84216
docs/10_Population/Population_Assumptions.md,Earlier-study documents (superseded banner added),OBSOLETE (earlier study),no,manual,n/a,-,fa3cabf 2026-10-10,2026-08-03,2976,ae5e5db558ef6b6d
docs/10_Population/Population_Construction.md,Earlier-study documents (superseded banner added),OBSOLETE (earlier study),no,manual,n/a,-,fa3cabf 2026-10-10,2026-08-03,2507,b156b20049d4fe54
docs/10_Population/Population_Definition.md,Earlier-study documents (superseded banner added),OBSOLETE (earlier study),no,manual,n/a,-,fa3cabf 2026-10-10,2026-08-03,2597,2139abbc642fa45e
docs/10_Population/Selection_Definition.md,Earlier-study documents (superseded banner added),OBSOLETE (earlier study),no,manual,n/a,-,fa3cabf 2026-10-10,2026-08-03,2891,9ee22d83865f257d
docs/10_Population/Trait_Definition.md,Earlier-study documents (superseded banner added),OBSOLETE (earlier study),no,manual,n/a,-,fa3cabf 2026-10-10,2026-08-03,3594,00c0ecf7765cd137
docs/CLAIM_AUDIT.md,Earlier-study documents (superseded banner added),OBSOLETE (earlier study),no,manual,n/a,-,fa3cabf 2026-10-10,2026-08-19,13649,a51adf05134013b0
docs/EMPIRICAL_EVALUATION_VALIDITY_AUDIT.md,Earlier-study documents (superseded banner added),OBSOLETE (earlier study),no,manual,n/a,-,fa3cabf 2026-10-10,2026-08-19,5098,d1663f15233be1d9
docs/EVIDENCE_MATRIX.md,Earlier-study documents (superseded banner added),OBSOLETE (earlier study),no,manual,n/a,-,fa3cabf 2026-10-10,2026-08-19,13918,2d0d735d1da23f03
docs/FINAL_EVIDENCE_MATRIX.md,Earlier-study documents (superseded banner added),OBSOLETE (earlier study),no,manual,n/a,-,fa3cabf 2026-10-10,2026-08-19,3997,c72af184f14b2eba
docs/PEER_REVIEW.md,Earlier-study documents (superseded banner added),OBSOLETE (earlier study),no,manual,n/a,-,fa3cabf 2026-10-10,2026-08-19,5008,9f1658e8670904ae
docs/PEER_REVIEW_SIMULATION.md,Earlier-study documents (superseded banner added),OBSOLETE (earlier study),no,manual,n/a,-,fa3cabf 2026-10-10,2026-08-19,23787,9f14b9da76e5c772
docs/REPRODUCIBILITY_CHECKLIST.md,Reproduction runbook,CURRENT,no,manual,n/a,-,5bdb0eb 2026-10-10,2026-08-19,9005,70b83cfd6c493e6f
docs/archive/REPRODUCIBILITY_CHECKLIST_v1_16model.md,Earlier-study runbook,OBSOLETE (earlier study),no,manual,n/a,-,fa3cabf 2026-10-10,2026-10-09,9652,612cb3695620abf2
docs/assets/exp04_agreement_by_gap.png,README images,CURRENT (generated),plots results,generated,scripts/make_exp04_figures.py --readme,results/,31d0e6b 2026-10-10,2026-10-09,98133,a21cfaae87c6d6a4
docs/assets/exp04_forest.png,README images,CURRENT (generated),plots results,generated,scripts/make_exp04_figures.py --readme,results/,bee209c 2026-10-10,2026-10-09,101019,1b4f8078cb2df379
docs/assets/fig_dataflow.png,README images,CURRENT (generated),plots results,generated,scripts/make_exp04_figures.py --readme,results/,4d2b6d9 2026-10-10,2026-10-09,256175,25b6536eea1ab705
docs/assets/fig_detection.png,README images,CURRENT (generated),plots results,generated,scripts/make_exp04_figures.py --readme,results/,bee209c 2026-10-10,2026-10-09,82943,ef9a6e8057aa0df8
docs/assets/fig_dose.png,README images,CURRENT (generated),plots results,generated,scripts/make_exp04_figures.py --readme,results/,8574508 2026-10-10,2026-10-09,81365,3a70ef347b55733e
docs/assets/fig_heterogeneity.png,README images,CURRENT (generated),plots results,generated,scripts/make_exp04_figures.py --readme,results/,31d0e6b 2026-10-10,2026-10-09,139600,78bb7c85a1e35c25
docs/assets/fig_timing.png,README images,CURRENT (generated),plots results,generated,scripts/make_exp04_figures.py --readme,results/,bee209c 2026-10-10,2026-10-09,137563,a909bc0cc8dd29c1
docs/release/LICENSE-MIT.draft,Licensing notes,CURRENT,no,manual,n/a,-,a867266 2026-10-09,2026-10-09,1528,2205733c9c4c0d49
docs/release/LICENSING_NOTES.md,Licensing notes,CURRENT,no,manual,n/a,-,a867266 2026-10-09,2026-10-09,2487,ca7d3ac197f81a80
master/Makefile,Single-column build files,CURRENT,no,manual,n/a,-,6c3cd51 2026-10-10,2026-09-15,1264,d6b92da0c7816426
master/README.md,Single-column build files,CURRENT,no,manual,n/a,-,6c3cd51 2026-10-10,2026-10-09,1092,72b7b8dd91b1679f
master/archive/master_manuscript_v1_16model.tex,Earlier single-column 16-model manuscript (withdrawn),OBSOLETE (withdrawn),no,manual,n/a,-,6c3cd51 2026-10-10,2026-10-10,104073,917fb342db5629ed
master/build/master_manuscript.pdf,Single-column PDF,CURRENT (generated),states results,generated,make -C master,master/src,d262d2e 2026-10-10,2026-09-16,1087022,0e4181ba19826f2a
master/src/master_manuscript.tex,Generated single-column manuscript,CURRENT (generated),states results,generated,scripts/make_master_manuscript.py,paper/src/ieee_access_manuscript.tex,d262d2e 2026-10-10,2026-09-15,80718,c7b5ce7b31290cbd
notebooks/.gitkeep,Placeholder,CURRENT,no,manual,n/a,-,20692ad 2026-08-02,2026-08-02,0,e3b0c44298fc1c14
paper/Makefile,Manuscript build,CURRENT,no,manual,n/a,-,2ae523e 2026-10-09,2026-08-31,2233,4040591d345f8295
paper/build/ieee_access_manuscript.pdf,Built PDFs of the current manuscript/supplement,CURRENT (generated),states results,generated,make -C paper,"paper/src, paper/figures, paper/tables",d262d2e 2026-10-10,2026-08-31,1156509,922e2d639ff0e425
paper/build/supplement.pdf,Built PDFs of the current manuscript/supplement,CURRENT (generated),states results,generated,make -C paper,"paper/src, paper/figures, paper/tables",2fc597d 2026-10-10,2026-10-09,696717,990b98b810f5c3cb
paper/figures/author1.png,Figure PDFs of the current paper,CURRENT (generated),plots results,generated,scripts/make_exp04_figures.py (14/20 from results/ alone; 6 need item-level data),"results/, datasets/ollb/v1 (6 figs)",6c1cc59 2026-08-19,2026-08-19,76281,198616cf28c75497
paper/figures/author2.png,Figure PDFs of the current paper,CURRENT (generated),plots results,generated,scripts/make_exp04_figures.py (14/20 from results/ alone; 6 need item-level data),"results/, datasets/ollb/v1 (6 figs)",6c1cc59 2026-08-19,2026-08-19,100255,b673e3d89c4021b5
paper/figures/author3.png,Figure PDFs of the current paper,CURRENT (generated),plots results,generated,scripts/make_exp04_figures.py (14/20 from results/ alone; 6 need item-level data),"results/, datasets/ollb/v1 (6 figs)",6c1cc59 2026-08-19,2026-08-19,82287,df03222e551646eb
paper/figures/bullet.png,Figure PDFs of the current paper,CURRENT (generated),plots results,generated,scripts/make_exp04_figures.py (14/20 from results/ alone; 6 need item-level data),"results/, datasets/ollb/v1 (6 figs)",6c1cc59 2026-08-19,2026-08-19,430,754772e36aab3895
paper/figures/exp04_agreement_by_gap.pdf,Figure PDFs of the current paper,CURRENT (generated),plots results,generated,scripts/make_exp04_figures.py (14/20 from results/ alone; 6 need item-level data),"results/, datasets/ollb/v1 (6 figs)",31d0e6b 2026-10-10,2026-10-09,52320,0ed042a15e0811dc
paper/figures/exp04_forest.pdf,Figure PDFs of the current paper,CURRENT (generated),plots results,generated,scripts/make_exp04_figures.py (14/20 from results/ alone; 6 need item-level data),"results/, datasets/ollb/v1 (6 figs)",bee209c 2026-10-10,2026-10-09,54029,a35172f68111c3a0
paper/figures/fig10_d4_stress_test.pdf,Figure PDFs of the current paper,CURRENT (generated),plots results,generated,scripts/make_exp04_figures.py (14/20 from results/ alone; 6 need item-level data),"results/, datasets/ollb/v1 (6 figs)",2a2fc07 2026-08-31,2026-08-31,133666,80ae1de4635093a3
paper/figures/fig11_leave_one_out_clean.pdf,Figure PDFs of the current paper,CURRENT (generated),plots results,generated,scripts/make_exp04_figures.py (14/20 from results/ alone; 6 need item-level data),"results/, datasets/ollb/v1 (6 figs)",2a2fc07 2026-08-31,2026-08-31,291988,ac2933a050e7a6ad
paper/figures/fig12_era_resolution_fixed.pdf,Figure PDFs of the current paper,CURRENT (generated),plots results,generated,scripts/make_exp04_figures.py (14/20 from results/ alone; 6 need item-level data),"results/, datasets/ollb/v1 (6 figs)",2a2fc07 2026-08-31,2026-08-31,122967,452892879298b550
paper/figures/fig1_workflow_diagram.pdf,Figure PDFs of the current paper,CURRENT (generated),plots results,generated,scripts/make_exp04_figures.py (14/20 from results/ alone; 6 need item-level data),"results/, datasets/ollb/v1 (6 figs)",2a2fc07 2026-08-31,2026-08-31,50902,70576f610493b5e3
paper/figures/fig2_simulation_recovery_fixed.pdf,Figure PDFs of the current paper,CURRENT (generated),plots results,generated,scripts/make_exp04_figures.py (14/20 from results/ alone; 6 need item-level data),"results/, datasets/ollb/v1 (6 figs)",2a2fc07 2026-08-31,2026-08-31,116963,b8cab91fcab20026
paper/figures/fig2a_d1_bias.pdf,Figure PDFs of the current paper,CURRENT (generated),plots results,generated,scripts/make_exp04_figures.py (14/20 from results/ alone; 6 need item-level data),"results/, datasets/ollb/v1 (6 figs)",2a2fc07 2026-08-31,2026-08-31,56196,062bee85271186d1
paper/figures/fig2b_d2_bias.png,Figure PDFs of the current paper,CURRENT (generated),plots results,generated,scripts/make_exp04_figures.py (14/20 from results/ alone; 6 need item-level data),"results/, datasets/ollb/v1 (6 figs)",2a2fc07 2026-08-31,2026-08-31,64464,23c3241432e42cc2
paper/figures/fig2c_coverage.pdf,Figure PDFs of the current paper,CURRENT (generated),plots results,generated,scripts/make_exp04_figures.py (14/20 from results/ alone; 6 need item-level data),"results/, datasets/ollb/v1 (6 figs)",2a2fc07 2026-08-31,2026-08-31,59862,b4b3e3cb4b7bd7a2
paper/figures/fig3_d3_detection_fixed.pdf,Figure PDFs of the current paper,CURRENT (generated),plots results,generated,scripts/make_exp04_figures.py (14/20 from results/ alone; 6 need item-level data),"results/, datasets/ollb/v1 (6 figs)",2a2fc07 2026-08-31,2026-08-31,46984,6a2a1fea9c0db6e2
paper/figures/fig4_occupancy_heatmap.pdf,Figure PDFs of the current paper,CURRENT (generated),plots results,generated,scripts/make_exp04_figures.py (14/20 from results/ alone; 6 need item-level data),"results/, datasets/ollb/v1 (6 figs)",2a2fc07 2026-08-31,2026-08-31,98978,54c008d388b24b93
paper/figures/fig5a_gate_audit.pdf,Figure PDFs of the current paper,CURRENT (generated),plots results,generated,scripts/make_exp04_figures.py (14/20 from results/ alone; 6 need item-level data),"results/, datasets/ollb/v1 (6 figs)",2a2fc07 2026-08-31,2026-08-31,48314,89535aab67da5236
paper/figures/fig5b_rank_vs_population.pdf,Figure PDFs of the current paper,CURRENT (generated),plots results,generated,scripts/make_exp04_figures.py (14/20 from results/ alone; 6 need item-level data),"results/, datasets/ollb/v1 (6 figs)",2a2fc07 2026-08-31,2026-08-31,31246,47bf511cbbd4a0cf
paper/figures/fig5b_rank_vs_population.png,Figure PDFs of the current paper,CURRENT (generated),plots results,generated,scripts/make_exp04_figures.py (14/20 from results/ alone; 6 need item-level data),"results/, datasets/ollb/v1 (6 figs)",2a2fc07 2026-08-31,2026-08-31,93884,66cbc976713f6584
paper/figures/fig5c_conditioning_vs_population.pdf,Figure PDFs of the current paper,CURRENT (generated),plots results,generated,scripts/make_exp04_figures.py (14/20 from results/ alone; 6 need item-level data),"results/, datasets/ollb/v1 (6 figs)",2a2fc07 2026-08-31,2026-08-31,30331,df97c7d351ed1bad
paper/figures/fig5c_conditioning_vs_population.png,Figure PDFs of the current paper,CURRENT (generated),plots results,generated,scripts/make_exp04_figures.py (14/20 from results/ alone; 6 need item-level data),"results/, datasets/ollb/v1 (6 figs)",2a2fc07 2026-08-31,2026-08-31,77766,5023bea6a9fd989e
paper/figures/fig6_condition_number_scatter.pdf,Figure PDFs of the current paper,CURRENT (generated),plots results,generated,scripts/make_exp04_figures.py (14/20 from results/ alone; 6 need item-level data),"results/, datasets/ollb/v1 (6 figs)",2a2fc07 2026-08-31,2026-08-31,93540,5cafb7c750950141
paper/figures/fig7_pass_fail_heatmap_fixed.pdf,Figure PDFs of the current paper,CURRENT (generated),plots results,generated,scripts/make_exp04_figures.py (14/20 from results/ alone; 6 need item-level data),"results/, datasets/ollb/v1 (6 figs)",2a2fc07 2026-08-31,2026-08-31,199594,7621f1b42f889f7d
paper/figures/fig8_diagnostic_estimate.pdf,Figure PDFs of the current paper,CURRENT (generated),plots results,generated,scripts/make_exp04_figures.py (14/20 from results/ alone; 6 need item-level data),"results/, datasets/ollb/v1 (6 figs)",2a2fc07 2026-08-31,2026-08-31,127174,2bfa8431d140c849
paper/figures/fig9_accuracy_distribution.pdf,Figure PDFs of the current paper,CURRENT (generated),plots results,generated,scripts/make_exp04_figures.py (14/20 from results/ alone; 6 need item-level data),"results/, datasets/ollb/v1 (6 figs)",2a2fc07 2026-08-31,2026-08-31,199834,388c24cd78d98577
paper/figures/fig_accuracy.pdf,Figure PDFs of the current paper,CURRENT (generated),plots results,generated,scripts/make_exp04_figures.py (14/20 from results/ alone; 6 need item-level data),"results/, datasets/ollb/v1 (6 figs)",8574508 2026-10-10,2026-10-09,71418,47cfd13738fe945e
paper/figures/fig_agreement.pdf,Figure PDFs of the current paper,CURRENT (generated),plots results,generated,scripts/make_exp04_figures.py (14/20 from results/ alone; 6 need item-level data),"results/, datasets/ollb/v1 (6 figs)",cf6522f 2026-10-10,2026-10-10,108539,149cfc4c951c371b
paper/figures/fig_controls.pdf,Figure PDFs of the current paper,CURRENT (generated),plots results,generated,scripts/make_exp04_figures.py (14/20 from results/ alone; 6 need item-level data),"results/, datasets/ollb/v1 (6 figs)",b8dfa38 2026-10-10,2026-10-09,30857,64cb0a79fc51df1f
paper/figures/fig_dataflow.pdf,Figure PDFs of the current paper,CURRENT (generated),plots results,generated,scripts/make_exp04_figures.py (14/20 from results/ alone; 6 need item-level data),"results/, datasets/ollb/v1 (6 figs)",4d2b6d9 2026-10-10,2026-10-09,95574,2a54243557b1204f
paper/figures/fig_detection.pdf,Figure PDFs of the current paper,CURRENT (generated),plots results,generated,scripts/make_exp04_figures.py (14/20 from results/ alone; 6 need item-level data),"results/, datasets/ollb/v1 (6 figs)",bee209c 2026-10-10,2026-10-09,59678,95fc3b08aeb37549
paper/figures/fig_dose.pdf,Figure PDFs of the current paper,CURRENT (generated),plots results,generated,scripts/make_exp04_figures.py (14/20 from results/ alone; 6 need item-level data),"results/, datasets/ollb/v1 (6 figs)",8574508 2026-10-10,2026-10-09,58768,58460b5a1f44df5b
paper/figures/fig_gate_audit.pdf,Figure PDFs of the current paper,CURRENT (generated),plots results,generated,scripts/make_exp04_figures.py (14/20 from results/ alone; 6 need item-level data),"results/, datasets/ollb/v1 (6 figs)",b8dfa38 2026-10-10,2026-10-09,53053,d715e21fc13f1fc4
paper/figures/fig_heterogeneity.pdf,Figure PDFs of the current paper,CURRENT (generated),plots results,generated,scripts/make_exp04_figures.py (14/20 from results/ alone; 6 need item-level data),"results/, datasets/ollb/v1 (6 figs)",31d0e6b 2026-10-10,2026-10-09,61829,272d15578b011e37
paper/figures/fig_inference.pdf,Figure PDFs of the current paper,CURRENT (generated),plots results,generated,scripts/make_exp04_figures.py (14/20 from results/ alone; 6 need item-level data),"results/, datasets/ollb/v1 (6 figs)",31d0e6b 2026-10-10,2026-10-09,51419,aa743ec3f43e891c
paper/figures/fig_item_null.pdf,Figure PDFs of the current paper,CURRENT (generated),plots results,generated,scripts/make_exp04_figures.py (14/20 from results/ alone; 6 need item-level data),"results/, datasets/ollb/v1 (6 figs)",b8dfa38 2026-10-10,2026-10-09,53517,63fc560edbd6d256
paper/figures/fig_item_null_main.pdf,Figure PDFs of the current paper,CURRENT (generated),plots results,generated,scripts/make_exp04_figures.py (14/20 from results/ alone; 6 need item-level data),"results/, datasets/ollb/v1 (6 figs)",6c3cd51 2026-10-10,2026-10-09,27481,6ecc0d847d5879ed
paper/figures/fig_lineage_month_map.pdf,Figure PDFs of the current paper,CURRENT (generated),plots results,generated,scripts/make_exp04_figures.py (14/20 from results/ alone; 6 need item-level data),"results/, datasets/ollb/v1 (6 figs)",4d2b6d9 2026-10-10,2026-10-09,35372,936d7d4a5e90e924
paper/figures/fig_outcomes.pdf,Figure PDFs of the current paper,CURRENT (generated),plots results,generated,scripts/make_exp04_figures.py (14/20 from results/ alone; 6 need item-level data),"results/, datasets/ollb/v1 (6 figs)",b8dfa38 2026-10-10,2026-10-09,45587,efc7817c8d1e9f2a
paper/figures/fig_raw_adjusted.pdf,Figure PDFs of the current paper,CURRENT (generated),plots results,generated,scripts/make_exp04_figures.py (14/20 from results/ alone; 6 need item-level data),"results/, datasets/ollb/v1 (6 figs)",31d0e6b 2026-10-10,2026-10-09,67861,364978d92951447b
paper/figures/fig_schematic.pdf,Figure PDFs of the current paper,CURRENT (generated),plots results,generated,scripts/make_exp04_figures.py (14/20 from results/ alone; 6 need item-level data),"results/, datasets/ollb/v1 (6 figs)",8574508 2026-10-10,2026-10-09,56052,6b290ec0db7dc451
paper/figures/fig_timing.pdf,Figure PDFs of the current paper,CURRENT (generated),plots results,generated,scripts/make_exp04_figures.py (14/20 from results/ alone; 6 need item-level data),"results/, datasets/ollb/v1 (6 figs)",bee209c 2026-10-10,2026-10-09,52650,b632a55c18370178
paper/figures/fig_workflow.pdf,Figure PDFs of the current paper,CURRENT (generated),plots results,generated,scripts/make_exp04_figures.py (14/20 from results/ alone; 6 need item-level data),"results/, datasets/ollb/v1 (6 figs)",b8dfa38 2026-10-10,2026-10-09,49319,56227b4732325a83
paper/figures/logo.png,Figure PDFs of the current paper,CURRENT (generated),plots results,generated,scripts/make_exp04_figures.py (14/20 from results/ alone; 6 need item-level data),"results/, datasets/ollb/v1 (6 figs)",6c1cc59 2026-08-19,2026-08-19,9705,7e04ba7f0c579f37
paper/figures/notaglinelogo.png,Figure PDFs of the current paper,CURRENT (generated),plots results,generated,scripts/make_exp04_figures.py (14/20 from results/ alone; 6 need item-level data),"results/, datasets/ollb/v1 (6 figs)",6c1cc59 2026-08-19,2026-08-19,3150,955e9a07fb35ffbc
paper/figures/precision_scaling.pdf,Figure PDFs of the current paper,CURRENT (generated),plots results,generated,scripts/make_exp04_figures.py (14/20 from results/ alone; 6 need item-level data),"results/, datasets/ollb/v1 (6 figs)",b8dfa38 2026-10-10,2026-10-09,32043,47c6ec14654b9bb6
paper/src/archive/README.md,Earlier 16-model manuscript (withdrawn),OBSOLETE (withdrawn),no,manual,n/a,-,fa3cabf 2026-10-10,2026-10-10,324,85424e34c2f88631
paper/src/archive/ieee_access_manuscript_v1_16model.pdf,Earlier 16-model manuscript (withdrawn),OBSOLETE (withdrawn),no,manual,n/a,-,a867266 2026-10-09,2026-10-09,2106960,1c82e8bb0a671340
paper/src/archive/ieee_access_manuscript_v1_16model.tex,Earlier 16-model manuscript (withdrawn),OBSOLETE (withdrawn),no,manual,n/a,-,a867266 2026-10-09,2026-10-09,103886,71a339a8861d4613
paper/src/ieee_access_manuscript.tex,IEEE Access manuscript source,CURRENT,states results,manual,n/a,"paper/figures, paper/tables, paper/support",d262d2e 2026-10-10,2026-08-31,84311,95262b09be584307
paper/src/supplement.tex,Supplementary material source,CURRENT,states results,manual,n/a,"paper/figures, paper/tables",2fc597d 2026-10-10,2026-10-09,40192,ed2bcd0cdd0f7e40
paper/support/IEEEtran.bst,"IEEE Access class, fonts, logos (third-party template files)",CURRENT (template),no,third-party,n/a,-,c4b6ad6 2026-08-31,2026-08-31,57748,314f0ece704568fa
paper/support/IEEEtran.cls,"IEEE Access class, fonts, logos (third-party template files)",CURRENT (template),no,third-party,n/a,-,c4b6ad6 2026-08-31,2026-08-31,281957,da751920a317ed31
paper/support/ieeeaccess.cls,"IEEE Access class, fonts, logos (third-party template files)",CURRENT (template),no,third-party,n/a,-,c4b6ad6 2026-08-31,2026-08-31,50800,67b73c4da05479d5
paper/support/logo.png,"IEEE Access class, fonts, logos (third-party template files)",CURRENT (template),no,third-party,n/a,-,c4b6ad6 2026-08-31,2026-08-31,9705,7e04ba7f0c579f37
paper/support/placeins.sty,"IEEE Access class, fonts, logos (third-party template files)",CURRENT (template),no,third-party,n/a,-,c4b6ad6 2026-08-31,2026-08-31,1851,028c1a9e851cc688
paper/support/spotcolor.sty,"IEEE Access class, fonts, logos (third-party template files)",CURRENT (template),no,third-party,n/a,-,c4b6ad6 2026-08-31,2026-08-31,2231,a9c5bacbf5b832e5
paper/support/t1-formata-bold.pfb,"IEEE Access class, fonts, logos (third-party template files)",CURRENT (template),no,third-party,n/a,-,c4b6ad6 2026-08-31,2026-08-31,59944,85cc7db8dc040904
paper/support/t1-formata-bold.tfm,"IEEE Access class, fonts, logos (third-party template files)",CURRENT (template),no,third-party,n/a,-,c4b6ad6 2026-08-31,2026-08-31,1420,07d3efeaf10af3eb
paper/support/t1-formata-bolditalic.pfb,"IEEE Access class, fonts, logos (third-party template files)",CURRENT (template),no,third-party,n/a,-,c4b6ad6 2026-08-31,2026-08-31,57834,51af5f6d5ae0c695
paper/support/t1-formata-bolditalic.tfm,"IEEE Access class, fonts, logos (third-party template files)",CURRENT (template),no,third-party,n/a,-,c4b6ad6 2026-08-31,2026-08-31,1672,edba8f3a19f9ccc6
paper/support/t1-formata-condmedium.pfb,"IEEE Access class, fonts, logos (third-party template files)",CURRENT (template),no,third-party,n/a,-,c4b6ad6 2026-08-31,2026-08-31,63989,21d1c9853f4c1d19
paper/support/t1-formata-condmedium.tfm,"IEEE Access class, fonts, logos (third-party template files)",CURRENT (template),no,third-party,n/a,-,c4b6ad6 2026-08-31,2026-08-31,1412,6b50cfdac0503850
paper/support/t1-formata-condmediumital.pfb,"IEEE Access class, fonts, logos (third-party template files)",CURRENT (template),no,third-party,n/a,-,c4b6ad6 2026-08-31,2026-08-31,65644,2b9c7803d3d79d86
paper/support/t1-formata-condmediumital.tfm,"IEEE Access class, fonts, logos (third-party template files)",CURRENT (template),no,third-party,n/a,-,c4b6ad6 2026-08-31,2026-08-31,1660,bdcc73dd762e6345
paper/support/t1-formata-italic.pfb,"IEEE Access class, fonts, logos (third-party template files)",CURRENT (template),no,third-party,n/a,-,c4b6ad6 2026-08-31,2026-08-31,55897,774a9b0f146bdc4f
paper/support/t1-formata-italic.tfm,"IEEE Access class, fonts, logos (third-party template files)",CURRENT (template),no,third-party,n/a,-,c4b6ad6 2026-08-31,2026-08-31,1680,b5abe759c73ab5f6
paper/support/t1-formata-light.pfb,"IEEE Access class, fonts, logos (third-party template files)",CURRENT (template),no,third-party,n/a,-,c4b6ad6 2026-08-31,2026-08-31,62934,e172485ed2369cd3
paper/support/t1-formata-light.tfm,"IEEE Access class, fonts, logos (third-party template files)",CURRENT (template),no,third-party,n/a,-,c4b6ad6 2026-08-31,2026-08-31,1416,e49ec9919a791c4d
paper/support/t1-formata-lightitalic.pfb,"IEEE Access class, fonts, logos (third-party template files)",CURRENT (template),no,third-party,n/a,-,c4b6ad6 2026-08-31,2026-08-31,56817,e1e8b533ef124f9c
paper/support/t1-formata-lightitalic.tfm,"IEEE Access class, fonts, logos (third-party template files)",CURRENT (template),no,third-party,n/a,-,c4b6ad6 2026-08-31,2026-08-31,1656,faf7c6e83e68da13
paper/support/t1-formata-medium.pfb,"IEEE Access class, fonts, logos (third-party template files)",CURRENT (template),no,third-party,n/a,-,c4b6ad6 2026-08-31,2026-08-31,67701,86bcb9f9047a23d1
paper/support/t1-formata-medium.tfm,"IEEE Access class, fonts, logos (third-party template files)",CURRENT (template),no,third-party,n/a,-,c4b6ad6 2026-08-31,2026-08-31,4720,06bbc55cb560d7f1
paper/support/t1-formata-mediumitalic.pfb,"IEEE Access class, fonts, logos (third-party template files)",CURRENT (template),no,third-party,n/a,-,c4b6ad6 2026-08-31,2026-08-31,62483,81675003831e33e5
paper/support/t1-formata-mediumitalic.tfm,"IEEE Access class, fonts, logos (third-party template files)",CURRENT (template),no,third-party,n/a,-,c4b6ad6 2026-08-31,2026-08-31,4948,6af7b2d27109a2ae
paper/support/t1-formata-regsymb.pfb,"IEEE Access class, fonts, logos (third-party template files)",CURRENT (template),no,third-party,n/a,-,c4b6ad6 2026-08-31,2026-08-31,14621,28b3e632d96f651d
paper/support/t1-formata-regsymb.tfm,"IEEE Access class, fonts, logos (third-party template files)",CURRENT (template),no,third-party,n/a,-,c4b6ad6 2026-08-31,2026-08-31,432,2099220084353dd2
paper/support/t1-formata-regular.pfb,"IEEE Access class, fonts, logos (third-party template files)",CURRENT (template),no,third-party,n/a,-,c4b6ad6 2026-08-31,2026-08-31,63982,ddda54f35e3b59ef
paper/support/t1-formata-regular.tfm,"IEEE Access class, fonts, logos (third-party template files)",CURRENT (template),no,third-party,n/a,-,c4b6ad6 2026-08-31,2026-08-31,1416,5b72c4ed7ea54027
paper/support/t1-formata.map,"IEEE Access class, fonts, logos (third-party template files)",CURRENT (template),no,third-party,n/a,-,c4b6ad6 2026-08-31,2026-08-31,690,6bc40400c9d3e827
paper/support/t1-giovannistd-bookitalic.pfb,"IEEE Access class, fonts, logos (third-party template files)",CURRENT (template),no,third-party,n/a,-,c4b6ad6 2026-08-31,2026-08-31,60827,98ad0803de1518d8
paper/support/t1-giovannistd-bookitalic.tfm,"IEEE Access class, fonts, logos (third-party template files)",CURRENT (template),no,third-party,n/a,-,c4b6ad6 2026-08-31,2026-08-31,5452,35669a03bfac8239
paper/support/t1-giovannistd.map,"IEEE Access class, fonts, logos (third-party template files)",CURRENT (template),no,third-party,n/a,-,c4b6ad6 2026-08-31,2026-08-31,81,3b53bc7de8bce199
paper/support/t1-helvetica.map,"IEEE Access class, fonts, logos (third-party template files)",CURRENT (template),no,third-party,n/a,-,c4b6ad6 2026-08-31,2026-08-31,253,4cb73edb6c8f800a
paper/support/t1-times-bold.pfb,"IEEE Access class, fonts, logos (third-party template files)",CURRENT (template),no,third-party,n/a,-,c4b6ad6 2026-08-31,2026-08-31,74023,9de3b06aee8a2969
paper/support/t1-times-bold.tfm,"IEEE Access class, fonts, logos (third-party template files)",CURRENT (template),no,third-party,n/a,-,c4b6ad6 2026-08-31,2026-08-31,6264,4c845739e4c4b74b
paper/support/t1-times-bolditalic.pfb,"IEEE Access class, fonts, logos (third-party template files)",CURRENT (template),no,third-party,n/a,-,c4b6ad6 2026-08-31,2026-08-31,63189,2bc33058718a7bce
paper/support/t1-times-bolditalic.tfm,"IEEE Access class, fonts, logos (third-party template files)",CURRENT (template),no,third-party,n/a,-,c4b6ad6 2026-08-31,2026-08-31,5328,2fdc98c536dc5e4c
paper/support/t1-times-italic.pfb,"IEEE Access class, fonts, logos (third-party template files)",CURRENT (template),no,third-party,n/a,-,c4b6ad6 2026-08-31,2026-08-31,59460,8b291a54d50d0064
paper/support/t1-times-italic.tfm,"IEEE Access class, fonts, logos (third-party template files)",CURRENT (template),no,third-party,n/a,-,c4b6ad6 2026-08-31,2026-08-31,6284,1a7a52a19b839399
paper/support/t1-times.map,"IEEE Access class, fonts, logos (third-party template files)",CURRENT (template),no,third-party,n/a,-,c4b6ad6 2026-08-31,2026-08-31,215,34315863a8b07b69
paper/support/t1-times.pfb,"IEEE Access class, fonts, logos (third-party template files)",CURRENT (template),no,third-party,n/a,-,c4b6ad6 2026-08-31,2026-08-31,76176,d7a1e71f532e430e
paper/support/t1-times.tfm,"IEEE Access class, fonts, logos (third-party template files)",CURRENT (template),no,third-party,n/a,-,c4b6ad6 2026-08-31,2026-08-31,5932,5c8fb592c16a481b
paper/support/t1formata.fd,"IEEE Access class, fonts, logos (third-party template files)",CURRENT (template),no,third-party,n/a,-,c4b6ad6 2026-08-31,2026-08-31,706,87385e77266d505e
paper/support/t1giovannistd.fd,"IEEE Access class, fonts, logos (third-party template files)",CURRENT (template),no,third-party,n/a,-,c4b6ad6 2026-08-31,2026-08-31,115,e071d747b940f03a
paper/support/t1helvetica.fd,"IEEE Access class, fonts, logos (third-party template files)",CURRENT (template),no,third-party,n/a,-,c4b6ad6 2026-08-31,2026-08-31,592,5ee12b5ba0ac6ad0
paper/support/t1times.fd,"IEEE Access class, fonts, logos (third-party template files)",CURRENT (template),no,third-party,n/a,-,c4b6ad6 2026-08-31,2026-08-31,508,257f290ea4e57bd9
paper/tables/tab_descriptives.tex,LaTeX table bodies of the current paper,CURRENT (generated),tabulates results,generated,scripts/make_exp04_tables.py from results/ alone,results/,2ae523e 2026-10-09,2026-10-09,685,f6f004d46e4241fc
paper/tables/tab_exploratory.tex,LaTeX table bodies of the current paper,CURRENT (generated),tabulates results,generated,scripts/make_exp04_tables.py from results/ alone,results/,2ae523e 2026-10-09,2026-10-09,473,632e0842132b19bf
paper/tables/tab_flow.tex,LaTeX table bodies of the current paper,CURRENT (generated),tabulates results,generated,scripts/make_exp04_tables.py from results/ alone,results/,a867266 2026-10-09,2026-10-09,571,265b1392eb1a2094
paper/tables/tab_gateaudit.tex,LaTeX table bodies of the current paper,CURRENT (generated),tabulates results,generated,scripts/make_exp04_tables.py from results/ alone,results/,a867266 2026-10-09,2026-10-09,626,8e2e688d3796a313
paper/tables/tab_inference.tex,LaTeX table bodies of the current paper,CURRENT (generated),tabulates results,generated,scripts/make_exp04_tables.py from results/ alone,results/,2ae523e 2026-10-09,2026-10-09,2300,f8412a301ff22b66
paper/tables/tab_itemnull.tex,LaTeX table bodies of the current paper,CURRENT (generated),tabulates results,generated,scripts/make_exp04_tables.py from results/ alone,results/,2ae523e 2026-10-09,2026-10-09,2460,33452839ce2b1ff6
paper/tables/tab_outcome.tex,LaTeX table bodies of the current paper,CURRENT (generated),tabulates results,generated,scripts/make_exp04_tables.py from results/ alone,results/,2ae523e 2026-10-09,2026-10-09,1371,1a2fa948c5388e2f
paper/tables/tab_pairgate.tex,LaTeX table bodies of the current paper,CURRENT (generated),tabulates results,generated,scripts/make_exp04_tables.py from results/ alone,results/,a867266 2026-10-09,2026-10-09,228,1415fed1200f1672
paper/tables/tab_precision.tex,LaTeX table bodies of the current paper,CURRENT (generated),tabulates results,generated,scripts/make_exp04_tables.py from results/ alone,results/,a867266 2026-10-09,2026-10-09,460,e673d9314c06ce70
paper/tables/tab_prereg.tex,LaTeX table bodies of the current paper,CURRENT (generated),tabulates results,generated,scripts/make_exp04_tables.py from results/ alone,results/,2ae523e 2026-10-09,2026-10-09,1459,af24b1c5b73ecd82
paper/tables/tab_rawadj.tex,LaTeX table bodies of the current paper,CURRENT (generated),tabulates results,generated,scripts/make_exp04_tables.py from results/ alone,results/,2ae523e 2026-10-09,2026-10-09,773,24d55aec099e01b9
paper/tables/tab_revision2.tex,LaTeX table bodies of the current paper,CURRENT (generated),tabulates results,generated,scripts/make_exp04_tables.py from results/ alone,results/,6c3cd51 2026-10-10,2026-10-09,1748,0f1436414bd95998
paper/tables/tab_revision3.tex,LaTeX table bodies of the current paper,CURRENT (generated),tabulates results,generated,scripts/make_exp04_tables.py from results/ alone,results/,b8dfa38 2026-10-10,2026-10-10,3165,bdf7052016b9ed21
paper/tables/tab_revision3_dose.tex,LaTeX table bodies of the current paper,CURRENT (generated),tabulates results,generated,scripts/make_exp04_tables.py from results/ alone,results/,b8dfa38 2026-10-10,2026-10-10,643,a9d4d8950d2ef75c
paper/tables/tab_revision3_inf.tex,LaTeX table bodies of the current paper,CURRENT (generated),tabulates results,generated,scripts/make_exp04_tables.py from results/ alone,results/,b8dfa38 2026-10-10,2026-10-10,638,c3bc2180cdbedb41
paper/tables/tab_robust.tex,LaTeX table bodies of the current paper,CURRENT (generated),tabulates results,generated,scripts/make_exp04_tables.py from results/ alone,results/,b093af3 2026-10-10,2026-10-09,3239,1cd19df76415f5c2
paper/tables/tab_runpod.tex,LaTeX table bodies of the current paper,CURRENT (generated),tabulates results,generated,scripts/make_exp04_tables.py from results/ alone,results/,bfd7449 2026-10-10,2026-10-10,2413,5b75511cbe213e24
paper/tables/tab_runpod_main.tex,LaTeX table bodies of the current paper,CURRENT (generated),tabulates results,generated,scripts/make_exp04_tables.py from results/ alone,results/,2fc597d 2026-10-10,2026-10-10,2863,bac1e19999d131f6
paper/tables/tab_runpod_plan.tex,LaTeX table bodies of the current paper,CURRENT (generated),tabulates results,generated,scripts/make_exp04_tables.py from results/ alone,results/,bfd7449 2026-10-10,2026-10-10,2093,bcc05074ca8debb4
paper/tables/tab_sim_real.tex,LaTeX table bodies of the current paper,CURRENT (generated),tabulates results,generated,scripts/make_exp04_tables.py from results/ alone,results/,b8dfa38 2026-10-10,2026-10-10,916,914456b1f5ba092f
pyproject.toml,Package metadata and pytest config,CURRENT,no,manual,n/a,-,fa3cabf 2026-10-10,2026-10-09,947,10e6d85f38d9cc62
requirements.txt,Dependency list,CURRENT,no,manual,n/a,-,a867266 2026-10-09,2026-08-03,95,06e7fb87961650fe
results/design_space/sweep_results.csv,Earlier-study design sweep,OBSOLETE (earlier study),no,generated,no,-,76f781e 2026-08-22,2026-08-22,8717,0c69db45327e2870
results/exp04_analysis/all_analyses.csv,The 12 analyses fixed before any outcome,CURRENT (first pair outcomes),YES (headline),generated,python -m lineage_era.ollb.analysis,validated answer files,a867266 2026-10-09,2026-10-09,3159,6998c0b6731b378e
results/exp04_analysis/expanded/coefficients.csv,The 12 analyses fixed before any outcome,CURRENT (first pair outcomes),YES (headline),generated,python -m lineage_era.ollb.analysis,validated answer files,a867266 2026-10-09,2026-10-09,565,0a58a311b2d5b4d1
results/exp04_analysis/expanded/summary.json,The 12 analyses fixed before any outcome,CURRENT (first pair outcomes),YES (headline),generated,python -m lineage_era.ollb.analysis,validated answer files,a867266 2026-10-09,2026-10-09,2045,17f1f5054e610122
results/exp04_analysis/expanded_S1position/coefficients.csv,The 12 analyses fixed before any outcome,CURRENT (first pair outcomes),YES (headline),generated,python -m lineage_era.ollb.analysis,validated answer files,a867266 2026-10-09,2026-10-09,636,fa17c95e0a627761
results/exp04_analysis/expanded_S1position/summary.json,The 12 analyses fixed before any outcome,CURRENT (first pair outcomes),YES (headline),generated,python -m lineage_era.ollb.analysis,validated answer files,a867266 2026-10-09,2026-10-09,2056,455913aab98438f0
results/exp04_analysis/expanded_S1position_S2acc0.3/coefficients.csv,The 12 analyses fixed before any outcome,CURRENT (first pair outcomes),YES (headline),generated,python -m lineage_era.ollb.analysis,validated answer files,a867266 2026-10-09,2026-10-09,642,2a724b7e24eae367
results/exp04_analysis/expanded_S1position_S2acc0.3/summary.json,The 12 analyses fixed before any outcome,CURRENT (first pair outcomes),YES (headline),generated,python -m lineage_era.ollb.analysis,validated answer files,a867266 2026-10-09,2026-10-09,2095,d27b7b511825109a
results/exp04_analysis/expanded_S2acc0.3/coefficients.csv,The 12 analyses fixed before any outcome,CURRENT (first pair outcomes),YES (headline),generated,python -m lineage_era.ollb.analysis,validated answer files,a867266 2026-10-09,2026-10-09,568,c238abb2dd235e03
results/exp04_analysis/expanded_S2acc0.3/summary.json,The 12 analyses fixed before any outcome,CURRENT (first pair outcomes),YES (headline),generated,python -m lineage_era.ollb.analysis,validated answer files,a867266 2026-10-09,2026-10-09,2084,c885335cbfaa45a5
results/exp04_analysis/expanded_strict/coefficients.csv,The 12 analyses fixed before any outcome,CURRENT (first pair outcomes),YES (headline),generated,python -m lineage_era.ollb.analysis,validated answer files,a867266 2026-10-09,2026-10-09,558,d2d61f83018dc740
results/exp04_analysis/expanded_strict/summary.json,The 12 analyses fixed before any outcome,CURRENT (first pair outcomes),YES (headline),generated,python -m lineage_era.ollb.analysis,validated answer files,a867266 2026-10-09,2026-10-09,1248,34605cdaf65cc5a1
results/exp04_analysis/expanded_strict_S1position_S2acc0.3/coefficients.csv,The 12 analyses fixed before any outcome,CURRENT (first pair outcomes),YES (headline),generated,python -m lineage_era.ollb.analysis,validated answer files,a867266 2026-10-09,2026-10-09,643,1b067d7a54fe5b9e
results/exp04_analysis/expanded_strict_S1position_S2acc0.3/summary.json,The 12 analyses fixed before any outcome,CURRENT (first pair outcomes),YES (headline),generated,python -m lineage_era.ollb.analysis,validated answer files,a867266 2026-10-09,2026-10-09,1298,78231d124993fc6b
results/exp04_analysis/exploratory_E1_E2.csv,The 12 analyses fixed before any outcome,CURRENT (first pair outcomes),YES (headline),generated,python -m lineage_era.ollb.analysis,validated answer files,a867266 2026-10-09,2026-10-09,585,82f35ae7d0a05959
results/exp04_analysis/primary/coefficients.csv,The 12 analyses fixed before any outcome,CURRENT (first pair outcomes),YES (headline),generated,python -m lineage_era.ollb.analysis,validated answer files,a867266 2026-10-09,2026-10-09,575,d472442ea9682072
results/exp04_analysis/primary/summary.json,The 12 analyses fixed before any outcome,CURRENT (first pair outcomes),YES (headline),generated,python -m lineage_era.ollb.analysis,validated answer files,a867266 2026-10-09,2026-10-09,1224,94dd00ed59fa9acc
results/exp04_analysis/primary_S1position/coefficients.csv,The 12 analyses fixed before any outcome,CURRENT (first pair outcomes),YES (headline),generated,python -m lineage_era.ollb.analysis,validated answer files,a867266 2026-10-09,2026-10-09,637,cb0feb5df00f6e5f
results/exp04_analysis/primary_S1position/summary.json,The 12 analyses fixed before any outcome,CURRENT (first pair outcomes),YES (headline),generated,python -m lineage_era.ollb.analysis,validated answer files,a867266 2026-10-09,2026-10-09,1235,42f735987add24fb
results/exp04_analysis/primary_S1position_S2acc0.3/coefficients.csv,The 12 analyses fixed before any outcome,CURRENT (first pair outcomes),YES (headline),generated,python -m lineage_era.ollb.analysis,validated answer files,a867266 2026-10-09,2026-10-09,645,e7e19e0d5fb1e214
results/exp04_analysis/primary_S1position_S2acc0.3/summary.json,The 12 analyses fixed before any outcome,CURRENT (first pair outcomes),YES (headline),generated,python -m lineage_era.ollb.analysis,validated answer files,a867266 2026-10-09,2026-10-09,1273,fd6d805b71e1bb36
results/exp04_analysis/primary_S2acc0.3/coefficients.csv,The 12 analyses fixed before any outcome,CURRENT (first pair outcomes),YES (headline),generated,python -m lineage_era.ollb.analysis,validated answer files,a867266 2026-10-09,2026-10-09,561,02453d68181d3592
results/exp04_analysis/primary_S2acc0.3/summary.json,The 12 analyses fixed before any outcome,CURRENT (first pair outcomes),YES (headline),generated,python -m lineage_era.ollb.analysis,validated answer files,a867266 2026-10-09,2026-10-09,1262,9a2ae72556e7de0a
results/exp04_analysis/primary_strict/coefficients.csv,The 12 analyses fixed before any outcome,CURRENT (first pair outcomes),YES (headline),generated,python -m lineage_era.ollb.analysis,validated answer files,a867266 2026-10-09,2026-10-09,578,e037bfffecf6392c
results/exp04_analysis/primary_strict/summary.json,The 12 analyses fixed before any outcome,CURRENT (first pair outcomes),YES (headline),generated,python -m lineage_era.ollb.analysis,validated answer files,a867266 2026-10-09,2026-10-09,1016,ec8cfc6ecc1ac6f0
results/exp04_analysis/primary_strict_S1position_S2acc0.3/coefficients.csv,The 12 analyses fixed before any outcome,CURRENT (first pair outcomes),YES (headline),generated,python -m lineage_era.ollb.analysis,validated answer files,a867266 2026-10-09,2026-10-09,638,13f4121b11093120
results/exp04_analysis/primary_strict_S1position_S2acc0.3/summary.json,The 12 analyses fixed before any outcome,CURRENT (first pair outcomes),YES (headline),generated,python -m lineage_era.ollb.analysis,validated answer files,a867266 2026-10-09,2026-10-09,1065,bcadc85fa7a43083
results/exp04_final/denominators.csv,"Reproduction, inference and outcome audits",CURRENT,"YES (headline, intervals)",generated,scripts/run_exp04_final.py,validated answer files,a867266 2026-10-09,2026-10-09,183,1b2d8cfa96f18de0
results/exp04_final/exploratory_E1_E2.csv,"Reproduction, inference and outcome audits",CURRENT,"YES (headline, intervals)",generated,scripts/run_exp04_final.py,validated answer files,a867266 2026-10-09,2026-10-09,623,cd201b498531575a
results/exp04_final/extra_checks.csv,"Reproduction, inference and outcome audits",CURRENT,"YES (headline, intervals)",generated,scripts/run_exp04_final.py,validated answer files,a867266 2026-10-09,2026-10-09,579,5dbce56cef9cc291
results/exp04_final/inference_audit.csv,"Reproduction, inference and outcome audits",CURRENT,"YES (headline, intervals)",generated,scripts/run_exp04_final.py,validated answer files,a867266 2026-10-09,2026-10-09,3719,3180b1004ca49edb
results/exp04_final/model_flow.csv,"Reproduction, inference and outcome audits",CURRENT,"YES (headline, intervals)",generated,scripts/run_exp04_final.py,validated answer files,a867266 2026-10-09,2026-10-09,344,4ab1a88b6185655e
results/exp04_final/outcome_audit.csv,"Reproduction, inference and outcome audits",CURRENT,"YES (headline, intervals)",generated,scripts/run_exp04_final.py,validated answer files,a867266 2026-10-09,2026-10-09,3420,447f97d63df3b41e
results/exp04_final/prereg/expanded/coefficients.csv,"Reproduction, inference and outcome audits",CURRENT,"YES (headline, intervals)",generated,scripts/run_exp04_final.py,validated answer files,a867266 2026-10-09,2026-10-09,565,0a58a311b2d5b4d1
results/exp04_final/prereg/expanded/summary.json,"Reproduction, inference and outcome audits",CURRENT,"YES (headline, intervals)",generated,scripts/run_exp04_final.py,validated answer files,a867266 2026-10-09,2026-10-09,2045,17f1f5054e610122
results/exp04_final/prereg/expanded_S1position/coefficients.csv,"Reproduction, inference and outcome audits",CURRENT,"YES (headline, intervals)",generated,scripts/run_exp04_final.py,validated answer files,a867266 2026-10-09,2026-10-09,636,fa17c95e0a627761
results/exp04_final/prereg/expanded_S1position/summary.json,"Reproduction, inference and outcome audits",CURRENT,"YES (headline, intervals)",generated,scripts/run_exp04_final.py,validated answer files,a867266 2026-10-09,2026-10-09,2056,455913aab98438f0
results/exp04_final/prereg/expanded_S1position_S2acc0.3/coefficients.csv,"Reproduction, inference and outcome audits",CURRENT,"YES (headline, intervals)",generated,scripts/run_exp04_final.py,validated answer files,a867266 2026-10-09,2026-10-09,642,2a724b7e24eae367
results/exp04_final/prereg/expanded_S1position_S2acc0.3/summary.json,"Reproduction, inference and outcome audits",CURRENT,"YES (headline, intervals)",generated,scripts/run_exp04_final.py,validated answer files,a867266 2026-10-09,2026-10-09,2095,d27b7b511825109a
results/exp04_final/prereg/expanded_S2acc0.3/coefficients.csv,"Reproduction, inference and outcome audits",CURRENT,"YES (headline, intervals)",generated,scripts/run_exp04_final.py,validated answer files,a867266 2026-10-09,2026-10-09,568,c238abb2dd235e03
results/exp04_final/prereg/expanded_S2acc0.3/summary.json,"Reproduction, inference and outcome audits",CURRENT,"YES (headline, intervals)",generated,scripts/run_exp04_final.py,validated answer files,a867266 2026-10-09,2026-10-09,2084,c885335cbfaa45a5
results/exp04_final/prereg/expanded_strict/coefficients.csv,"Reproduction, inference and outcome audits",CURRENT,"YES (headline, intervals)",generated,scripts/run_exp04_final.py,validated answer files,a867266 2026-10-09,2026-10-09,558,d2d61f83018dc740
results/exp04_final/prereg/expanded_strict/summary.json,"Reproduction, inference and outcome audits",CURRENT,"YES (headline, intervals)",generated,scripts/run_exp04_final.py,validated answer files,a867266 2026-10-09,2026-10-09,1248,34605cdaf65cc5a1
results/exp04_final/prereg/expanded_strict_S1position_S2acc0.3/coefficients.csv,"Reproduction, inference and outcome audits",CURRENT,"YES (headline, intervals)",generated,scripts/run_exp04_final.py,validated answer files,a867266 2026-10-09,2026-10-09,643,1b067d7a54fe5b9e
results/exp04_final/prereg/expanded_strict_S1position_S2acc0.3/summary.json,"Reproduction, inference and outcome audits",CURRENT,"YES (headline, intervals)",generated,scripts/run_exp04_final.py,validated answer files,a867266 2026-10-09,2026-10-09,1298,78231d124993fc6b
results/exp04_final/prereg/primary/coefficients.csv,"Reproduction, inference and outcome audits",CURRENT,"YES (headline, intervals)",generated,scripts/run_exp04_final.py,validated answer files,a867266 2026-10-09,2026-10-09,575,d472442ea9682072
results/exp04_final/prereg/primary/summary.json,"Reproduction, inference and outcome audits",CURRENT,"YES (headline, intervals)",generated,scripts/run_exp04_final.py,validated answer files,a867266 2026-10-09,2026-10-09,1224,94dd00ed59fa9acc
results/exp04_final/prereg/primary_S1position/coefficients.csv,"Reproduction, inference and outcome audits",CURRENT,"YES (headline, intervals)",generated,scripts/run_exp04_final.py,validated answer files,a867266 2026-10-09,2026-10-09,637,cb0feb5df00f6e5f
results/exp04_final/prereg/primary_S1position/summary.json,"Reproduction, inference and outcome audits",CURRENT,"YES (headline, intervals)",generated,scripts/run_exp04_final.py,validated answer files,a867266 2026-10-09,2026-10-09,1235,42f735987add24fb
results/exp04_final/prereg/primary_S1position_S2acc0.3/coefficients.csv,"Reproduction, inference and outcome audits",CURRENT,"YES (headline, intervals)",generated,scripts/run_exp04_final.py,validated answer files,a867266 2026-10-09,2026-10-09,645,e7e19e0d5fb1e214
results/exp04_final/prereg/primary_S1position_S2acc0.3/summary.json,"Reproduction, inference and outcome audits",CURRENT,"YES (headline, intervals)",generated,scripts/run_exp04_final.py,validated answer files,a867266 2026-10-09,2026-10-09,1273,fd6d805b71e1bb36
results/exp04_final/prereg/primary_S2acc0.3/coefficients.csv,"Reproduction, inference and outcome audits",CURRENT,"YES (headline, intervals)",generated,scripts/run_exp04_final.py,validated answer files,a867266 2026-10-09,2026-10-09,561,02453d68181d3592
results/exp04_final/prereg/primary_S2acc0.3/summary.json,"Reproduction, inference and outcome audits",CURRENT,"YES (headline, intervals)",generated,scripts/run_exp04_final.py,validated answer files,a867266 2026-10-09,2026-10-09,1262,9a2ae72556e7de0a
results/exp04_final/prereg/primary_strict/coefficients.csv,"Reproduction, inference and outcome audits",CURRENT,"YES (headline, intervals)",generated,scripts/run_exp04_final.py,validated answer files,a867266 2026-10-09,2026-10-09,578,e037bfffecf6392c
results/exp04_final/prereg/primary_strict/summary.json,"Reproduction, inference and outcome audits",CURRENT,"YES (headline, intervals)",generated,scripts/run_exp04_final.py,validated answer files,a867266 2026-10-09,2026-10-09,1016,ec8cfc6ecc1ac6f0
results/exp04_final/prereg/primary_strict_S1position_S2acc0.3/coefficients.csv,"Reproduction, inference and outcome audits",CURRENT,"YES (headline, intervals)",generated,scripts/run_exp04_final.py,validated answer files,a867266 2026-10-09,2026-10-09,638,13f4121b11093120
results/exp04_final/prereg/primary_strict_S1position_S2acc0.3/summary.json,"Reproduction, inference and outcome audits",CURRENT,"YES (headline, intervals)",generated,scripts/run_exp04_final.py,validated answer files,a867266 2026-10-09,2026-10-09,1065,bcadc85fa7a43083
results/exp04_final/prereg_12.csv,"Reproduction, inference and outcome audits",CURRENT,"YES (headline, intervals)",generated,scripts/run_exp04_final.py,validated answer files,a867266 2026-10-09,2026-10-09,10022,8134545ba9177fbb
results/exp04_final/raw_vs_adjusted.csv,"Reproduction, inference and outcome audits",CURRENT,"YES (headline, intervals)",generated,scripts/run_exp04_final.py,validated answer files,a867266 2026-10-09,2026-10-09,2958,b10a239388cf2180
results/exp04_final/report.json,"Reproduction, inference and outcome audits",CURRENT,"YES (headline, intervals)",generated,scripts/run_exp04_final.py,validated answer files,a867266 2026-10-09,2026-10-09,602,8ab109435c05c62b
results/exp04_final/sample_exclusions.csv,"Reproduction, inference and outcome audits",CURRENT,"YES (headline, intervals)",generated,scripts/run_exp04_final.py,validated answer files,a867266 2026-10-09,2026-10-09,100,f0221a7cec98d596
results/exp04_heterogeneity/agreement_hist.csv,Heterogeneity and lineage detection (post hoc),CURRENT (post hoc),YES,generated,scripts/run_exp04_heterogeneity.py,validated answer files,2ae523e 2026-10-09,2026-10-09,745,f5be9a3b717265dc
results/exp04_heterogeneity/delete_one_root.csv,Heterogeneity and lineage detection (post hoc),CURRENT (post hoc),YES,generated,scripts/run_exp04_heterogeneity.py,validated answer files,2ae523e 2026-10-09,2026-10-09,24242,b6c7d40337308586
results/exp04_heterogeneity/descriptives.csv,Heterogeneity and lineage detection (post hoc),CURRENT (post hoc),YES,generated,scripts/run_exp04_heterogeneity.py,validated answer files,2ae523e 2026-10-09,2026-10-09,797,7fb96df084dd23c7
results/exp04_heterogeneity/heterogeneity.csv,Heterogeneity and lineage detection (post hoc),CURRENT (post hoc),YES,generated,scripts/run_exp04_heterogeneity.py,validated answer files,2ae523e 2026-10-09,2026-10-09,2607,798d6b036f43d7a2
results/exp04_heterogeneity/info.json,Heterogeneity and lineage detection (post hoc),CURRENT (post hoc),YES,generated,scripts/run_exp04_heterogeneity.py,validated answer files,2ae523e 2026-10-09,2026-10-09,1222,a24f1307213e7bb8
results/exp04_heterogeneity/per_subject.csv,Heterogeneity and lineage detection (post hoc),CURRENT (post hoc),YES,generated,scripts/run_exp04_heterogeneity.py,validated answer files,2ae523e 2026-10-09,2026-10-09,6461,1663ebafb92a5186
results/exp04_heterogeneity/residual_hist.csv,Heterogeneity and lineage detection (post hoc),CURRENT (post hoc),YES,generated,scripts/run_exp04_heterogeneity.py,validated answer files,2ae523e 2026-10-09,2026-10-09,846,87d49ce70196975d
results/exp04_item_null/item_null.csv,Item-difficulty-aware nulls (post hoc),CURRENT (post hoc),YES,generated,scripts/run_exp04_item_null.py,validated answer files,a867266 2026-10-09,2026-10-09,7688,efc1d4a2abd3761d
results/exp04_revision2/info.json,Second-review analyses (post hoc),CURRENT (post hoc),YES,generated,scripts/run_exp04_revision2.py,validated answer files,2ae523e 2026-10-09,2026-10-09,3273,11f104cebb7f4159
results/exp04_revision2/revision2.csv,Second-review analyses (post hoc),CURRENT (post hoc),YES,generated,scripts/run_exp04_revision2.py,validated answer files,2ae523e 2026-10-09,2026-10-09,22542,15f29270fc167170
results/exp04_revision3/R10.csv,Third/fourth-review analyses R7-R13 (post hoc),CURRENT (post hoc),YES,generated,"scripts/run_exp04_revision3.py, run_exp04_matched_followup.py","validated answer files, datasets/mmlu_redux",b8dfa38 2026-10-10,2026-10-10,1126,0b55586fded64c4c
results/exp04_revision3/R11.csv,Third/fourth-review analyses R7-R13 (post hoc),CURRENT (post hoc),YES,generated,"scripts/run_exp04_revision3.py, run_exp04_matched_followup.py","validated answer files, datasets/mmlu_redux",b8dfa38 2026-10-10,2026-10-10,6789,9b36cb2710aaa420
results/exp04_revision3/R12.csv,Third/fourth-review analyses R7-R13 (post hoc),CURRENT (post hoc),YES,generated,"scripts/run_exp04_revision3.py, run_exp04_matched_followup.py","validated answer files, datasets/mmlu_redux",b8dfa38 2026-10-10,2026-10-10,6019,ebc610a64e91e5b7
results/exp04_revision3/R13.csv,Third/fourth-review analyses R7-R13 (post hoc),CURRENT (post hoc),YES,generated,"scripts/run_exp04_revision3.py, run_exp04_matched_followup.py","validated answer files, datasets/mmlu_redux",b093af3 2026-10-10,2026-10-10,2988,bbced18deffdbc4b
results/exp04_revision3/R7.csv,Third/fourth-review analyses R7-R13 (post hoc),CURRENT (post hoc),YES,generated,"scripts/run_exp04_revision3.py, run_exp04_matched_followup.py","validated answer files, datasets/mmlu_redux",b8dfa38 2026-10-10,2026-10-10,9052,f2f6798749f12750
results/exp04_revision3/R8.csv,Third/fourth-review analyses R7-R13 (post hoc),CURRENT (post hoc),YES,generated,"scripts/run_exp04_revision3.py, run_exp04_matched_followup.py","validated answer files, datasets/mmlu_redux",b8dfa38 2026-10-10,2026-10-10,1410,eae3225357162d60
results/exp04_revision3/R9.csv,Third/fourth-review analyses R7-R13 (post hoc),CURRENT (post hoc),YES,generated,"scripts/run_exp04_revision3.py, run_exp04_matched_followup.py","validated answer files, datasets/mmlu_redux",b8dfa38 2026-10-10,2026-10-10,1540,85d1f85bd412cbd8
results/exp04_revision3/fig1_blocks.json,Third/fourth-review analyses R7-R13 (post hoc),CURRENT (post hoc),YES,generated,"scripts/run_exp04_revision3.py, run_exp04_matched_followup.py","validated answer files, datasets/mmlu_redux",b8dfa38 2026-10-10,2026-10-10,403,45e531f0b3e91242
results/exp04_revision3/info_R10.json,Third/fourth-review analyses R7-R13 (post hoc),CURRENT (post hoc),YES,generated,"scripts/run_exp04_revision3.py, run_exp04_matched_followup.py","validated answer files, datasets/mmlu_redux",b8dfa38 2026-10-10,2026-10-10,264,06a1fcc26be00d3e
results/exp04_revision3/info_R11.json,Third/fourth-review analyses R7-R13 (post hoc),CURRENT (post hoc),YES,generated,"scripts/run_exp04_revision3.py, run_exp04_matched_followup.py","validated answer files, datasets/mmlu_redux",b8dfa38 2026-10-10,2026-10-10,113,ca2ec8761c6abb21
results/exp04_revision3/info_R12.json,Third/fourth-review analyses R7-R13 (post hoc),CURRENT (post hoc),YES,generated,"scripts/run_exp04_revision3.py, run_exp04_matched_followup.py","validated answer files, datasets/mmlu_redux",b8dfa38 2026-10-10,2026-10-10,250,fa60c60b52e83990
results/exp04_revision3/info_R13.json,Third/fourth-review analyses R7-R13 (post hoc),CURRENT (post hoc),YES,generated,"scripts/run_exp04_revision3.py, run_exp04_matched_followup.py","validated answer files, datasets/mmlu_redux",b093af3 2026-10-10,2026-10-10,1203,072392ddb0a2fdb0
results/exp04_revision3/info_R7.json,Third/fourth-review analyses R7-R13 (post hoc),CURRENT (post hoc),YES,generated,"scripts/run_exp04_revision3.py, run_exp04_matched_followup.py","validated answer files, datasets/mmlu_redux",b8dfa38 2026-10-10,2026-10-10,2,44136fa355b3678a
results/exp04_revision3/info_R8.json,Third/fourth-review analyses R7-R13 (post hoc),CURRENT (post hoc),YES,generated,"scripts/run_exp04_revision3.py, run_exp04_matched_followup.py","validated answer files, datasets/mmlu_redux",b8dfa38 2026-10-10,2026-10-10,490,42c65f421d0d9b12
results/exp04_revision3/info_R9.json,Third/fourth-review analyses R7-R13 (post hoc),CURRENT (post hoc),YES,generated,"scripts/run_exp04_revision3.py, run_exp04_matched_followup.py","validated answer files, datasets/mmlu_redux",b8dfa38 2026-10-10,2026-10-10,53,d71e5541fa9587e2
results/exp04_rosters/comparison.csv,Roster hashes and comparison,CURRENT,YES (sample freeze),generated,scripts/rebuild_frozen_lists.py,network,a867266 2026-10-09,2026-10-09,843,d10ab9238634a092
results/exp04_rosters/comparison.md,Roster hashes and comparison,CURRENT,YES (sample freeze),generated,scripts/rebuild_frozen_lists.py,network,a867266 2026-10-09,2026-10-09,3494,46fab69812f3db7e
results/exp04_rosters/recovery.md,Roster hashes and comparison,CURRENT,YES (sample freeze),generated,scripts/rebuild_frozen_lists.py,network,a867266 2026-10-09,2026-10-09,776,d5e2e0f32072c5d7
results/exp04_validation/per_model.csv,Validation manifest and report,CURRENT,YES (gate input),generated,scripts/validation_report.py (needs item-level data),datasets/ollb/v1,a867266 2026-10-09,2026-10-09,156050,de28dc1aa1542763
results/exp04_validation/report.md,Validation manifest and report,CURRENT,YES (gate input),generated,scripts/validation_report.py (needs item-level data),datasets/ollb/v1,a867266 2026-10-09,2026-10-09,9290,f00a7145fa4c408b
results/pair_gate/expanded/power.csv,Pre-outcome simulation check and 500-replicate audit,CURRENT,design check,generated,scripts/run_pair_gate*.py,-,a867266 2026-10-09,2026-10-09,2071,36bd4132f94560e0
results/pair_gate/expanded/summary.md,Pre-outcome simulation check and 500-replicate audit,CURRENT,design check,generated,scripts/run_pair_gate*.py,-,a867266 2026-10-09,2026-10-09,1621,8e6be0ff397cf98e
results/pair_gate/primary/power.csv,Pre-outcome simulation check and 500-replicate audit,CURRENT,design check,generated,scripts/run_pair_gate*.py,-,a867266 2026-10-09,2026-10-09,2074,200f4567af9c45b2
results/pair_gate/primary/power_full_cap1000.csv,Pre-outcome simulation check and 500-replicate audit,CURRENT,design check,generated,scripts/run_pair_gate*.py,-,a867266 2026-10-09,2026-10-09,2074,200f4567af9c45b2
results/pair_gate/primary/power_full_cap15.csv,Pre-outcome simulation check and 500-replicate audit,CURRENT,design check,generated,scripts/run_pair_gate*.py,-,a867266 2026-10-09,2026-10-09,2063,e773072a92cc4a3c
results/pair_gate/primary/power_full_cap40.csv,Pre-outcome simulation check and 500-replicate audit,CURRENT,design check,generated,scripts/run_pair_gate*.py,-,a867266 2026-10-09,2026-10-09,2075,663fadaea4c51ab6
results/pair_gate/primary/summary.md,Pre-outcome simulation check and 500-replicate audit,CURRENT,design check,generated,scripts/run_pair_gate*.py,-,a867266 2026-10-09,2026-10-09,1622,3bd5e02ce4b3b667
results/pair_gate_audit/expanded_cap40.csv,Pre-outcome simulation check and 500-replicate audit,CURRENT,design check,generated,scripts/run_pair_gate*.py,-,a867266 2026-10-09,2026-10-09,3764,ca195623f4318a35
results/pair_gate_audit/primary_cap1000.csv,Pre-outcome simulation check and 500-replicate audit,CURRENT,design check,generated,scripts/run_pair_gate*.py,-,a867266 2026-10-09,2026-10-09,3784,046ce8e7836ef641
results/pair_gate_audit/primary_cap15.csv,Pre-outcome simulation check and 500-replicate audit,CURRENT,design check,generated,scripts/run_pair_gate*.py,-,a867266 2026-10-09,2026-10-09,3720,4f20b6b2f956f6b0
results/pair_gate_audit/primary_cap40.csv,Pre-outcome simulation check and 500-replicate audit,CURRENT,design check,generated,scripts/run_pair_gate*.py,-,a867266 2026-10-09,2026-10-09,3728,d63e2caaddfe0fc6
results/phase2_empirical/audit_summary.json,Invalid earlier per-model outputs,OBSOLETE (invalid),no,generated,no,-,28b8c28 2026-08-18,2026-08-18,1858,c67b4f8cf315d5bb
results/phase2_empirical/error_matrix_binary.csv,Invalid earlier per-model outputs,OBSOLETE (invalid),no,generated,no,-,28b8c28 2026-08-18,2026-08-18,405942,b5108c5d8f0d4aff
results/phase2_empirical/figures/design_heatmap.pdf,Invalid earlier per-model outputs,OBSOLETE (invalid),no,generated,no,-,28b8c28 2026-08-18,2026-08-18,19812,e3fc482ff8327792
results/phase2_empirical/figures/error_dendrogram.pdf,Invalid earlier per-model outputs,OBSOLETE (invalid),no,generated,no,-,28b8c28 2026-08-18,2026-08-18,17097,0b181c05e52f45e0
results/phase2_empirical/figures/error_similarity_heatmap.pdf,Invalid earlier per-model outputs,OBSOLETE (invalid),no,generated,no,-,28b8c28 2026-08-18,2026-08-18,20064,bc1cad6ca4a65f06
results/phase2_empirical/figures/family_blups_restricted.pdf,Invalid earlier per-model outputs,OBSOLETE (invalid),no,generated,no,-,28b8c28 2026-08-18,2026-08-18,16660,ed563fdc95d1cdcb
results/phase2_empirical/figures/family_share_bootstrap.pdf,Invalid earlier per-model outputs,OBSOLETE (invalid),no,generated,no,-,28b8c28 2026-08-18,2026-08-18,18348,a13995716273eea5
results/phase2_empirical/figures/fig1_workflow.pdf,Invalid earlier per-model outputs,OBSOLETE (invalid),no,generated,no,-,4b7f000 2026-08-19,2026-08-19,25028,9f15cc470523bb19
results/phase2_empirical/figures/fig2_occupancy.pdf,Invalid earlier per-model outputs,OBSOLETE (invalid),no,generated,no,-,4b7f000 2026-08-19,2026-08-18,28425,4835c2672c5ad0b0
results/phase2_empirical/figures/fig3_diagnostics.pdf,Invalid earlier per-model outputs,OBSOLETE (invalid),no,generated,no,-,4b7f000 2026-08-19,2026-08-18,37675,ddb4d7b7b9acbf3d
results/phase2_empirical/figures/fig4_design_space.pdf,Invalid earlier per-model outputs,OBSOLETE (invalid),no,generated,no,-,2eab2c7 2026-08-18,2026-08-18,28886,3e6421ae87ded31b
results/phase2_empirical/figures/fig4_simulation.pdf,Invalid earlier per-model outputs,OBSOLETE (invalid),no,generated,no,-,4b7f000 2026-08-19,2026-08-19,32762,544ac31ff86529b7
results/phase2_empirical/figures/fig5_design_space.pdf,Invalid earlier per-model outputs,OBSOLETE (invalid),no,generated,no,-,4b7f000 2026-08-19,2026-08-19,29799,9231b8a6924abcc6
results/phase2_empirical/figures/fig5_family_share.pdf,Invalid earlier per-model outputs,OBSOLETE (invalid),no,generated,no,-,2eab2c7 2026-08-18,2026-08-18,31943,a969e85bb54ca013
results/phase2_empirical/figures/fig6_diagnostic_share.pdf,Invalid earlier per-model outputs,OBSOLETE (invalid),no,generated,no,-,4b7f000 2026-08-19,2026-08-19,36676,5a62990a8a6d2c2a
results/phase2_empirical/figures/loo_sensitivity.pdf,Invalid earlier per-model outputs,OBSOLETE (invalid),no,generated,no,-,28b8c28 2026-08-18,2026-08-18,16652,3d1d3b14124bcb68
results/phase2_empirical/figures/variance_shares_restricted.pdf,Invalid earlier per-model outputs,OBSOLETE (invalid),no,generated,no,-,28b8c28 2026-08-18,2026-08-18,26516,08ee8ade74fe8e0a
results/phase2_empirical/similarity_matrix_phi.csv,Invalid earlier per-model outputs,OBSOLETE (invalid),no,generated,no,-,28b8c28 2026-08-18,2026-08-18,1385,05ca50e3b8a20989
results/phase2_empirical/trait_table.csv,Invalid earlier per-model outputs,OBSOLETE (invalid),no,generated,no,-,28b8c28 2026-08-18,2026-08-18,2106,93f017a35485094e
results/precision_gate/family_scaling.csv,Per-model precision simulation (S1),CURRENT (supplement S1),S1 only,generated,scripts/run_precision_*.py,-,a867266 2026-10-09,2026-10-09,829,6f5b99be2c608015
results/precision_gate/precision_gate.csv,Per-model precision simulation (S1),CURRENT (supplement S1),S1 only,generated,scripts/run_precision_*.py,-,a867266 2026-10-09,2026-10-09,14502,9d95988336665aa1
results/precision_gate/summary.csv,Per-model precision simulation (S1),CURRENT (supplement S1),S1 only,generated,scripts/run_precision_*.py,-,a867266 2026-10-09,2026-10-09,1805,ea04e877e0dffb97
results/precision_gate/summary.md,Per-model precision simulation (S1),CURRENT (supplement S1),S1 only,generated,scripts/run_precision_*.py,-,a867266 2026-10-09,2026-10-09,3524,5adfbedfe542d8ac
scripts/compare_rosters.py,Roster comparison,CURRENT,inputs,manual,n/a,-,a867266 2026-10-09,2026-10-09,6904,16eb8d2f7719a76f
scripts/download_ollb_v1.py,Answer-file download,CURRENT,YES (inputs),manual,needs network,datasets/ollb/frozen_full,fa3cabf 2026-10-10,2026-10-09,3751,e42554d68bbe6db1
scripts/fetch_v1_contents_meta.py,Leaderboard metadata fetch,CURRENT,YES (inputs),manual,needs network,-,a867266 2026-10-09,2026-10-09,1877,bfa4b0bf855d5616
scripts/make_exp04_figures.py,Figure and table generation,CURRENT,plots/tabulates,manual,n/a,results/,5bdb0eb 2026-10-10,2026-10-09,80057,4f4862651e7244da
scripts/make_exp04_tables.py,Figure and table generation,CURRENT,plots/tabulates,manual,n/a,results/,2fc597d 2026-10-10,2026-10-09,30371,922107ac24ca4649
scripts/make_master_manuscript.py,Generates single-column manuscript,CURRENT,no,manual,n/a,-,6c3cd51 2026-10-10,2026-10-10,7290,4e543044387f2401
scripts/make_submission_package.py,Packaging helper,CURRENT (not part of results),no,manual,n/a,-,2ae523e 2026-10-09,2026-10-09,6202,376eeceb6b61db11
scripts/rebuild_frozen_lists.py,Rebuild and hash-check frozen lists,CURRENT,YES (inputs),manual,needs network,-,a867266 2026-10-09,2026-10-09,3466,17df0ce819e51859
scripts/regen_figs_8_9.py,Earlier-study figure regeneration,LEGACY (earlier study),no,manual,n/a,-,fa3cabf 2026-10-10,2026-08-31,5662,21bc928d8bc839cb
scripts/run_design_space_sweep.py,Earlier-study design sweep,LEGACY (earlier study),no,manual,n/a,-,a867266 2026-10-09,2026-08-22,6102,c13623735ce450cc
scripts/run_exp04_final.py,Current-study analysis scripts,CURRENT,YES,manual,n/a,"datasets/ollb, results/",a867266 2026-10-09,2026-10-09,17498,a4855f6b450a57e8
scripts/run_exp04_heterogeneity.py,Current-study analysis scripts,CURRENT,YES,manual,n/a,"datasets/ollb, results/",2ae523e 2026-10-09,2026-10-09,10520,61899749c2c960a2
scripts/run_exp04_item_null.py,Current-study analysis scripts,CURRENT,YES,manual,n/a,"datasets/ollb, results/",a867266 2026-10-09,2026-10-09,5473,15038454801b2ac9
scripts/run_exp04_matched_followup.py,Current-study analysis scripts,CURRENT,YES,manual,n/a,"datasets/ollb, results/",b093af3 2026-10-10,2026-10-10,3510,35df536582fe3125
scripts/run_exp04_revision2.py,Current-study analysis scripts,CURRENT,YES,manual,n/a,"datasets/ollb, results/",2ae523e 2026-10-09,2026-10-09,14368,29f331302ee35aed
scripts/run_exp04_revision3.py,Current-study analysis scripts,CURRENT,YES,manual,n/a,"datasets/ollb, results/",fa3cabf 2026-10-10,2026-10-10,24325,864e7c94ad62cd12
scripts/run_pair_gate.py,Pre-outcome simulation check,CURRENT,YES (design check),manual,n/a,-,a867266 2026-10-09,2026-10-09,3430,869af68068608571
scripts/run_pair_gate_audit.py,Pre-outcome simulation check,CURRENT,YES (design check),manual,n/a,-,a867266 2026-10-09,2026-10-09,3164,3980fcdc20ac822d
scripts/run_precision_gate.py,Per-model precision simulation (S1),CURRENT (supplement S1),S1 only,manual,n/a,-,a867266 2026-10-09,2026-10-09,5150,a92165bc1791ed7a
scripts/run_precision_scaling.py,Per-model precision simulation (S1),CURRENT (supplement S1),S1 only,manual,n/a,-,a867266 2026-10-09,2026-10-09,1559,81c4cf22c606a577
scripts/validation_report.py,Validation manifest (gate input),CURRENT,YES (gate),manual,n/a,datasets/ollb/v1,fa3cabf 2026-10-10,2026-10-09,5979,a8cdc7614675315b
src/.gitkeep,Package scaffold,CURRENT,no,manual,n/a,-,20692ad 2026-08-02,2026-08-02,0,e3b0c44298fc1c14
src/lineage_era/__init__.py,Earlier-study modules,LEGACY (earlier study),no,manual,n/a,-,27621f7 2026-08-03,2026-08-03,230,ec284bd61694d932
src/lineage_era/analysis/__init__.py,Earlier per-model variance-decomposition code,LEGACY (earlier study),no (S1 uses precision_gate/reml only),manual,n/a,-,9e6d0f9 2026-08-03,2026-08-03,1124,97ee2765c39909dc
src/lineage_era/analysis/artifact_audit.py,Earlier per-model variance-decomposition code,LEGACY (earlier study),no (S1 uses precision_gate/reml only),manual,n/a,-,71f016d 2026-08-03,2026-08-03,7679,fedd1ae904158471
src/lineage_era/analysis/bootstrap.py,Earlier per-model variance-decomposition code,LEGACY (earlier study),no (S1 uses precision_gate/reml only),manual,n/a,-,b7f37ae 2026-08-03,2026-08-03,4112,279a1070137ecd22
src/lineage_era/analysis/cofailure.py,Earlier per-model variance-decomposition code,LEGACY (earlier study),no (S1 uses precision_gate/reml only),manual,n/a,-,56b18b8 2026-08-16,2026-08-16,11627,5850bee37b170458
src/lineage_era/analysis/error_similarity.py,Earlier per-model variance-decomposition code,LEGACY (earlier study),no (S1 uses precision_gate/reml only),manual,n/a,-,43ad8eb 2026-08-03,2026-08-03,28570,8d8e7412fabf5399
src/lineage_era/analysis/eval_check.py,Earlier per-model variance-decomposition code,LEGACY (earlier study),no (S1 uses precision_gate/reml only),manual,n/a,-,a867266 2026-10-09,2026-08-03,13132,0fec2ee3b6ec6e43
src/lineage_era/analysis/eval_simulate.py,Earlier per-model variance-decomposition code,LEGACY (earlier study),no (S1 uses precision_gate/reml only),manual,n/a,-,9e6d0f9 2026-08-03,2026-08-03,9348,086f51e5f455fd8f
src/lineage_era/analysis/gpu_cost.py,Earlier per-model variance-decomposition code,LEGACY (earlier study),no (S1 uses precision_gate/reml only),manual,n/a,-,71f016d 2026-08-03,2026-08-03,6722,ea20a3dd0b04c4e8
src/lineage_era/analysis/identifiability.py,Earlier per-model variance-decomposition code,LEGACY (earlier study),no (S1 uses precision_gate/reml only),manual,n/a,-,a867266 2026-10-09,2026-08-03,11389,50dd3cb8d6a5789a
src/lineage_era/analysis/impute.py,Earlier per-model variance-decomposition code,LEGACY (earlier study),no (S1 uses precision_gate/reml only),manual,n/a,-,0258bfc 2026-08-16,2026-08-16,19388,f287e7461fe44c12
src/lineage_era/analysis/metadata.py,Earlier per-model variance-decomposition code,LEGACY (earlier study),no (S1 uses precision_gate/reml only),manual,n/a,-,b7f37ae 2026-08-03,2026-08-03,2987,d2090cb505b87763
src/lineage_era/analysis/plots.py,Earlier per-model variance-decomposition code,LEGACY (earlier study),no (S1 uses precision_gate/reml only),manual,n/a,-,43ad8eb 2026-08-03,2026-08-03,10069,6b5a8a07696143a6
src/lineage_era/analysis/population.py,Earlier per-model variance-decomposition code,LEGACY (earlier study),no (S1 uses precision_gate/reml only),manual,n/a,-,b7f37ae 2026-08-03,2026-08-03,5945,40cb9063848f8b67
src/lineage_era/analysis/population_optimizer.py,Earlier per-model variance-decomposition code,LEGACY (earlier study),no (S1 uses precision_gate/reml only),manual,n/a,-,0258bfc 2026-08-16,2026-08-03,36101,0d30c6bc82ebed3e
src/lineage_era/analysis/precision_gate.py,Per-model precision simulation (S1),CURRENT (supplement S1),S1 only,manual,n/a,-,a867266 2026-10-09,2026-10-09,7821,f08814a9fed6581f
src/lineage_era/analysis/reml.py,REML variance components (S1),CURRENT (supplement S1),S1 only,manual,n/a,-,a867266 2026-10-09,2026-08-03,21107,9a62ae61bc8eb6ec
src/lineage_era/analysis/report.py,Earlier per-model variance-decomposition code,LEGACY (earlier study),no (S1 uses precision_gate/reml only),manual,n/a,-,56b18b8 2026-08-16,2026-08-03,13182,af3cd35de13fc311
src/lineage_era/analysis/trait.py,Earlier per-model variance-decomposition code,LEGACY (earlier study),no (S1 uses precision_gate/reml only),manual,n/a,-,0258bfc 2026-08-16,2026-08-03,5823,9528f7c5700ad81f
src/lineage_era/audit_16model.py,Earlier-study modules,LEGACY (earlier study),no,manual,n/a,-,28b8c28 2026-08-18,2026-08-18,34287,efebd76c7aa91877
src/lineage_era/audit_16model_full.py,Earlier-study modules,LEGACY (earlier study),no,manual,n/a,-,28b8c28 2026-08-18,2026-08-18,13086,f8390382d7e11647
src/lineage_era/dgp.py,Earlier-study modules,LEGACY (earlier study),no,manual,n/a,-,6d3ed5d 2026-08-03,2026-08-03,6302,84b1842cf2e82fbd
src/lineage_era/estimator.py,Earlier-study modules,LEGACY (earlier study),no,manual,n/a,-,b7f37ae 2026-08-03,2026-08-03,298,fdd947b7b46c1e67
src/lineage_era/gen_all_figures.py,Earlier-study modules,LEGACY (earlier study),no,manual,n/a,-,6c1cc59 2026-08-19,2026-08-19,21265,63a3ab4575f728c2
src/lineage_era/gen_manuscript_figures.py,Earlier-study modules,LEGACY (earlier study),no,manual,n/a,-,4b7f000 2026-08-19,2026-08-19,16136,59c9f825a1f069a0
src/lineage_era/generate_figures.py,Earlier-study modules,LEGACY (earlier study),no,manual,n/a,-,2eab2c7 2026-08-18,2026-08-18,10731,ca9aed51da0a3997
src/lineage_era/make_paper_figures.py,Earlier-study modules,LEGACY (earlier study),no,manual,n/a,-,6efb910 2026-08-16,2026-08-06,22363,f28c4f27537b4cf2
src/lineage_era/metrics.py,Earlier-study modules,LEGACY (earlier study),no,manual,n/a,-,6d3ed5d 2026-08-03,2026-08-03,3346,beaf15ec92327c80
src/lineage_era/occupancy.py,Earlier-study modules,LEGACY (earlier study),no,manual,n/a,-,92dc350 2026-08-03,2026-08-03,9227,7208b1e706fcb2c5
src/lineage_era/ollb/__init__.py,"Current-study package: roster, fetch, analysis, pair-gate",CURRENT,YES (primary analysis),manual,n/a,"datasets/ollb, results/exp04_validation",a867266 2026-10-09,2026-10-09,0,e3b0c44298fc1c14
src/lineage_era/ollb/analysis.py,"Current-study package: roster, fetch, analysis, pair-gate",CURRENT,YES (primary analysis),manual,n/a,"datasets/ollb, results/exp04_validation",fa3cabf 2026-10-10,2026-10-09,8524,e24c712318a3baef
src/lineage_era/ollb/config_lineage.py,"Current-study package: roster, fetch, analysis, pair-gate",CURRENT,YES (primary analysis),manual,n/a,"datasets/ollb, results/exp04_validation",a867266 2026-10-09,2026-10-09,6272,eaefb5dcee6fa6f4
src/lineage_era/ollb/fetch_v1.py,"Current-study package: roster, fetch, analysis, pair-gate",CURRENT,YES (primary analysis),manual,n/a,"datasets/ollb, results/exp04_validation",fa3cabf 2026-10-10,2026-10-09,13847,225567a86adae915
src/lineage_era/ollb/hub_meta.py,"Current-study package: roster, fetch, analysis, pair-gate",CURRENT,YES (primary analysis),manual,n/a,"datasets/ollb, results/exp04_validation",a867266 2026-10-09,2026-10-09,8744,551329c43aa3d96d
src/lineage_era/ollb/pair_gate.py,"Current-study package: roster, fetch, analysis, pair-gate",CURRENT,YES (primary analysis),manual,n/a,"datasets/ollb, results/exp04_validation",fa3cabf 2026-10-10,2026-10-09,7753,8f7bbaf2311a0ff2
src/lineage_era/ollb/roster.py,"Current-study package: roster, fetch, analysis, pair-gate",CURRENT,YES (primary analysis),manual,n/a,"datasets/ollb, results/exp04_validation",a867266 2026-10-09,2026-10-09,8858,b82cf13a3d3d3b64
src/lineage_era/ollb/roster_v1.py,"Current-study package: roster, fetch, analysis, pair-gate",CURRENT,YES (primary analysis),manual,n/a,"datasets/ollb, results/exp04_validation",a867266 2026-10-09,2026-10-09,8732,7e74e2db9c8e5dbc
src/lineage_era/phase0_audit.py,Earlier-study modules,LEGACY (earlier study),no,manual,n/a,-,92dc350 2026-08-03,2026-08-03,4547,bf83b3abe59c27a6
src/lineage_era/phase1_simulation.py,Earlier-study modules,LEGACY (earlier study),no,manual,n/a,-,6d3ed5d 2026-08-03,2026-08-03,13575,ed4909773f75435e
src/lineage_era/phase2_artifact_audit.py,Earlier per-model evaluation pipeline,LEGACY (earlier study),no,manual,n/a,-,71f016d 2026-08-03,2026-08-03,378,cff3d83ad671b2f1
src/lineage_era/phase2_bootstrap.py,Earlier per-model evaluation pipeline,LEGACY (earlier study),no,manual,n/a,-,b7f37ae 2026-08-03,2026-08-03,354,5e91a6904a99e1ce
src/lineage_era/phase2_data.py,Earlier per-model evaluation pipeline,LEGACY (earlier study),no,manual,n/a,-,b7f37ae 2026-08-03,2026-08-03,356,22cca1c7a739abfe
src/lineage_era/phase2_decomposition.py,Earlier per-model evaluation pipeline,LEGACY (earlier study),no,manual,n/a,-,de8e357 2026-08-16,2026-08-03,8088,5f6a13de0d40d213
src/lineage_era/phase2_error_similarity.py,Earlier per-model evaluation pipeline,LEGACY (earlier study),no,manual,n/a,-,43ad8eb 2026-08-03,2026-08-03,368,7362e6e60617c601
src/lineage_era/phase2_eval.py,Earlier per-model evaluation pipeline,LEGACY (earlier study),no,manual,n/a,-,a867266 2026-10-09,2026-08-03,20236,2d48739d5adbe835
src/lineage_era/phase2_eval_check.py,Earlier per-model evaluation pipeline,LEGACY (earlier study),no,manual,n/a,-,9e6d0f9 2026-08-03,2026-08-03,359,4ddfec6e4d8c0c14
src/lineage_era/phase2_eval_simulate.py,Earlier per-model evaluation pipeline,LEGACY (earlier study),no,manual,n/a,-,9e6d0f9 2026-08-03,2026-08-03,374,b60ff1ed7dbcb421
src/lineage_era/phase2_figures.py,Earlier per-model evaluation pipeline,LEGACY (earlier study),no,manual,n/a,-,b7f37ae 2026-08-03,2026-08-03,338,48f42a7bc4fba993
src/lineage_era/phase2_gpu_cost.py,Earlier per-model evaluation pipeline,LEGACY (earlier study),no,manual,n/a,-,71f016d 2026-08-03,2026-08-03,343,2fe074fabf3e4773
src/lineage_era/phase2_identifiability.py,Earlier per-model evaluation pipeline,LEGACY (earlier study),no,manual,n/a,-,b7f37ae 2026-08-03,2026-08-03,409,367967997771fb68
src/lineage_era/phase2_impute.py,Earlier per-model evaluation pipeline,LEGACY (earlier study),no,manual,n/a,-,0258bfc 2026-08-16,2026-08-16,379,cf01ff802e9c8847
src/lineage_era/phase2_metadata.py,Earlier per-model evaluation pipeline,LEGACY (earlier study),no,manual,n/a,-,b7f37ae 2026-08-03,2026-08-03,349,2c2b39fb9a28b5b3
src/lineage_era/phase2_model.py,Earlier per-model evaluation pipeline,LEGACY (earlier study),no,manual,n/a,-,b7f37ae 2026-08-03,2026-08-03,411,903dba29ce8ae135
src/lineage_era/phase2_population_optimizer.py,Earlier per-model evaluation pipeline,LEGACY (earlier study),no,manual,n/a,-,90d9d33 2026-08-03,2026-08-03,398,e671a4f10a665dcc
src/lineage_era/phase2_report.py,Earlier per-model evaluation pipeline,LEGACY (earlier study),no,manual,n/a,-,b7f37ae 2026-08-03,2026-08-03,339,7a2670b5ff22f317
src/lineage_era/phase2_run_all.py,Earlier per-model evaluation pipeline,LEGACY (earlier study),no,manual,n/a,-,4f9ee6d 2026-08-16,2026-08-03,7384,bd1a5b95707de14f
src/lineage_era/phase2_sensitivity.py,Earlier per-model evaluation pipeline,LEGACY (earlier study),no,manual,n/a,-,a59cd39 2026-08-03,2026-08-03,8825,cb98f98ecf08738b
src/lineage_era/phase2_simulate.py,Earlier per-model evaluation pipeline,LEGACY (earlier study),no,manual,n/a,-,a59cd39 2026-08-03,2026-08-03,6536,2430058289f00ab8
src/lineage_era/phase2_tables.py,Earlier per-model evaluation pipeline,LEGACY (earlier study),no,manual,n/a,-,b7f37ae 2026-08-03,2026-08-03,386,2e08a3aa4b6acee5
src/lineage_era/phase2_trait.py,Earlier per-model evaluation pipeline,LEGACY (earlier study),no,manual,n/a,-,b7f37ae 2026-08-03,2026-08-03,334,ade8eddd47812de9
src/lineage_era/smoke_test.py,Earlier-study modules,LEGACY (earlier study),no,manual,n/a,-,6d3ed5d 2026-08-03,2026-08-03,4628,dba09309ce1cdc76
src/lineage_era/stage_paper_figures.py,Earlier-study modules,LEGACY (earlier study),no,manual,n/a,-,4262a11 2026-08-05,2026-08-05,5008,58a40d42b34cf6c9
src/lineage_era/test_artifact_audit.py,Tests of legacy modules,LEGACY tests,no,manual,n/a,-,a867266 2026-10-09,2026-08-03,4443,c836a4098a911b36
src/lineage_era/test_cofailure.py,Tests of legacy modules,LEGACY tests,no,manual,n/a,-,56b18b8 2026-08-16,2026-08-16,4483,e6a53af934f98083
src/lineage_era/test_error_similarity.py,Tests of legacy modules,LEGACY tests,no,manual,n/a,-,de8e357 2026-08-16,2026-08-03,7056,15ef35a4f64f9565
src/lineage_era/test_eval_check.py,Tests of legacy modules,LEGACY tests,no,manual,n/a,-,a867266 2026-10-09,2026-08-03,6759,0088cd95ea6c3b6f
src/lineage_era/test_impute.py,Tests of legacy modules,LEGACY tests,no,manual,n/a,-,0258bfc 2026-08-16,2026-08-16,3496,f6a2ad00d7bcbcc2
src/lineage_era/test_ollb_analysis.py,"Tests of the current analysis, validation gate, bootstrap",CURRENT,supports,manual,n/a,src/lineage_era/ollb,fa3cabf 2026-10-10,2026-10-09,9639,539a65d22671c20f
src/lineage_era/test_phase2_eval_samples.py,Tests of legacy modules,LEGACY tests,no,manual,n/a,-,a867266 2026-10-09,2026-10-09,1731,d1abaf8b28d0eba9
src/lineage_era/test_population_optimizer.py,Tests of legacy modules,LEGACY tests,no,manual,n/a,-,fa3cabf 2026-10-10,2026-08-03,9202,6e7d55549bc9b1b5
src/lineage_era/test_precision_gate.py,Tests of the per-model precision gate (S1),CURRENT (supplement S1),supports S1,manual,n/a,src/lineage_era/analysis,a867266 2026-10-09,2026-10-09,2013,bd578233a56dbe57
src/lineage_era/test_report_provenance.py,Tests of legacy modules,LEGACY tests,no,manual,n/a,-,de8e357 2026-08-16,2026-08-16,5641,84e152e7f7434606
src/results/phase1/d1.csv,Dry-run outputs of the earlier study (simulated data),"OBSOLETE (earlier study, simulated)",no,generated,no,-,33647eb 2026-08-03,2026-08-03,78440,18637684d0d6d509
src/results/phase1/d1_summary.csv,Dry-run outputs of the earlier study (simulated data),"OBSOLETE (earlier study, simulated)",no,generated,no,-,33647eb 2026-08-03,2026-08-03,921,a005a7a64c369589
src/results/phase1/d2.csv,Dry-run outputs of the earlier study (simulated data),"OBSOLETE (earlier study, simulated)",no,generated,no,-,33647eb 2026-08-03,2026-08-03,79064,1bd0e472b67ff134
src/results/phase1/d2_summary.csv,Dry-run outputs of the earlier study (simulated data),"OBSOLETE (earlier study, simulated)",no,generated,no,-,33647eb 2026-08-03,2026-08-03,905,8563fd3a2e2cebad
src/results/phase1/d3.csv,Dry-run outputs of the earlier study (simulated data),"OBSOLETE (earlier study, simulated)",no,generated,no,-,33647eb 2026-08-03,2026-08-03,79741,2c894aeea04c0d6b
src/results/phase1/d3_summary.csv,Dry-run outputs of the earlier study (simulated data),"OBSOLETE (earlier study, simulated)",no,generated,no,-,33647eb 2026-08-03,2026-08-03,249,78481661e8f988dd
src/results/phase1/liability.csv,Dry-run outputs of the earlier study (simulated data),"OBSOLETE (earlier study, simulated)",no,generated,no,-,33647eb 2026-08-03,2026-08-03,31916,c73bc5f58c1a9ca5
src/results/phase1/liability_summary.csv,Dry-run outputs of the earlier study (simulated data),"OBSOLETE (earlier study, simulated)",no,generated,no,-,33647eb 2026-08-03,2026-08-03,873,bfcbcc7e829920ce
src/results/phase1/lxe.csv,Dry-run outputs of the earlier study (simulated data),"OBSOLETE (earlier study, simulated)",no,generated,no,-,33647eb 2026-08-03,2026-08-03,3517,8ea9b1c465ab90e2
src/results/phase1/lxe_summary.csv,Dry-run outputs of the earlier study (simulated data),"OBSOLETE (earlier study, simulated)",no,generated,no,-,33647eb 2026-08-03,2026-08-03,304,392b9c5887317a47
src/results/phase2_sim_dryrun/PHASE2_REPORT.md,Dry-run outputs of the earlier study (simulated data),"OBSOLETE (earlier study, simulated)",no,generated,no,-,56b18b8 2026-08-16,2026-08-03,7451,e5345490311943cb
src/results/phase2_sim_dryrun/analysis_design.csv,Dry-run outputs of the earlier study (simulated data),"OBSOLETE (earlier study, simulated)",no,generated,no,-,9e6d0f9 2026-08-03,2026-08-03,3961,ea1ee2e444b62d4b
src/results/phase2_sim_dryrun/bootstrap_ci.csv,Dry-run outputs of the earlier study (simulated data),"OBSOLETE (earlier study, simulated)",no,generated,no,-,4262a11 2026-08-05,2026-08-03,492,3d1c731847f54958
src/results/phase2_sim_dryrun/chain_slopes.csv,Dry-run outputs of the earlier study (simulated data),"OBSOLETE (earlier study, simulated)",no,generated,no,-,9e6d0f9 2026-08-03,2026-08-03,91,cc6100ff2e00c980
src/results/phase2_sim_dryrun/community_comparison.csv,Dry-run outputs of the earlier study (simulated data),"OBSOLETE (earlier study, simulated)",no,generated,no,-,9e6d0f9 2026-08-03,2026-08-03,142,e36fad1527bf012a
src/results/phase2_sim_dryrun/condition_number.txt,Dry-run outputs of the earlier study (simulated data),"OBSOLETE (earlier study, simulated)",no,generated,no,-,9e6d0f9 2026-08-03,2026-08-03,48,09b0d981f15a7805
src/results/phase2_sim_dryrun/dense_cells.csv,Dry-run outputs of the earlier study (simulated data),"OBSOLETE (earlier study, simulated)",no,generated,no,-,4262a11 2026-08-05,2026-08-03,1124,f78eb800e9cb84c0
src/results/phase2_sim_dryrun/edge_stability.csv,Dry-run outputs of the earlier study (simulated data),"OBSOLETE (earlier study, simulated)",no,generated,no,-,9e6d0f9 2026-08-03,2026-08-03,46029,15cf4214f43fc0b8
src/results/phase2_sim_dryrun/era_effects.csv,Dry-run outputs of the earlier study (simulated data),"OBSOLETE (earlier study, simulated)",no,generated,no,-,4262a11 2026-08-05,2026-08-03,727,9fe0494434f01b61
src/results/phase2_sim_dryrun/era_trend.csv,Dry-run outputs of the earlier study (simulated data),"OBSOLETE (earlier study, simulated)",no,generated,no,-,4262a11 2026-08-05,2026-08-03,765,cf38535f560895c4
src/results/phase2_sim_dryrun/error_dendrogram.pdf,Dry-run outputs of the earlier study (simulated data),"OBSOLETE (earlier study, simulated)",no,generated,no,-,9e6d0f9 2026-08-03,2026-08-03,19123,c831169bcd8666b9
src/results/phase2_sim_dryrun/error_embedding_pca.pdf,Dry-run outputs of the earlier study (simulated data),"OBSOLETE (earlier study, simulated)",no,generated,no,-,9e6d0f9 2026-08-03,2026-08-03,21073,0f898b34492d3118
src/results/phase2_sim_dryrun/error_embedding_tsne.pdf,Dry-run outputs of the earlier study (simulated data),"OBSOLETE (earlier study, simulated)",no,generated,no,-,9e6d0f9 2026-08-03,2026-08-03,20877,238c03dbc5feacc7
src/results/phase2_sim_dryrun/error_heatmap.pdf,Dry-run outputs of the earlier study (simulated data),"OBSOLETE (earlier study, simulated)",no,generated,no,-,9e6d0f9 2026-08-03,2026-08-03,26378,db6139880caea470
src/results/phase2_sim_dryrun/error_network.pdf,Dry-run outputs of the earlier study (simulated data),"OBSOLETE (earlier study, simulated)",no,generated,no,-,9e6d0f9 2026-08-03,2026-08-03,21786,5ffc0be9b85092cd
src/results/phase2_sim_dryrun/error_network_edges.csv,Dry-run outputs of the earlier study (simulated data),"OBSOLETE (earlier study, simulated)",no,generated,no,-,9e6d0f9 2026-08-03,2026-08-03,4191,41af70fd96a2d9f0
src/results/phase2_sim_dryrun/error_similarity.csv,Dry-run outputs of the earlier study (simulated data),"OBSOLETE (earlier study, simulated)",no,generated,no,-,9e6d0f9 2026-08-03,2026-08-03,255429,3ab1d4c5acc1812a
src/results/phase2_sim_dryrun/family_effects.csv,Dry-run outputs of the earlier study (simulated data),"OBSOLETE (earlier study, simulated)",no,generated,no,-,4262a11 2026-08-05,2026-08-03,327,2fb1bbee5483cc76
src/results/phase2_sim_dryrun/family_era_overlap.csv,Dry-run outputs of the earlier study (simulated data),"OBSOLETE (earlier study, simulated)",no,generated,no,-,9e6d0f9 2026-08-03,2026-08-03,318,d00dc5d6166f80e4
src/results/phase2_sim_dryrun/figures/blup_plot.pdf,Dry-run outputs of the earlier study (simulated data),"OBSOLETE (earlier study, simulated)",no,generated,no,-,4262a11 2026-08-05,2026-08-03,19104,b22910bf694d9548
src/results/phase2_sim_dryrun/figures/design_heatmap.pdf,Dry-run outputs of the earlier study (simulated data),"OBSOLETE (earlier study, simulated)",no,generated,no,-,4262a11 2026-08-05,2026-08-03,17435,1a6d0d945786ca53
src/results/phase2_sim_dryrun/figures/era_trend.pdf,Dry-run outputs of the earlier study (simulated data),"OBSOLETE (earlier study, simulated)",no,generated,no,-,4262a11 2026-08-05,2026-08-03,14010,c19a1b45b74d96a9
src/results/phase2_sim_dryrun/figures/family_vs_era.pdf,Dry-run outputs of the earlier study (simulated data),"OBSOLETE (earlier study, simulated)",no,generated,no,-,4262a11 2026-08-05,2026-08-03,18805,8df5f5297b13bae5
src/results/phase2_sim_dryrun/figures/variance_shares.pdf,Dry-run outputs of the earlier study (simulated data),"OBSOLETE (earlier study, simulated)",no,generated,no,-,4262a11 2026-08-05,2026-08-03,14962,4ab41a9beb4abf68
src/results/phase2_sim_dryrun/identifiability_report.md,Dry-run outputs of the earlier study (simulated data),"OBSOLETE (earlier study, simulated)",no,generated,no,-,4262a11 2026-08-05,2026-08-03,1088,84d4a2ec527f8ed6
src/results/phase2_sim_dryrun/metric_selection.csv,Dry-run outputs of the earlier study (simulated data),"OBSOLETE (earlier study, simulated)",no,generated,no,-,de8e357 2026-08-16,2026-08-16,619,34002bbea52ac674
src/results/phase2_sim_dryrun/model_effects.csv,Dry-run outputs of the earlier study (simulated data),"OBSOLETE (earlier study, simulated)",no,generated,no,-,4262a11 2026-08-05,2026-08-03,4021,29a251aa86055710
src/results/phase2_sim_dryrun/null_ladder.csv,Dry-run outputs of the earlier study (simulated data),"OBSOLETE (earlier study, simulated)",no,generated,no,-,9e6d0f9 2026-08-03,2026-08-03,790,d5e607bba581ee84
src/results/phase2_sim_dryrun/results_summary.csv,Dry-run outputs of the earlier study (simulated data),"OBSOLETE (earlier study, simulated)",no,generated,no,-,de8e357 2026-08-16,2026-08-03,342,68ee7b43ae15a1d3
src/results/phase2_sim_dryrun/sensitivity/kim_crosscheck.csv,Dry-run outputs of the earlier study (simulated data),"OBSOLETE (earlier study, simulated)",no,generated,no,-,4262a11 2026-08-05,2026-08-03,1587,9404e94096e1f1e0
src/results/phase2_sim_dryrun/sensitivity/leaked_drop.csv,Dry-run outputs of the earlier study (simulated data),"OBSOLETE (earlier study, simulated)",no,generated,no,-,4262a11 2026-08-05,2026-08-03,200,901f2359ffcefb71
src/results/phase2_sim_dryrun/sensitivity/leave_one_family.csv,Dry-run outputs of the earlier study (simulated data),"OBSOLETE (earlier study, simulated)",no,generated,no,-,4262a11 2026-08-05,2026-08-03,585,10ae6923d2f30c9d
src/results/phase2_sim_dryrun/sensitivity/lxe.csv,Dry-run outputs of the earlier study (simulated data),"OBSOLETE (earlier study, simulated)",no,generated,no,-,4262a11 2026-08-05,2026-08-03,236,251fc5857f543df2
src/results/phase2_sim_dryrun/similarity_matrix.csv,Dry-run outputs of the earlier study (simulated data),"OBSOLETE (earlier study, simulated)",no,generated,no,-,9e6d0f9 2026-08-03,2026-08-03,44763,4cd1ed4dbbd9f218
src/results/phase2_sim_dryrun/tables.md,Dry-run outputs of the earlier study (simulated data),"OBSOLETE (earlier study, simulated)",no,generated,no,-,4262a11 2026-08-05,2026-08-03,2371,b0e568c79639b268
src/results/phase2_sim_dryrun/trait_table.csv,Dry-run outputs of the earlier study (simulated data),"OBSOLETE (earlier study, simulated)",no,generated,no,-,4262a11 2026-08-05,2026-08-03,2353,21a3cafa8888c90f
src/results/phase2_sim_dryrun/variance_partition.csv,Dry-run outputs of the earlier study (simulated data),"OBSOLETE (earlier study, simulated)",no,generated,no,-,4262a11 2026-08-05,2026-08-03,357,0b2245c613c6f676
src/results/phase2_sim_dryrun/vif.csv,Dry-run outputs of the earlier study (simulated data),"OBSOLETE (earlier study, simulated)",no,generated,no,-,9e6d0f9 2026-08-03,2026-08-03,60,999ea45d024fcced
