name,root,root_org,depth,lineage_resolved,upload_month,params_billions,architecture,type,is_moe,eligible,exclusion
0-hero/Matter-0.2-7B-DPO,0-hero/Matter-0.2-7B-DPO,0-hero,0,False,2024-04,7.242,MistralForCausalLM,chatmodels,False,True,
01-ai/Yi-1.5-34B,01-ai/Yi-1.5-34B,01-ai,0,True,2024-05,34.389,LlamaForCausalLM,pretrained,False,True,
01-ai/Yi-1.5-34B-32K,01-ai/Yi-1.5-34B-32K,01-ai,0,True,2024-05,34.389,LlamaForCausalLM,pretrained,False,True,
01-ai/Yi-1.5-34B-Chat,01-ai/Yi-1.5-34B-Chat,01-ai,0,False,2024-05,34.389,LlamaForCausalLM,chatmodels,False,True,
01-ai/Yi-1.5-34B-Chat-16K,01-ai/Yi-1.5-34B-Chat-16K,01-ai,0,False,2024-05,34.389,LlamaForCausalLM,chatmodels,False,True,
01-ai/Yi-1.5-6B,01-ai/Yi-1.5-6B,01-ai,0,True,2024-05,6.061,LlamaForCausalLM,pretrained,False,True,
01-ai/Yi-1.5-6B-Chat,01-ai/Yi-1.5-6B-Chat,01-ai,0,False,2024-05,6.061,LlamaForCausalLM,chatmodels,False,True,
01-ai/Yi-1.5-9B,01-ai/Yi-1.5-9B,01-ai,0,True,2024-05,8.829,LlamaForCausalLM,pretrained,False,True,
01-ai/Yi-1.5-9B-32K,01-ai/Yi-1.5-9B-32K,01-ai,0,True,2024-05,8.829,LlamaForCausalLM,pretrained,False,True,
01-ai/Yi-1.5-9B-Chat,01-ai/Yi-1.5-9B-Chat,01-ai,0,False,2024-05,8.829,LlamaForCausalLM,chatmodels,False,True,
01-ai/Yi-1.5-9B-Chat-16K,01-ai/Yi-1.5-9B-Chat-16K,01-ai,0,False,2024-05,8.829,LlamaForCausalLM,chatmodels,False,True,
01-ai/Yi-34B,01-ai/Yi-34B,01-ai,0,True,2023-11,34.389,LlamaForCausalLM,pretrained,False,True,
01-ai/Yi-34B-200K,01-ai/Yi-34B-200K,01-ai,0,True,2023-11,34.389,LlamaForCausalLM,pretrained,False,True,
01-ai/Yi-34B-Chat,01-ai/Yi-34B-Chat,01-ai,0,False,2023-11,34.389,LlamaForCausalLM,chatmodels,False,True,
01-ai/Yi-6B,01-ai/Yi-6B,01-ai,0,True,2023-11,6.061,LlamaForCausalLM,pretrained,False,True,
01-ai/Yi-6B-200K,01-ai/Yi-6B-200K,01-ai,0,True,2023-11,6.061,LlamaForCausalLM,pretrained,False,True,
01-ai/Yi-6B-Chat,01-ai/Yi-6B-Chat,01-ai,0,False,2023-11,6.061,LlamaForCausalLM,chatmodels,False,True,
01-ai/Yi-9B,01-ai/Yi-9B,01-ai,0,True,2024-03,8.829,LlamaForCausalLM,pretrained,False,True,
01-ai/Yi-9B-200K,01-ai/Yi-9B-200K,01-ai,0,True,2024-03,8.829,LlamaForCausalLM,pretrained,False,True,
01-ai/Yi-Coder-9B-Chat,01-ai/Yi-Coder-9B,01-ai,1,False,2024-08,8.829,LlamaForCausalLM,fine-tunedondomain-specificdatasets,False,True,
1-800-LLMs/Qwen-2.5-14B-Hindi,1-800-LLMs/Qwen-2.5-14B-Hindi,1-800-LLMs,0,False,2025-02,14.77,Qwen2ForCausalLM,fine-tunedondomain-specificdatasets,False,True,
1-800-LLMs/Qwen-2.5-14B-Hindi-Custom-Instruct,Qwen/Qwen2.5-14B,Qwen,1,True,2025-02,14.77,Qwen2ForCausalLM,fine-tunedondomain-specificdatasets,False,True,
1024m/PHI-4-Hindi,1024m/PHI-4-Hindi,1024m,0,False,2025-02,14.66,LlamaForCausalLM,fine-tunedondomain-specificdatasets,False,True,
1024m/QWEN-14B-B100,Qwen/Qwen2.5-14B,Qwen,1,True,2025-01,14.77,Qwen2ForCausalLM,fine-tunedondomain-specificdatasets,False,True,
152334H/miqu-1-70b-sf,152334H/miqu-1-70b-sf,152334H,0,False,2024-01,68.977,LlamaForCausalLM,fine-tunedondomain-specificdatasets,False,True,
1TuanPham/T-VisStar-7B-v0.1,1TuanPham/T-VisStar-7B-v0.1,1TuanPham,0,False,2024-09,7.294,MistralForCausalLM,chatmodels,False,False,merge
1TuanPham/T-VisStar-v0.1,1TuanPham/T-VisStar-v0.1,1TuanPham,0,False,2024-09,7.294,MistralForCausalLM,fine-tunedondomain-specificdatasets,False,False,merge
3rd-Degree-Burn/L-3.1-Science-Writer-8B,3rd-Degree-Burn/L-3.1-Science-Writer-8B,3rd-Degree-Burn,0,True,,8.03,LlamaForCausalLM,fine-tunedondomain-specificdatasets,False,False,base_removed
3rd-Degree-Burn/Llama-3.1-8B-Squareroot,3rd-Degree-Burn/Llama-3.1-8B-Squareroot (Merge),3rd-Degree-Burn,1,False,2024-10,8.03,LlamaForCausalLM,basemergesandmoerges,False,False,merge
3rd-Degree-Burn/Llama-3.1-8B-Squareroot-v1,3rd-Degree-Burn/Llama-3.1-8B-Squareroot-v1,3rd-Degree-Burn,0,True,,8.03,LlamaForCausalLM,basemergesandmoerges,False,False,merge
3rd-Degree-Burn/Llama-Squared-8B,3rd-Degree-Burn/Llama-Squared-8B,3rd-Degree-Burn,0,True,,8.03,LlamaForCausalLM,fine-tunedondomain-specificdatasets,False,False,base_removed
4season/final_model_test_v2,4season/final_model_test_v2,4season,0,False,2024-05,21.421,LlamaForCausalLM,fine-tunedondomain-specificdatasets,False,True,
AALF/FuseChat-Llama-3.1-8B-Instruct-preview,AALF/FuseChat-Llama-3.1-8B-Instruct-preview,AALF,0,False,2024-11,8.03,LlamaForCausalLM,chatmodels,False,True,
AALF/FuseChat-Llama-3.1-8B-SFT-preview,AALF/FuseChat-Llama-3.1-8B-SFT-preview,AALF,0,False,2024-11,8.03,LlamaForCausalLM,fine-tunedondomain-specificdatasets,False,True,
AALF/gemma-2-27b-it-SimPO-37K,google/gemma-2-27b,google,1,True,2024-08,27.227,Gemma2ForCausalLM,chatmodels,False,True,
AALF/gemma-2-27b-it-SimPO-37K-100steps,google/gemma-2-27b,google,1,True,2024-08,27.227,Gemma2ForCausalLM,chatmodels,False,True,
AELLM/gemma-2-aeria-infinity-9b,AELLM/gemma-2-aeria-infinity-9b (Merge),AELLM,1,False,2024-10,9.242,Gemma2ForCausalLM,basemergesandmoerges,False,False,merge
AELLM/gemma-2-lyco-infinity-9b,AELLM/gemma-2-lyco-infinity-9b (Merge),AELLM,1,False,2024-10,10.159,Gemma2ForCausalLM,chatmodels,False,False,merge
AGI-0/Art-v0-3B,AGI-0/Art-v0-3B,AGI-0,0,False,2024-12,3.086,Qwen2ForCausalLM,fine-tunedondomain-specificdatasets,False,True,
AGI-0/Artificium-llama3.1-8B-001,AGI-0/Artificium-llama3.1-8B-001,AGI-0,0,False,2024-08,8.03,LlamaForCausalLM,fine-tunedondomain-specificdatasets,False,True,
AGI-0/smartllama3.1-8B-001,AGI-0/smartllama3.1-8B-001,AGI-0,0,False,2024-08,8.03,LlamaForCausalLM,fine-tunedondomain-specificdatasets,False,True,
AI-MO/NuminaMath-7B-CoT,deepseek-ai/deepseek-math-7b-base,deepseek-ai,1,False,2024-07,6.91,LlamaForCausalLM,fine-tunedondomain-specificdatasets,False,True,
AI-MO/NuminaMath-7B-TIR,deepseek-ai/deepseek-math-7b-base,deepseek-ai,1,False,2024-07,6.91,LlamaForCausalLM,fine-tunedondomain-specificdatasets,False,True,
AI-Sweden-Models/Llama-3-8B-instruct,meta-llama/Meta-Llama-3-8B,meta-llama,1,True,2024-06,8.03,LlamaForCausalLM,fine-tunedondomain-specificdatasets,False,True,
AI-Sweden-Models/gpt-sw3-40b,AI-Sweden-Models/gpt-sw3-40b,AI-Sweden-Models,0,True,2023-02,39.927,GPT2LMHeadModel,pretrained,False,True,
AI4free/Dhanishtha,AI4free/Dhanishtha (Merge),AI4free,1,False,2025-02,1.777,Qwen2ForCausalLM,continuouslypretrained,False,False,merge
AI4free/t2,AI4free/t2,AI4free,0,True,,7.613,Qwen2ForCausalLM,basemergesandmoerges,False,False,merge
AIDC-AI/Marco-o1,AIDC-AI/Marco-o1,AIDC-AI,0,False,2024-11,7.616,Qwen2ForCausalLM,chatmodels,False,True,
Aashraf995/Creative-7B-nerd,Aashraf995/Creative-7B-nerd (Merge),Aashraf995,1,False,2024-12,7.616,Qwen2ForCausalLM,basemergesandmoerges,False,False,merge
Aashraf995/Gemma-Evo-10B,Aashraf995/Gemma-Evo-10B (Merge),Aashraf995,1,False,2024-12,10.159,Gemma2ForCausalLM,basemergesandmoerges,False,False,merge
Aashraf995/Qwen-Evo-7B,Aashraf995/Qwen-Evo-7B (Merge),Aashraf995,1,False,2024-12,7.616,Qwen2ForCausalLM,basemergesandmoerges,False,False,merge
Aashraf995/QwenStock-14B,Aashraf995/QwenStock-14B (Merge),Aashraf995,1,False,2024-12,14.766,Qwen2ForCausalLM,basemergesandmoerges,False,False,merge
AbacusResearch/Jallabi-34B,AbacusResearch/Jallabi-34B,AbacusResearch,0,False,2024-03,34.389,LlamaForCausalLM,basemergesandmoerges,False,False,merge
Ahdoot/StructuredThinker-v0.3-MoreStructure,Ahdoot/StructuredThinker-v0.3-MoreStructure (Merge),Ahdoot,1,False,2024-12,3.397,Qwen2ForCausalLM,basemergesandmoerges,False,False,merge
Ahdoot/Test_StealthThinker,Ahdoot/Test_StealthThinker (Merge),Ahdoot,1,False,2025-01,3.086,Qwen2ForCausalLM,fine-tunedondomain-specificdatasets,False,False,merge
AicoresSecurity/Cybernet-Sec-3B-R1-V0,AicoresSecurity/Cybernet-Sec-3B-R1-V0,AicoresSecurity,0,True,,3.213,LlamaForCausalLM,fine-tunedondomain-specificdatasets,False,False,base_removed
AicoresSecurity/Cybernet-Sec-3B-R1-V0-Coder,AicoresSecurity/Cybernet-Sec-3B-R1-V0-Coder,AicoresSecurity,0,True,,3.213,LlamaForCausalLM,fine-tunedondomain-specificdatasets,False,False,base_removed
AicoresSecurity/Cybernet-Sec-3B-R1-V1,AicoresSecurity/Cybernet-Sec-3B-R1-V1,AicoresSecurity,0,True,,3.213,LlamaForCausalLM,fine-tunedondomain-specificdatasets,False,False,base_removed
AicoresSecurity/Cybernet-Sec-3B-R1-V1.1,AicoresSecurity/Cybernet-Sec-3B-R1-V1.1,AicoresSecurity,0,True,,3.213,LlamaForCausalLM,fine-tunedondomain-specificdatasets,False,False,base_removed
Alepach/notHumpback-M0,meta-llama/Llama-3.2-3B,meta-llama,1,True,2024-12,3.213,LlamaForCausalLM,chatmodels,False,True,
Alepach/notHumpback-M1,meta-llama/Llama-3.2-3B,meta-llama,1,True,2024-12,3.213,LlamaForCausalLM,chatmodels,False,True,
Alepach/notHumpback-M1-v2,Alepach/notHumpback-M1-v2,Alepach,0,True,,3.213,LlamaForCausalLM,chatmodels,False,False,base_removed
Alibaba-NLP/gte-Qwen2-7B-instruct,Alibaba-NLP/gte-Qwen2-7B-instruct,Alibaba-NLP,0,False,2024-06,7.613,Qwen2ForCausalLM,fine-tunedondomain-specificdatasets,False,True,
Alsebay/Qwen2.5-7B-test-novelist,Qwen/Qwen2.5-7B,Qwen,1,True,2024-12,7.616,Qwen2ForCausalLM,fine-tunedondomain-specificdatasets,False,True,
Amaorynho/BBAI2006,Amaorynho/BBAI2006 (Merge),Amaorynho,1,False,2025-02,1.09,Qwen2ForCausalLM,basemergesandmoerges,False,False,merge
Amaorynho/BBAI270V4,Amaorynho/BBAI270V4 (Merge),Amaorynho,1,False,2025-02,7.616,Qwen2ForCausalLM,basemergesandmoerges,False,False,merge
Amaorynho/BBAIIFEV1,Amaorynho/BBAIIFEV1 (Merge),Amaorynho,1,False,2025-03,8.03,LlamaForCausalLM,basemergesandmoerges,False,False,merge
Amaorynho/BBAI_375,Amaorynho/BBAI_375 (Merge),Amaorynho,1,False,2025-02,1.09,Qwen2ForCausalLM,basemergesandmoerges,False,False,merge
Amu/t1-1.5B,Amu/t1-1.5B (Merge),Amu,1,False,2025-02,1.777,Qwen2ForCausalLM,fine-tunedondomain-specificdatasets,False,False,merge
Amu/t1-3B,Amu/t1-3B (Merge),Amu,1,False,2025-03,3.397,Qwen2ForCausalLM,chatmodels,False,False,merge
ArliAI/ArliAI-RPMax-12B-v1.1,ArliAI/ArliAI-RPMax-12B-v1.1,ArliAI,0,False,2024-08,12.248,MistralForCausalLM,fine-tunedondomain-specificdatasets,False,True,
ArliAI/Llama-3.1-8B-ArliAI-RPMax-v1.1,ArliAI/Llama-3.1-8B-ArliAI-RPMax-v1.1,ArliAI,0,False,2024-08,8.03,LlamaForCausalLM,fine-tunedondomain-specificdatasets,False,True,
Arthur-LAGACHERIE/Precis-1B-Instruct,Arthur-LAGACHERIE/Precis-1B-Instruct (Merge),Arthur-LAGACHERIE,1,False,2025-01,1.236,LlamaForCausalLM,fine-tunedondomain-specificdatasets,False,False,merge
Artples/L-MChat-7b,Artples/L-MChat-7b (Merge),Artples,1,False,2024-04,7.242,MistralForCausalLM,basemergesandmoerges,False,False,merge
Artples/L-MChat-Small,Artples/L-MChat-Small (Merge),Artples,1,False,2024-04,2.78,PhiForCausalLM,basemergesandmoerges,False,False,merge
Aryanne/QwentileSwap,Aryanne/QwentileSwap (Merge),Aryanne,1,False,2025-01,32.764,Qwen2ForCausalLM,basemergesandmoerges,False,False,merge
Aryanne/SHBA,Aryanne/SHBA (Merge),Aryanne,1,False,2025-01,8.03,LlamaForCausalLM,basemergesandmoerges,False,False,merge
Aryanne/SuperHeart,Aryanne/SuperHeart (Merge),Aryanne,1,False,2024-09,8.03,LlamaForCausalLM,basemergesandmoerges,False,False,merge
AtAndDev/Qwen2.5-1.5B-continuous-learnt,AtAndDev/Qwen2.5-1.5B-continuous-learnt,AtAndDev,0,True,,1.544,Qwen2ForCausalLM,fine-tunedondomain-specificdatasets,False,False,base_removed
Ateron/Glowing-Forest-12B,Ateron/Glowing-Forest-12B,Ateron,0,True,,12.248,MistralForCausalLM,basemergesandmoerges,False,False,merge
Ateron/Lotus-Magpic,Ateron/Lotus-Magpic (Merge),Ateron,1,False,2025-02,12.248,MistralForCausalLM,basemergesandmoerges,False,False,merge
Ateron/Way_of_MagPicaro,Ateron/Way_of_MagPicaro (Merge),Ateron,1,False,2025-02,12.248,MistralForCausalLM,basemergesandmoerges,False,False,merge
AuraIndustries/Aura-4B,AuraIndustries/Aura-4B (Merge),AuraIndustries,1,False,2024-12,4.513,LlamaForCausalLM,chatmodels,False,False,merge
AuraIndustries/Aura-8B,AuraIndustries/Aura-8B (Merge),AuraIndustries,1,False,2024-12,8.03,LlamaForCausalLM,chatmodels,False,False,merge
AuraIndustries/Aura-MoE-2x4B,AuraIndustries/Aura-MoE-2x4B,AuraIndustries,0,True,,7.231,MixtralForCausalLM,chatmodels,True,False,base_removed
AuraIndustries/Aura-MoE-2x4B-v2,AuraIndustries/Aura-MoE-2x4B-v2,AuraIndustries,0,True,,7.231,MixtralForCausalLM,chatmodels,True,False,base_removed
Aurel9/testmerge-7b,Aurel9/testmerge-7b (Merge),Aurel9,1,False,2024-11,7.242,MistralForCausalLM,basemergesandmoerges,False,False,merge
Ayush-Singh/Llama1B-sft-2,Ayush-Singh/Llama1B-sft-2,Ayush-Singh,0,False,2025-01,1.236,LlamaForCausalLM,fine-tunedondomain-specificdatasets,False,True,
Azure99/Blossom-V6-14B,Azure99/Blossom-V6-14B (Merge),Azure99,1,False,2025-01,14.77,Qwen2ForCausalLM,chatmodels,False,False,merge
Azure99/Blossom-V6-7B,Azure99/Blossom-V6-7B (Merge),Azure99,1,False,2025-01,7.616,Qwen2ForCausalLM,chatmodels,False,False,merge
Azure99/blossom-v5-32b,Azure99/blossom-v5-32b,Azure99,0,False,2024-04,32.512,Qwen2ForCausalLM,chatmodels,False,True,
Azure99/blossom-v5-llama3-8b,Azure99/blossom-v5-llama3-8b,Azure99,0,False,2024-04,8.03,LlamaForCausalLM,chatmodels,False,True,
Azure99/blossom-v5.1-34b,Azure99/blossom-v5.1-34b,Azure99,0,False,2024-05,34.389,LlamaForCausalLM,chatmodels,False,True,
Azure99/blossom-v5.1-9b,Azure99/blossom-v5.1-9b,Azure99,0,False,2024-05,8.829,LlamaForCausalLM,chatmodels,False,True,
BAAI/Gemma2-9B-IT-Simpo-Infinity-Preference,google/gemma-2-9b,google,1,True,2024-08,9.242,Gemma2ForCausalLM,fine-tunedondomain-specificdatasets,False,True,
BAAI/Infinity-Instruct-3M-0613-Llama3-70B,BAAI/Infinity-Instruct-3M-0613-Llama3-70B,BAAI,0,False,2024-06,70.554,LlamaForCausalLM,fine-tunedondomain-specificdatasets,False,True,
BAAI/Infinity-Instruct-3M-0613-Mistral-7B,BAAI/Infinity-Instruct-3M-0613-Mistral-7B,BAAI,0,False,2024-06,7.242,MistralForCausalLM,fine-tunedondomain-specificdatasets,False,True,
BAAI/Infinity-Instruct-3M-0625-Llama3-70B,BAAI/Infinity-Instruct-3M-0625-Llama3-70B,BAAI,0,False,2024-07,70.554,LlamaForCausalLM,fine-tunedondomain-specificdatasets,False,True,
BAAI/Infinity-Instruct-3M-0625-Llama3-8B,BAAI/Infinity-Instruct-3M-0625-Llama3-8B,BAAI,0,False,2024-07,8.03,LlamaForCausalLM,chatmodels,False,True,
BAAI/Infinity-Instruct-3M-0625-Mistral-7B,BAAI/Infinity-Instruct-3M-0625-Mistral-7B,BAAI,0,False,2024-07,7.242,MistralForCausalLM,fine-tunedondomain-specificdatasets,False,True,
BAAI/Infinity-Instruct-3M-0625-Qwen2-7B,BAAI/Infinity-Instruct-3M-0625-Qwen2-7B,BAAI,0,False,2024-07,7.616,Qwen2ForCausalLM,fine-tunedondomain-specificdatasets,False,True,
BAAI/Infinity-Instruct-3M-0625-Yi-1.5-9B,BAAI/Infinity-Instruct-3M-0625-Yi-1.5-9B,BAAI,0,False,2024-07,8.829,LlamaForCausalLM,fine-tunedondomain-specificdatasets,False,True,
BAAI/Infinity-Instruct-7M-0729-Llama3_1-8B,BAAI/Infinity-Instruct-7M-0729-Llama3_1-8B,BAAI,0,False,2024-08,8.03,LlamaForCausalLM,fine-tunedondomain-specificdatasets,False,True,
BAAI/Infinity-Instruct-7M-0729-mistral-7B,BAAI/Infinity-Instruct-7M-0729-mistral-7B,BAAI,0,False,2024-07,7.242,MistralForCausalLM,fine-tunedondomain-specificdatasets,False,True,
BAAI/Infinity-Instruct-7M-Gen-Llama3_1-70B,BAAI/Infinity-Instruct-7M-Gen-Llama3_1-70B,BAAI,0,False,2024-07,70.554,LlamaForCausalLM,fine-tunedondomain-specificdatasets,False,True,
BAAI/Infinity-Instruct-7M-Gen-Llama3_1-8B,BAAI/Infinity-Instruct-7M-Gen-Llama3_1-8B,BAAI,0,False,2024-08,8.03,LlamaForCausalLM,fine-tunedondomain-specificdatasets,False,True,
BAAI/Infinity-Instruct-7M-Gen-mistral-7B,BAAI/Infinity-Instruct-7M-Gen-mistral-7B,BAAI,0,False,2024-07,7.242,MistralForCausalLM,fine-tunedondomain-specificdatasets,False,True,
BAAI/OPI-Llama-3.1-8B-Instruct,meta-llama/Meta-Llama-3.1-8B,meta-llama,1,False,2024-09,8.03,LlamaForCausalLM,fine-tunedondomain-specificdatasets,False,True,
BEE-spoke-data/Meta-Llama-3-8Bee,meta-llama/Meta-Llama-3-8B,meta-llama,1,True,2024-04,8.03,LlamaForCausalLM,fine-tunedondomain-specificdatasets,False,True,
BEE-spoke-data/smol_llama-101M-GQA,BEE-spoke-data/smol_llama-101M-GQA,BEE-spoke-data,0,True,2023-10,0.101,LlamaForCausalLM,pretrained,False,True,
BEE-spoke-data/smol_llama-220M-GQA,BEE-spoke-data/smol_llama-220M-GQA,BEE-spoke-data,0,True,2023-12,0.218,LlamaForCausalLM,pretrained,False,True,
BEE-spoke-data/smol_llama-220M-GQA-fineweb_edu,BEE-spoke-data/smol_llama-220M-GQA,BEE-spoke-data,1,True,2024-06,0.218,LlamaForCausalLM,continuouslypretrained,False,True,
BEE-spoke-data/smol_llama-220M-openhermes,BEE-spoke-data/smol_llama-220M-GQA,BEE-spoke-data,1,True,2023-12,0.218,LlamaForCausalLM,chatmodels,False,True,
BEE-spoke-data/tFINE-900m-e16-d32-flan,pszemraj/tFINE-900m-e16-d32-1024ctx,pszemraj,1,False,2024-09,0.887,T5ForConditionalGeneration,fine-tunedondomain-specificdatasets,False,True,
BEE-spoke-data/tFINE-900m-e16-d32-flan-infinity-instruct-7m-T2T_en-1024,pszemraj/tFINE-900m-e16-d32-1024ctx,pszemraj,1,False,2024-09,0.887,T5ForConditionalGeneration,fine-tunedondomain-specificdatasets,False,True,
BEE-spoke-data/tFINE-900m-e16-d32-instruct_2e,pszemraj/tFINE-900m-e16-d32-1024ctx,pszemraj,1,False,2024-09,0.887,T5ForConditionalGeneration,fine-tunedondomain-specificdatasets,False,True,
BEE-spoke-data/tFINE-900m-instruct-orpo,BEE-spoke-data/tFINE-900m-instruct-orpo,BEE-spoke-data,0,False,2024-09,0.887,T5ForConditionalGeneration,chatmodels,False,True,
BSC-LT/salamandra-7b,BSC-LT/salamandra-7b,BSC-LT,0,True,2024-09,7.768,LlamaForCausalLM,pretrained,False,True,
BSC-LT/salamandra-7b-instruct,BSC-LT/salamandra-7b-instruct (Merge),BSC-LT,1,False,2024-09,7.768,LlamaForCausalLM,pretrained,False,False,merge
Ba2han/Llama-Phi-3_DoRA,Ba2han/Llama-Phi-3_DoRA,Ba2han,0,False,2024-05,3.821,MistralForCausalLM,fine-tunedondomain-specificdatasets,False,True,
Baptiste-HUVELLE-10/LeTriomphant2.2_ECE_iLAB,Baptiste-HUVELLE-10/LeTriomphant2.2_ECE_iLAB,Baptiste-HUVELLE-10,0,False,2025-01,72.706,Qwen2ForCausalLM,basemergesandmoerges,False,False,merge
BenevolenceMessiah/Qwen2.5-72B-2x-Instruct-TIES-v1.0,BenevolenceMessiah/Qwen2.5-72B-2x-Instruct-TIES-v1.0 (Merge),BenevolenceMessiah,1,False,2024-11,72.7,Qwen2ForCausalLM,basemergesandmoerges,False,False,merge
BenevolenceMessiah/Yi-Coder-9B-Chat-Instruct-TIES-MoE-v1.0,BenevolenceMessiah/Yi-Coder-9B-Chat-Instruct-TIES-MoE-v1.0 (Merge),BenevolenceMessiah,1,False,2024-09,28.309,MixtralForCausalLM,basemergesandmoerges,True,False,merge
BlackBeenie/Bloslain-8B-v0.2,BlackBeenie/Bloslain-8B-v0.2 (Merge),BlackBeenie,1,False,2024-11,8.03,LlamaForCausalLM,basemergesandmoerges,False,False,merge
BlackBeenie/Llama-3.1-8B-OpenO1-SFT-v0.1,BlackBeenie/Llama-3.1-8B-OpenO1-SFT-v0.1 (Merge),BlackBeenie,1,False,2024-12,8.03,LlamaForCausalLM,fine-tunedondomain-specificdatasets,False,False,merge
BlackBeenie/Llama-3.1-8B-pythonic-passthrough-merge,BlackBeenie/Llama-3.1-8B-pythonic-passthrough-merge (Merge),BlackBeenie,1,False,2024-11,20.245,LlamaForCausalLM,basemergesandmoerges,False,False,merge
BlackBeenie/Neos-Gemma-2-9b,BlackBeenie/Neos-Gemma-2-9b (Merge),BlackBeenie,1,False,2024-11,9.242,Gemma2ForCausalLM,chatmodels,False,False,merge
BlackBeenie/Neos-Llama-3.1-8B,BlackBeenie/Neos-Llama-3.1-8B (Merge),BlackBeenie,1,False,2024-11,8.03,LlamaForCausalLM,chatmodels,False,False,merge
BlackBeenie/Neos-Llama-3.1-base,BlackBeenie/Neos-Llama-3.1-base,BlackBeenie,0,False,2024-11,4.65,LlamaForCausalLM,chatmodels,False,True,
BlackBeenie/Neos-Phi-3-14B-v0.1,BlackBeenie/Neos-Phi-3-14B-v0.1 (Merge),BlackBeenie,1,False,2024-11,13.96,Phi3ForCausalLM,chatmodels,False,False,merge
BlackBeenie/llama-3-luminous-merged,BlackBeenie/llama-3-luminous-merged (Merge),BlackBeenie,1,False,2024-09,8.03,LlamaForCausalLM,basemergesandmoerges,False,False,merge
BlackBeenie/llama-3.1-8B-Galore-openassistant-guanaco,BlackBeenie/llama-3.1-8B-Galore-openassistant-guanaco,BlackBeenie,0,False,2024-10,8.03,LlamaForCausalLM,fine-tunedondomain-specificdatasets,False,True,
Bllossom/llama-3.2-Korean-Bllossom-AICA-5B,Bllossom/llama-3.2-Korean-Bllossom-AICA-5B,Bllossom,0,False,2024-12,5.199,MllamaForConditionalGeneration,fine-tunedondomain-specificdatasets,False,True,
BoltMonkey/DreadMix,BoltMonkey/DreadMix (Merge),BoltMonkey,1,False,2024-10,8.03,LlamaForCausalLM,basemergesandmoerges,False,False,merge
BoltMonkey/NeuralDaredevil-SuperNova-Lite-7B-DARETIES-abliterated,BoltMonkey/NeuralDaredevil-SuperNova-Lite-7B-DARETIES-abliterated (Merge),BoltMonkey,1,False,2024-10,8.03,LlamaForCausalLM,basemergesandmoerges,False,False,merge
BoltMonkey/SuperNeuralDreadDevil-8b,BoltMonkey/SuperNeuralDreadDevil-8b (Merge),BoltMonkey,1,False,2024-10,8.03,LlamaForCausalLM,basemergesandmoerges,False,False,merge
BrainWave-ML/llama3.2-3B-maths-orpo,meta-llama/Llama-3.2-3B-Instruct,meta-llama,1,False,2024-10,3.0,LlamaForCausalLM,fine-tunedondomain-specificdatasets,False,True,
BramVanroy/GEITje-7B-ultra,mistralai/Mistral-7B-v0.1,mistralai,1,True,2024-01,7.242,MistralForCausalLM,chatmodels,False,True,
BramVanroy/fietje-2,microsoft/phi-2,microsoft,1,True,2024-04,2.78,PhiForCausalLM,continuouslypretrained,False,True,
BramVanroy/fietje-2-chat,microsoft/phi-2,microsoft,1,True,2024-04,2.775,PhiForCausalLM,chatmodels,False,True,
BramVanroy/fietje-2-instruct,microsoft/phi-2,microsoft,1,True,2024-04,2.775,PhiForCausalLM,chatmodels,False,True,
CYFRAGOVPL/Llama-PLLuM-8B-base,CYFRAGOVPL/Llama-PLLuM-8B-base,CYFRAGOVPL,0,True,2025-02,8.03,LlamaForCausalLM,continuouslypretrained,False,True,
CYFRAGOVPL/Llama-PLLuM-8B-chat,CYFRAGOVPL/Llama-PLLuM-8B-chat,CYFRAGOVPL,0,False,2025-02,8.03,LlamaForCausalLM,chatmodels,False,True,
CYFRAGOVPL/PLLuM-12B-base,CYFRAGOVPL/PLLuM-12B-base,CYFRAGOVPL,0,True,2025-02,12.248,MistralForCausalLM,continuouslypretrained,False,True,
CYFRAGOVPL/PLLuM-12B-chat,CYFRAGOVPL/PLLuM-12B-chat,CYFRAGOVPL,0,False,2025-02,12.248,MistralForCausalLM,chatmodels,False,True,
CYFRAGOVPL/PLLuM-12B-nc-base,CYFRAGOVPL/PLLuM-12B-nc-base,CYFRAGOVPL,0,True,2025-02,12.248,MistralForCausalLM,continuouslypretrained,False,True,
CYFRAGOVPL/PLLuM-12B-nc-chat,CYFRAGOVPL/PLLuM-12B-nc-chat,CYFRAGOVPL,0,False,2025-02,12.248,MistralForCausalLM,chatmodels,False,True,
CarrotAI/Llama-3.2-Rabbit-Ko-3B-Instruct,CarrotAI/Llama-3.2-Rabbit-Ko-3B-Instruct (Merge),CarrotAI,1,False,2024-09,3.213,LlamaForCausalLM,chatmodels,False,False,merge
CarrotAI/Llama-3.2-Rabbit-Ko-3B-Instruct-2412,CarrotAI/Llama-3.2-Rabbit-Ko-3B-Instruct-2412 (Merge),CarrotAI,1,False,2024-12,3.213,LlamaForCausalLM,chatmodels,False,False,merge
Casual-Autopsy/L3-Umbral-Mind-RP-v2.0-8B,Casual-Autopsy/L3-Umbral-Mind-RP-v2.0-8B (Merge),Casual-Autopsy,1,False,2024-06,8.03,LlamaForCausalLM,basemergesandmoerges,False,False,merge
CausalLM/14B,CausalLM/14B,CausalLM,0,False,2023-10,14.0,LlamaForCausalLM,fine-tunedondomain-specificdatasets,False,True,
CausalLM/34b-beta,CausalLM/34b-beta,CausalLM,0,False,2024-02,34.389,LlamaForCausalLM,fine-tunedondomain-specificdatasets,False,True,
CausalLM/preview-1-hf,CausalLM/preview-1-hf,CausalLM,0,True,,9.543,GlmForCausalLM,fine-tunedondomain-specificdatasets,False,False,base_removed
Changgil/K2S3-14b-v0.2,Changgil/K2S3-14b-v0.2,Changgil,0,False,2024-06,14.352,MistralForCausalLM,fine-tunedondomain-specificdatasets,False,True,
Changgil/K2S3-v0.1,Changgil/K2S3-v0.1,Changgil,0,False,2024-04,14.352,MistralForCausalLM,fine-tunedondomain-specificdatasets,False,True,
ClaudioItaly/Albacus,ClaudioItaly/Albacus (Merge),ClaudioItaly,1,False,2024-09,8.987,MistralForCausalLM,basemergesandmoerges,False,False,merge
ClaudioItaly/Book-Gut12B,ClaudioItaly/Book-Gut12B (Merge),ClaudioItaly,1,False,2024-09,12.248,MistralForCausalLM,basemergesandmoerges,False,False,merge
ClaudioItaly/Evolutionstory-7B-v2.2,ClaudioItaly/Evolutionstory-7B-v2.2 (Merge),ClaudioItaly,1,False,2024-08,7.242,MistralForCausalLM,basemergesandmoerges,False,False,merge
ClaudioItaly/intelligence-cod-rag-7b-v3,ClaudioItaly/intelligence-cod-rag-7b-v3 (Merge),ClaudioItaly,1,False,2024-11,7.616,Qwen2ForCausalLM,fine-tunedondomain-specificdatasets,False,False,merge
CohereForAI/aya-23-35B,CohereForAI/aya-23-35B,CohereForAI,0,False,2024-05,34.981,CohereForCausalLM,chatmodels,False,True,
CohereForAI/aya-23-8B,CohereForAI/aya-23-8B,CohereForAI,0,False,2024-05,8.028,CohereForCausalLM,chatmodels,False,True,
CohereForAI/aya-expanse-32b,CohereForAI/aya-expanse-32b,CohereForAI,0,False,2024-10,32.296,CohereForCausalLM,chatmodels,False,True,
CohereForAI/aya-expanse-8b,CohereForAI/aya-expanse-8b,CohereForAI,0,False,2024-10,8.028,CohereForCausalLM,chatmodels,False,True,
CohereForAI/c4ai-command-r-plus,CohereForAI/c4ai-command-r-plus,CohereForAI,0,False,2024-04,103.811,CohereForCausalLM,chatmodels,False,True,
CohereForAI/c4ai-command-r-plus-08-2024,CohereForAI/c4ai-command-r-plus-08-2024,CohereForAI,0,False,2024-08,103.811,CohereForCausalLM,chatmodels,False,True,
CohereForAI/c4ai-command-r-v01,CohereForAI/c4ai-command-r-v01,CohereForAI,0,False,2024-03,34.981,CohereForCausalLM,chatmodels,False,True,
CohereForAI/c4ai-command-r7b-12-2024,CohereForAI/c4ai-command-r7b-12-2024,CohereForAI,0,False,2024-12,8.028,Cohere2ForCausalLM,chatmodels,False,True,
Columbia-NLP/LION-Gemma-2b-dpo-v1.0,Columbia-NLP/LION-Gemma-2b-dpo-v1.0,Columbia-NLP,0,False,2024-06,2.506,GemmaForCausalLM,chatmodels,False,True,
Columbia-NLP/LION-Gemma-2b-odpo-v1.0,Columbia-NLP/LION-Gemma-2b-odpo-v1.0,Columbia-NLP,0,False,2024-06,2.506,GemmaForCausalLM,chatmodels,False,True,
Columbia-NLP/LION-Gemma-2b-sft-v1.0,Columbia-NLP/LION-Gemma-2b-sft-v1.0,Columbia-NLP,0,False,2024-07,2.506,GemmaForCausalLM,chatmodels,False,True,
Columbia-NLP/LION-LLaMA-3-8b-dpo-v1.0,Columbia-NLP/LION-LLaMA-3-8b-dpo-v1.0,Columbia-NLP,0,False,2024-06,8.03,LlamaForCausalLM,chatmodels,False,True,
Columbia-NLP/LION-LLaMA-3-8b-odpo-v1.0,Columbia-NLP/LION-LLaMA-3-8b-odpo-v1.0,Columbia-NLP,0,False,2024-06,8.03,LlamaForCausalLM,chatmodels,False,True,
Columbia-NLP/LION-LLaMA-3-8b-sft-v1.0,Columbia-NLP/LION-LLaMA-3-8b-sft-v1.0,Columbia-NLP,0,False,2024-07,8.03,LlamaForCausalLM,chatmodels,False,True,
CombinHorizon/Josiefied-abliteratedV4-Qwen2.5-14B-Inst-BaseMerge-TIES,CombinHorizon/Josiefied-abliteratedV4-Qwen2.5-14B-Inst-BaseMerge-TIES (Merge),CombinHorizon,1,False,2024-12,14.77,Qwen2ForCausalLM,basemergesandmoerges,False,False,merge
CombinHorizon/Rombos-Qwen2.5-7B-Inst-BaseMerge-TIES,CombinHorizon/Rombos-Qwen2.5-7B-Inst-BaseMerge-TIES (Merge),CombinHorizon,1,False,2024-10,7.616,Qwen2ForCausalLM,basemergesandmoerges,False,False,merge
CombinHorizon/YiSM-blossom5.1-34B-SLERP,CombinHorizon/YiSM-blossom5.1-34B-SLERP (Merge),CombinHorizon,1,False,2024-08,34.389,LlamaForCausalLM,basemergesandmoerges,False,False,merge
CombinHorizon/huihui-ai-abliterated-Qwen2.5-32B-Inst-BaseMerge-TIES,CombinHorizon/huihui-ai-abliterated-Qwen2.5-32B-Inst-BaseMerge-TIES (Merge),CombinHorizon,1,False,2024-12,32.764,Qwen2ForCausalLM,basemergesandmoerges,False,False,merge
CombinHorizon/huihui-ai-abliteratedV2-Qwen2.5-14B-Inst-BaseMerge-TIES,CombinHorizon/huihui-ai-abliteratedV2-Qwen2.5-14B-Inst-BaseMerge-TIES (Merge),CombinHorizon,1,False,2024-12,14.77,Qwen2ForCausalLM,basemergesandmoerges,False,False,merge
CombinHorizon/zetasepic-abliteratedV2-Qwen2.5-32B-Inst-BaseMerge-TIES,CombinHorizon/zetasepic-abliteratedV2-Qwen2.5-32B-Inst-BaseMerge-TIES (Merge),CombinHorizon,1,False,2024-12,32.764,Qwen2ForCausalLM,basemergesandmoerges,False,False,merge
ContactDoctor/Bio-Medical-3B-CoT-012025,Qwen/Qwen2.5-3B,Qwen,1,True,2025-01,3.085,Qwen2ForCausalLM,fine-tunedondomain-specificdatasets,False,True,
ContactDoctor/Bio-Medical-Llama-3-8B,meta-llama/Meta-Llama-3-8B-Instruct,meta-llama,1,False,2024-08,4.015,LlamaForCausalLM,fine-tunedondomain-specificdatasets,False,True,
CoolSpring/Qwen2-0.5B-Abyme,Qwen/Qwen2-0.5B,Qwen,1,True,2024-07,0.494,Qwen2ForCausalLM,chatmodels,False,True,
CoolSpring/Qwen2-0.5B-Abyme-merge2,CoolSpring/Qwen2-0.5B-Abyme-merge2 (Merge),CoolSpring,1,False,2024-07,0.63,Qwen2ForCausalLM,basemergesandmoerges,False,False,merge
CoolSpring/Qwen2-0.5B-Abyme-merge3,CoolSpring/Qwen2-0.5B-Abyme-merge3 (Merge),CoolSpring,1,False,2024-07,0.63,Qwen2ForCausalLM,basemergesandmoerges,False,False,merge
Corianas/Neural-Mistral-7B,Corianas/Neural-Mistral-7B,Corianas,0,False,2024-03,7.242,MistralForCausalLM,chatmodels,False,True,
Corianas/Quokka_2.7b,Corianas/Quokka_2.7b,Corianas,0,False,2023-03,2.786,GPT2LMHeadModel,fine-tunedondomain-specificdatasets,False,True,
Corianas/llama-3-reactor,Corianas/llama-3-reactor,Corianas,0,False,2024-07,-1.0,LlamaForCausalLM,fine-tunedondomain-specificdatasets,False,True,
CortexLM/btlm-7b-base-v0.2,CortexLM/btlm-7b-base-v0.2,CortexLM,0,True,2024-06,6.885,LlamaForCausalLM,pretrained,False,True,
Cran-May/SCE-2-24B,Cran-May/SCE-2-24B (Merge),Cran-May,1,False,2025-02,23.572,MistralForCausalLM,chatmodels,False,False,merge
Cran-May/SCE-3-24B,Cran-May/SCE-3-24B (Merge),Cran-May,1,False,2025-02,23.572,MistralForCausalLM,chatmodels,False,False,merge
Cran-May/T.E-8.1,Cran-May/T.E-8.1 (Merge),Cran-May,1,False,2024-09,7.616,Qwen2ForCausalLM,chatmodels,False,False,merge
Cran-May/merge_model_20250308_2,Cran-May/merge_model_20250308_2 (Merge),Cran-May,1,False,2025-03,14.766,Qwen2ForCausalLM,basemergesandmoerges,False,False,merge
Cran-May/merge_model_20250308_3,Cran-May/merge_model_20250308_3 (Merge),Cran-May,1,False,2025-03,14.766,Qwen2ForCausalLM,basemergesandmoerges,False,False,merge
Cran-May/merge_model_20250308_4,Cran-May/merge_model_20250308_4 (Merge),Cran-May,1,False,2025-03,14.766,Qwen2ForCausalLM,basemergesandmoerges,False,False,merge
Cran-May/tempmotacilla-cinerea-0308,Cran-May/tempmotacilla-cinerea-0308 (Merge),Cran-May,1,False,2025-03,14.766,Qwen2ForCausalLM,chatmodels,False,False,merge
CreitinGameplays/Llama-3.1-8B-R1-v0.1,CreitinGameplays/Llama-3.1-8B-R1-v0.1 (Merge),CreitinGameplays,1,False,2025-02,8.03,LlamaForCausalLM,fine-tunedondomain-specificdatasets,False,False,merge
CultriX/Qwen2.5-14B-Broca,CultriX/Qwen2.5-14B-Broca,CultriX,0,True,,14.766,Qwen2ForCausalLM,basemergesandmoerges,False,False,merge
CultriX/Qwen2.5-14B-BrocaV9,CultriX/Qwen2.5-14B-BrocaV9 (Merge),CultriX,1,False,2025-01,14.766,Qwen2ForCausalLM,basemergesandmoerges,False,False,merge
CultriX/Qwen2.5-14B-Brocav3,CultriX/Qwen2.5-14B-Brocav3 (Merge),CultriX,1,False,2024-12,14.766,Qwen2ForCausalLM,basemergesandmoerges,False,False,merge
CultriX/Qwen2.5-14B-Brocav6,CultriX/Qwen2.5-14B-Brocav6 (Merge),CultriX,1,False,2024-12,14.766,Qwen2ForCausalLM,basemergesandmoerges,False,False,merge
CultriX/Qwen2.5-14B-Brocav7,CultriX/Qwen2.5-14B-Brocav7,CultriX,0,True,,14.766,Qwen2ForCausalLM,fine-tunedondomain-specificdatasets,False,False,base_removed
CultriX/Qwen2.5-14B-Emerged,CultriX/Qwen2.5-14B-Emerged,CultriX,0,True,,14.766,Qwen2ForCausalLM,basemergesandmoerges,False,False,merge
CultriX/Qwen2.5-14B-Emergedv3,CultriX/Qwen2.5-14B-Emergedv3,CultriX,0,True,,14.766,Qwen2ForCausalLM,basemergesandmoerges,False,False,merge
CultriX/Qwen2.5-14B-FinalMerge,CultriX/Qwen2.5-14B-FinalMerge,CultriX,0,True,,14.766,Qwen2ForCausalLM,basemergesandmoerges,False,False,merge
CultriX/Qwen2.5-14B-Hyper,CultriX/Qwen2.5-14B-Hyper,CultriX,0,True,,14.766,Qwen2ForCausalLM,basemergesandmoerges,False,False,merge
CultriX/Qwen2.5-14B-HyperMarck-dl,CultriX/Qwen2.5-14B-HyperMarck-dl (Merge),CultriX,1,False,2025-02,14.766,Qwen2ForCausalLM,basemergesandmoerges,False,False,merge
CultriX/Qwen2.5-14B-Hyperionv3,CultriX/Qwen2.5-14B-Hyperionv3 (Merge),CultriX,1,False,2025-01,14.766,Qwen2ForCausalLM,basemergesandmoerges,False,False,merge
CultriX/Qwen2.5-14B-Hyperionv4,CultriX/Qwen2.5-14B-Hyperionv4 (Merge),CultriX,1,False,2025-01,14.766,Qwen2ForCausalLM,basemergesandmoerges,False,False,merge
CultriX/Qwen2.5-14B-Hyperionv5,CultriX/Qwen2.5-14B-Hyperionv5 (Merge),CultriX,1,False,2025-01,14.766,Qwen2ForCausalLM,basemergesandmoerges,False,False,merge
CultriX/Qwen2.5-14B-MegaMerge-pt2,CultriX/Qwen2.5-14B-MegaMerge-pt2,CultriX,0,True,,14.766,Qwen2ForCausalLM,basemergesandmoerges,False,False,merge
CultriX/Qwen2.5-14B-MergeStock,CultriX/Qwen2.5-14B-MergeStock,CultriX,0,True,,14.766,Qwen2ForCausalLM,basemergesandmoerges,False,False,merge
CultriX/Qwen2.5-14B-ReasoningMerge,CultriX/Qwen2.5-14B-ReasoningMerge (Merge),CultriX,1,False,2025-02,14.766,Qwen2ForCausalLM,basemergesandmoerges,False,False,merge
CultriX/Qwen2.5-14B-Ultimav2,CultriX/Qwen2.5-14B-Ultimav2 (Merge),CultriX,1,False,2025-02,14.766,Qwen2ForCausalLM,basemergesandmoerges,False,False,merge
CultriX/Qwen2.5-14B-Unity,CultriX/Qwen2.5-14B-Unity (Merge),CultriX,1,False,2024-12,14.766,Qwen2ForCausalLM,basemergesandmoerges,False,False,merge
CultriX/Qwen2.5-14B-Wernicke,CultriX/Qwen2.5-14B-Wernicke (Merge),CultriX,1,False,2024-10,14.77,Qwen2ForCausalLM,basemergesandmoerges,False,False,merge
CultriX/Qwen2.5-14B-Wernicke-SFT,CultriX/Qwen2.5-14B-Wernicke-SFT (Merge),CultriX,1,False,2024-11,14.77,Qwen2ForCausalLM,fine-tunedondomain-specificdatasets,False,False,merge
CultriX/Qwen2.5-14B-Wernicke-SLERP,CultriX/Qwen2.5-14B-Wernicke-SLERP,CultriX,0,True,,14.491,Qwen2ForCausalLM,basemergesandmoerges,False,False,merge
CultriX/Qwen2.5-14B-Wernickev3,CultriX/Qwen2.5-14B-Wernickev3 (Merge),CultriX,1,False,2024-12,14.766,Qwen2ForCausalLM,basemergesandmoerges,False,False,merge
CultriX/Qwen2.5-14B-partialmergept1,CultriX/Qwen2.5-14B-partialmergept1,CultriX,0,True,,14.766,Qwen2ForCausalLM,basemergesandmoerges,False,False,merge
CultriX/Qwenfinity-2.5-14B,CultriX/Qwenfinity-2.5-14B,CultriX,0,True,,14.766,Qwen2ForCausalLM,basemergesandmoerges,False,False,merge
CultriX/Qwestion-14B,CultriX/Qwestion-14B,CultriX,0,True,,14.766,Qwen2ForCausalLM,basemergesandmoerges,False,False,merge
CultriX/SeQwence-14B,CultriX/SeQwence-14B,CultriX,0,False,2024-11,14.766,Qwen2ForCausalLM,fine-tunedondomain-specificdatasets,False,True,
CultriX/SeQwence-14B-EvolMerge,CultriX/SeQwence-14B-EvolMerge (Merge),CultriX,1,False,2024-11,14.766,Qwen2ForCausalLM,basemergesandmoerges,False,False,merge
CultriX/SeQwence-14B-EvolMergev1,CultriX/SeQwence-14B-EvolMergev1 (Merge),CultriX,1,False,2024-11,14.766,Qwen2ForCausalLM,basemergesandmoerges,False,False,merge
CultriX/SeQwence-14B-v5,CultriX/SeQwence-14B-v5,CultriX,0,True,,14.766,Qwen2ForCausalLM,basemergesandmoerges,False,False,merge
CultriX/SeQwence-14Bv1,CultriX/SeQwence-14Bv1 (Merge),CultriX,1,False,2024-11,14.766,Qwen2ForCausalLM,basemergesandmoerges,False,False,merge
CultriX/SeQwence-14Bv2,CultriX/SeQwence-14Bv2,CultriX,0,True,,14.766,Qwen2ForCausalLM,basemergesandmoerges,False,False,merge
CultriX/SeQwence-14Bv3,CultriX/SeQwence-14Bv3 (Merge),CultriX,1,False,2024-11,14.766,Qwen2ForCausalLM,basemergesandmoerges,False,False,merge
DRXD1000/Atlas-7B,DRXD1000/Atlas-7B,DRXD1000,0,False,2024-12,7.768,LlamaForCausalLM,fine-tunedondomain-specificdatasets,False,True,
DRXD1000/Phoenix-7B,DRXD1000/Phoenix-7B,DRXD1000,0,False,2024-01,7.242,MistralForCausalLM,fine-tunedondomain-specificdatasets,False,True,
DUAL-GPO/zephyr-7b-ipo-0k-15k-i1,DUAL-GPO/zephyr-7b-ipo-qlora-v0-merged,DUAL-GPO,1,False,2024-09,14.483,?,chatmodels,False,True,
DZgas/GIGABATEMAN-7B,DZgas/GIGABATEMAN-7B (Merge),DZgas,1,False,2024-04,7.242,MistralForCausalLM,basemergesandmoerges,False,False,merge
Daemontatox/AetherDrake-SFT,Daemontatox/AetherDrake-SFT (Merge),Daemontatox,1,False,2024-12,8.03,LlamaForCausalLM,fine-tunedondomain-specificdatasets,False,False,merge
Daemontatox/AetherSett,Qwen/Qwen2.5-7B,Qwen,1,True,2024-12,7.616,Qwen2ForCausalLM,fine-tunedondomain-specificdatasets,False,True,
Daemontatox/AetherTOT,meta-llama/Llama-3.2-11B-Vision-Instruct,meta-llama,1,False,2024-12,10.67,MllamaForConditionalGeneration,fine-tunedondomain-specificdatasets,False,True,
Daemontatox/AetherUncensored,Daemontatox/AetherUncensored,Daemontatox,0,True,,8.03,LlamaForCausalLM,fine-tunedondomain-specificdatasets,False,False,base_removed
Daemontatox/Cogito-MIS,Daemontatox/Cogito-MIS,Daemontatox,0,True,,23.572,MistralForCausalLM,fine-tunedondomain-specificdatasets,False,False,base_removed
Daemontatox/CogitoDistil,Daemontatox/CogitoDistil,Daemontatox,0,True,,7.616,Qwen2ForCausalLM,fine-tunedondomain-specificdatasets,False,False,base_removed
Daemontatox/CogitoZ,Daemontatox/CogitoZ (Merge),Daemontatox,1,False,2025-01,32.764,Qwen2ForCausalLM,fine-tunedondomain-specificdatasets,False,False,merge
Daemontatox/CogitoZ14,Daemontatox/CogitoZ14,Daemontatox,0,True,,14.77,Qwen2ForCausalLM,fine-tunedondomain-specificdatasets,False,False,base_removed
Daemontatox/DocumentCogito,meta-llama/Llama-3.2-11B-Vision-Instruct,meta-llama,1,False,2025-01,10.67,MllamaForConditionalGeneration,multimodal,False,True,
Daemontatox/Llama3.3-70B-CogniLink,Daemontatox/Llama3.3-70B-CogniLink (Merge),Daemontatox,1,False,2025-01,70.554,LlamaForCausalLM,fine-tunedondomain-specificdatasets,False,False,merge
Daemontatox/Llama_cot,Daemontatox/Llama_cot,Daemontatox,0,True,,10.67,MllamaForConditionalGeneration,multimodal,False,False,base_removed
Daemontatox/MawaredT1,arcee-ai/Meraj-Mini (Merge),arcee-ai,1,False,2025-01,7.616,Qwen2ForCausalLM,fine-tunedondomain-specificdatasets,False,False,merge
Daemontatox/Mini_QwQ,Daemontatox/Mini_QwQ,Daemontatox,0,True,,7.616,Qwen2ForCausalLM,fine-tunedondomain-specificdatasets,False,False,base_removed
Daemontatox/NemoR,Daemontatox/NemoR,Daemontatox,0,True,,6.124,MistralForCausalLM,fine-tunedondomain-specificdatasets,False,False,base_removed
Daemontatox/PathFinderAI2.0,Qwen/Qwen2.5-32B,Qwen,1,True,2024-12,32.764,Qwen2ForCausalLM,fine-tunedondomain-specificdatasets,False,True,
Daemontatox/PathFinderAi3.0,Daemontatox/PathFinderAI3.0,Daemontatox,1,False,2024-12,32.764,Qwen2ForCausalLM,fine-tunedondomain-specificdatasets,False,True,
Daemontatox/PathfinderAI,Daemontatox/PathfinderAI (Merge),Daemontatox,1,False,2024-12,32.764,Qwen2ForCausalLM,fine-tunedondomain-specificdatasets,False,False,merge
Daemontatox/Phi-4-COT,Daemontatox/Phi-4-COT,Daemontatox,0,True,,14.66,LlamaForCausalLM,fine-tunedondomain-specificdatasets,False,False,base_removed
Daemontatox/PixelParse_AI,meta-llama/Llama-3.2-11B-Vision-Instruct,meta-llama,1,False,2024-12,10.67,MllamaForConditionalGeneration,multimodal,False,True,
Daemontatox/RA2.0,Daemontatox/RA2.0,Daemontatox,0,True,,7.616,Qwen2ForCausalLM,fine-tunedondomain-specificdatasets,False,False,base_removed
Daemontatox/RA_Reasoner,tiiuae/Falcon3-10B-Base,tiiuae,1,True,2024-12,10.306,LlamaForCausalLM,fine-tunedondomain-specificdatasets,False,True,
Daemontatox/RA_Reasoner2.0,tiiuae/Falcon3-10B-Base,tiiuae,1,True,2024-12,10.306,LlamaForCausalLM,fine-tunedondomain-specificdatasets,False,True,
Daemontatox/ReasonTest,Daemontatox/ReasonTest,Daemontatox,0,True,,3.808,Qwen2ForCausalLM,fine-tunedondomain-specificdatasets,False,False,base_removed
Daemontatox/Research_PathfinderAI,Daemontatox/Research_PathfinderAI,Daemontatox,0,True,,1.777,Qwen2ForCausalLM,fine-tunedondomain-specificdatasets,False,False,base_removed
Daemontatox/SphinX,Daemontatox/SphinX (Merge),Daemontatox,1,False,2024-12,7.616,Qwen2ForCausalLM,fine-tunedondomain-specificdatasets,False,False,merge
Daemontatox/Sphinx2.0,Daemontatox/Sphinx2.0 (Merge),Daemontatox,1,False,2024-12,14.77,Qwen2ForCausalLM,fine-tunedondomain-specificdatasets,False,False,merge
Daemontatox/TinySphinx,Daemontatox/TinySphinx,Daemontatox,0,True,,0.247,Qwen2ForCausalLM,fine-tunedondomain-specificdatasets,False,False,base_removed
Daemontatox/TinySphinx2.0,Daemontatox/TinySphinx2.0,Daemontatox,0,True,,0.247,Qwen2ForCausalLM,fine-tunedondomain-specificdatasets,False,False,base_removed
Daemontatox/Zirel-7B-Math,Qwen/Qwen2.5-7B,Qwen,1,True,2025-02,7.616,Qwen2ForCausalLM,fine-tunedondomain-specificdatasets,False,True,
Daemontatox/Zirel_1.5,Qwen/Qwen2.5-Coder-1.5B-Instruct (Merge),Qwen,1,False,2025-03,1.544,Qwen2ForCausalLM,fine-tunedondomain-specificdatasets,False,False,merge
Daemontatox/mini-Cogito-R1,Daemontatox/mini-Cogito-R1 (Merge),Daemontatox,1,False,2025-02,1.777,Qwen2ForCausalLM,fine-tunedondomain-specificdatasets,False,False,merge
Daemontatox/mini_Pathfinder,Daemontatox/mini_Pathfinder,Daemontatox,0,True,,7.616,Qwen2ForCausalLM,fine-tunedondomain-specificdatasets,False,False,base_removed
Dampfinchen/Llama-3.1-8B-Ultra-Instruct,Dampfinchen/Llama-3.1-8B-Ultra-Instruct (Merge),Dampfinchen,1,False,2024-08,8.03,LlamaForCausalLM,basemergesandmoerges,False,False,merge
Danielbrdz/Barcenas-10b,Danielbrdz/Barcenas-10b (Merge),Danielbrdz,1,False,2025-01,10.306,LlamaForCausalLM,fine-tunedondomain-specificdatasets,False,False,merge
Danielbrdz/Barcenas-14b-Phi-3-medium-ORPO,Danielbrdz/Barcenas-14b-Phi-3-medium-ORPO,Danielbrdz,0,False,2024-06,13.96,MistralForCausalLM,chatmodels,False,True,
Danielbrdz/Barcenas-14b-phi-4,Danielbrdz/Barcenas-14b-phi-4 (Merge),Danielbrdz,1,False,2025-01,14.66,LlamaForCausalLM,fine-tunedondomain-specificdatasets,False,False,merge
Danielbrdz/Barcenas-14b-phi-4-v2,Danielbrdz/Barcenas-14b-phi-4-v2 (Merge),Danielbrdz,1,False,2025-02,14.66,LlamaForCausalLM,fine-tunedondomain-specificdatasets,False,False,merge
Danielbrdz/Barcenas-3b-GRPO,Danielbrdz/Barcenas-3b-GRPO (Merge),Danielbrdz,1,False,2025-02,3.213,LlamaForCausalLM,fine-tunedondomain-specificdatasets,False,False,merge
Danielbrdz/Barcenas-Llama3-8b-ORPO,Danielbrdz/Barcenas-Llama3-8b-ORPO,Danielbrdz,0,False,2024-04,8.03,LlamaForCausalLM,chatmodels,False,True,
Danielbrdz/Barcenas-R1-Qwen-1.5b,Danielbrdz/Barcenas-R1-Qwen-1.5b (Merge),Danielbrdz,1,False,2025-01,1.777,Qwen2ForCausalLM,fine-tunedondomain-specificdatasets,False,False,merge
Dans-DiscountModels/12b-mn-dans-reasoning-test-2,Dans-DiscountModels/12b-mn-dans-reasoning-test-2,Dans-DiscountModels,0,False,2025-03,12.248,MistralForCausalLM,fine-tunedondomain-specificdatasets,False,True,
Dans-DiscountModels/12b-mn-dans-reasoning-test-3,Dans-DiscountModels/12b-mn-dans-reasoning-test-3,Dans-DiscountModels,0,False,2025-03,12.248,MistralForCausalLM,fine-tunedondomain-specificdatasets,False,True,
Dans-DiscountModels/Dans-Instruct-CoreCurriculum-12b-ChatML,mistralai/Mistral-Nemo-Base-2407,mistralai,1,True,2024-09,12.248,MistralForCausalLM,fine-tunedondomain-specificdatasets,False,True,
Dans-DiscountModels/Dans-Instruct-Mix-8b-ChatML,Dans-DiscountModels/Dans-Instruct-Mix-8b-ChatML,Dans-DiscountModels,0,True,,8.03,LlamaForCausalLM,fine-tunedondomain-specificdatasets,False,False,base_removed
Dans-DiscountModels/Dans-Instruct-Mix-8b-ChatML-V0.1.0,Dans-DiscountModels/Dans-Instruct-Mix-8b-ChatML-V0.1.0,Dans-DiscountModels,0,True,,8.03,LlamaForCausalLM,fine-tunedondomain-specificdatasets,False,False,base_removed
Dans-DiscountModels/Dans-Instruct-Mix-8b-ChatML-V0.1.1,Dans-DiscountModels/Dans-Instruct-Mix-8b-ChatML-V0.1.1,Dans-DiscountModels,0,True,,8.03,LlamaForCausalLM,fine-tunedondomain-specificdatasets,False,False,base_removed
Dans-DiscountModels/Dans-Instruct-Mix-8b-ChatML-V0.2.0,Dans-DiscountModels/Dans-Instruct-Mix-8b-ChatML-V0.2.0,Dans-DiscountModels,0,True,,8.03,LlamaForCausalLM,fine-tunedondomain-specificdatasets,False,False,base_removed
Dans-DiscountModels/Mistral-7b-v0.3-Test-E0.7,Dans-DiscountModels/Mistral-7b-v0.3-Test-E0.7,Dans-DiscountModels,0,True,,7.0,MistralForCausalLM,fine-tunedondomain-specificdatasets,False,False,base_removed
Dans-DiscountModels/mistral-7b-test-merged,Dans-DiscountModels/mistral-7b-test-merged (Merge),Dans-DiscountModels,1,False,2024-11,7.0,MistralForCausalLM,fine-tunedondomain-specificdatasets,False,False,merge
Darkknight535/OpenCrystal-12B-L3,Darkknight535/OpenCrystal-12B-L3,Darkknight535,0,False,2024-08,11.52,LlamaForCausalLM,basemergesandmoerges,False,False,merge
DavidAU/DeepHermes-3-Llama-3-8B-Preview-16.5B-Brainstorm,DavidAU/DeepHermes-3-Llama-3-8B-Preview-16.5B-Brainstorm (Merge),DavidAU,1,False,2025-02,16.537,LlamaForCausalLM,fine-tunedondomain-specificdatasets,False,False,merge
DavidAU/DeepSeek-BlackRoot-R1-Distill-Llama-3.1-8B,DavidAU/DeepSeek-BlackRoot-R1-Distill-Llama-3.1-8B (Merge),DavidAU,1,False,2025-02,8.03,LlamaForCausalLM,fine-tunedondomain-specificdatasets,False,False,merge
DavidAU/DeepSeek-Grand-Horror-SMB-R1-Distill-Llama-3.1-16B,DavidAU/DeepSeek-Grand-Horror-SMB-R1-Distill-Llama-3.1-16B (Merge),DavidAU,1,False,2025-02,15.664,LlamaForCausalLM,fine-tunedondomain-specificdatasets,False,False,merge
DavidAU/DeepSeek-MOE-4X8B-R1-Distill-Llama-3.1-Deep-Thinker-Uncensored-24B,DavidAU/DeepSeek-MOE-4X8B-R1-Distill-Llama-3.1-Deep-Thinker-Uncensored-24B (Merge),DavidAU,1,False,2025-02,24.942,MixtralForCausalLM,fine-tunedondomain-specificdatasets,True,False,merge
DavidAU/DeepSeek-MOE-4X8B-R1-Distill-Llama-3.1-Mad-Scientist-24B,DavidAU/DeepSeek-MOE-4X8B-R1-Distill-Llama-3.1-Mad-Scientist-24B (Merge),DavidAU,1,False,2025-02,24.942,MixtralForCausalLM,fine-tunedondomain-specificdatasets,True,False,merge
DavidAU/DeepSeek-R1-Distill-Qwen-25.5B-Brainstorm,DavidAU/DeepSeek-R1-Distill-Qwen-25.5B-Brainstorm (Merge),DavidAU,1,False,2025-02,25.506,Qwen2ForCausalLM,fine-tunedondomain-specificdatasets,False,False,merge
DavidAU/DeepSeek-V2-Grand-Horror-SMB-R1-Distill-Llama-3.1-Uncensored-16.5B,DavidAU/DeepSeek-V2-Grand-Horror-SMB-R1-Distill-Llama-3.1-Uncensored-16.5B (Merge),DavidAU,1,False,2025-02,16.537,LlamaForCausalLM,fine-tunedondomain-specificdatasets,False,False,merge
DavidAU/DeepThought-MOE-8X3B-R1-Llama-3.2-Reasoning-18B,DavidAU/DeepThought-MOE-8X3B-R1-Llama-3.2-Reasoning-18B (Merge),DavidAU,1,False,2025-02,18.405,MixtralForCausalLM,fine-tunedondomain-specificdatasets,True,False,merge
DavidAU/Gemma-The-Writer-9B,DavidAU/Gemma-The-Writer-9B (Merge),DavidAU,1,False,2024-09,10.159,Gemma2ForCausalLM,basemergesandmoerges,False,False,merge
DavidAU/Gemma-The-Writer-DEADLINE-10B,DavidAU/Gemma-The-Writer-DEADLINE-10B (Merge),DavidAU,1,False,2024-10,10.952,Gemma2ForCausalLM,basemergesandmoerges,False,False,merge
DavidAU/Gemma-The-Writer-J.GutenBerg-10B,DavidAU/Gemma-The-Writer-J.GutenBerg-10B (Merge),DavidAU,1,False,2024-10,10.034,Gemma2ForCausalLM,basemergesandmoerges,False,False,merge
DavidAU/Gemma-The-Writer-Mighty-Sword-9B,DavidAU/Gemma-The-Writer-Mighty-Sword-9B (Merge),DavidAU,1,False,2024-12,10.159,Gemma2ForCausalLM,basemergesandmoerges,False,False,merge
DavidAU/Gemma-The-Writer-N-Restless-Quill-10B-Uncensored,DavidAU/Gemma-The-Writer-N-Restless-Quill-10B-Uncensored (Merge),DavidAU,1,False,2024-10,10.034,Gemma2ForCausalLM,basemergesandmoerges,False,False,merge
DavidAU/L3-DARKEST-PLANET-16.5B,DavidAU/L3-DARKEST-PLANET-16.5B (Merge),DavidAU,1,False,2024-10,16.537,LlamaForCausalLM,basemergesandmoerges,False,False,merge
DavidAU/L3-Dark-Planet-8B,DavidAU/L3-Dark-Planet-8B (Merge),DavidAU,1,False,2024-09,8.03,LlamaForCausalLM,fine-tunedondomain-specificdatasets,False,False,merge
DavidAU/L3-Jamet-12.2B-MK.V-Blackroot-Instruct,DavidAU/L3-Jamet-12.2B-MK.V-Blackroot-Instruct (Merge),DavidAU,1,False,2024-08,12.174,LlamaForCausalLM,fine-tunedondomain-specificdatasets,False,False,merge
DavidAU/L3-Lumimaid-12.2B-v0.1-OAS-Instruct,DavidAU/L3-Lumimaid-12.2B-v0.1-OAS-Instruct (Merge),DavidAU,1,False,2024-08,12.174,LlamaForCausalLM,fine-tunedondomain-specificdatasets,False,False,merge
DavidAU/L3-SMB-Instruct-12.2B-F32,DavidAU/L3-SMB-Instruct-12.2B-F32 (Merge),DavidAU,1,False,2024-08,12.174,LlamaForCausalLM,fine-tunedondomain-specificdatasets,False,False,merge
DavidAU/L3-Stheno-Maid-Blackroot-Grand-HORROR-16B,DavidAU/L3-Stheno-Maid-Blackroot-Grand-HORROR-16B (Merge),DavidAU,1,False,2024-08,16.537,LlamaForCausalLM,fine-tunedondomain-specificdatasets,False,False,merge
DavidAU/L3-Stheno-v3.2-12.2B-Instruct,DavidAU/L3-Stheno-v3.2-12.2B-Instruct (Merge),DavidAU,1,False,2024-08,12.174,LlamaForCausalLM,fine-tunedondomain-specificdatasets,False,False,merge
DavidAU/L3.1-Dark-Planet-SpinFire-Uncensored-8B,DavidAU/L3.1-Dark-Planet-SpinFire-Uncensored-8B (Merge),DavidAU,1,False,2024-11,8.03,LlamaForCausalLM,basemergesandmoerges,False,False,merge
DavidAU/L3.1-MOE-2X8B-Deepseek-DeepHermes-e32-uncensored-abliterated-13.7B,DavidAU/L3.1-MOE-2X8B-Deepseek-DeepHermes-e32-uncensored-abliterated-13.7B (Merge),DavidAU,1,False,2025-03,13.668,MixtralForCausalLM,fine-tunedondomain-specificdatasets,True,False,merge
DavidAU/Qwen2.5-MOE-2X1.5B-DeepSeek-Uncensored-Censored-4B,DavidAU/Qwen2.5-MOE-2X1.5B-DeepSeek-Uncensored-Censored-4B (Merge),DavidAU,1,False,2025-03,4.089,Qwen2MoeForCausalLM,fine-tunedondomain-specificdatasets,True,False,merge
DavidAU/Qwen2.5-MOE-2X7B-DeepSeek-Abliterated-Censored-19B,DavidAU/Qwen2.5-MOE-2X7B-DeepSeek-Abliterated-Censored-19B (Merge),DavidAU,1,False,2025-03,19.022,Qwen2MoeForCausalLM,fine-tunedondomain-specificdatasets,True,False,merge
DavidAU/Qwen2.5-MOE-6x1.5B-DeepSeek-Reasoning-e32,DavidAU/Qwen2.5-MOE-6x1.5B-DeepSeek-Reasoning-e32 (Merge),DavidAU,1,False,2025-03,8.714,Qwen2MoeForCausalLM,fine-tunedondomain-specificdatasets,True,False,merge
Davidsv/SUONG-1,Davidsv/SUONG-1 (Merge),Davidsv,1,False,2025-02,2.879,MistralForCausalLM,basemergesandmoerges,False,False,merge
DavieLion/Llama-3.2-1B-SPIN-iter0,DavieLion/Llama-3.2-1B-SPIN-iter0 (Merge),DavieLion,1,False,2024-12,1.236,LlamaForCausalLM,fine-tunedondomain-specificdatasets,False,False,merge
DavieLion/Llama-3.2-1B-SPIN-iter1,DavieLion/Llama-3.2-1B-SPIN-iter1 (Merge),DavieLion,1,False,2024-12,1.236,LlamaForCausalLM,fine-tunedondomain-specificdatasets,False,False,merge
DavieLion/Llama-3.2-1B-SPIN-iter2,DavieLion/Llama-3.2-1B-SPIN-iter2 (Merge),DavieLion,1,False,2024-12,1.236,LlamaForCausalLM,fine-tunedondomain-specificdatasets,False,False,merge
DavieLion/Llama-3.2-1B-SPIN-iter3,DavieLion/Llama-3.2-1B-SPIN-iter3 (Merge),DavieLion,1,False,2024-12,1.236,LlamaForCausalLM,fine-tunedondomain-specificdatasets,False,False,merge
DavieLion/Lllma-3.2-1B,DavieLion/Lllma-3.2-1B,DavieLion,0,False,2024-12,1.236,LlamaForCausalLM,fine-tunedondomain-specificdatasets,False,True,
DebateLabKIT/Llama-3.1-Argunaut-1-8B-SFT,DebateLabKIT/Llama-3.1-Argunaut-1-8B-SFT (Merge),DebateLabKIT,1,False,2024-12,8.03,LlamaForCausalLM,fine-tunedondomain-specificdatasets,False,False,merge
Deci/DeciLM-7B,Deci/DeciLM-7B,Deci,0,True,2023-12,7.044,DeciLMForCausalLM,pretrained,False,True,
Deci/DeciLM-7B-instruct,Deci/DeciLM-7B-instruct,Deci,0,False,2023-12,7.044,DeciLMForCausalLM,chatmodels,False,True,
DeepAutoAI/Explore_Llama-3.1-8B-Inst,DeepAutoAI/Explore_Llama-3.1-8B-Inst (Merge),DeepAutoAI,1,False,2024-09,8.03,LlamaForCausalLM,basemergesandmoerges,False,False,merge
DeepAutoAI/Explore_Llama-3.2-1B-Inst,DeepAutoAI/Explore_Llama-3.2-1B-Inst (Merge),DeepAutoAI,1,False,2024-10,1.236,LlamaForCausalLM,basemergesandmoerges,False,False,merge
DeepAutoAI/Explore_Llama-3.2-1B-Inst_v0,DeepAutoAI/Explore_Llama-3.2-1B-Inst_v0,DeepAutoAI,0,False,2024-10,1.236,LlamaForCausalLM,basemergesandmoerges,False,False,merge
DeepAutoAI/Explore_Llama-3.2-1B-Inst_v1,DeepAutoAI/Explore_Llama-3.2-1B-Inst_v1 (Merge),DeepAutoAI,1,False,2024-10,1.236,LlamaForCausalLM,basemergesandmoerges,False,False,merge
DeepAutoAI/Explore_Llama-3.2-1B-Inst_v1.1,DeepAutoAI/Explore_Llama-3.2-1B-Inst_v1.1 (Merge),DeepAutoAI,1,False,2024-10,1.236,LlamaForCausalLM,basemergesandmoerges,False,False,merge
DeepAutoAI/causal_gpt2,DeepAutoAI/causal_gpt2,DeepAutoAI,0,False,2024-10,0.124,GPT2LMHeadModel,basemergesandmoerges,False,False,merge
DeepAutoAI/d2nwg_Llama-3.1-8B-Instruct-v0.0,DeepAutoAI/d2nwg_Llama-3.1-8B-Instruct-v0.0,DeepAutoAI,0,False,2024-09,8.03,LlamaForCausalLM,basemergesandmoerges,False,False,merge
DeepAutoAI/d2nwg_causal_gpt2,DeepAutoAI/d2nwg_causal_gpt2,DeepAutoAI,0,False,2024-10,0.124,GPT2LMHeadModel,basemergesandmoerges,False,False,merge
DeepAutoAI/d2nwg_causal_gpt2_v1,DeepAutoAI/d2nwg_causal_gpt2_v1,DeepAutoAI,0,False,2024-10,0.124,GPT2LMHeadModel,basemergesandmoerges,False,False,merge
DeepAutoAI/ldm_soup_Llama-3.1-8B-Inst,DeepAutoAI/ldm_soup_Llama-3.1-8B-Inst (Merge),DeepAutoAI,1,False,2024-09,8.03,LlamaForCausalLM,basemergesandmoerges,False,False,merge
DeepAutoAI/ldm_soup_Llama-3.1-8B-Instruct-v0.0,DeepAutoAI/ldm_soup_Llama-3.1-8B-Instruct-v0.0,DeepAutoAI,0,False,2024-09,8.03,LlamaForCausalLM,basemergesandmoerges,False,False,merge
DeepAutoAI/ldm_soup_Llama-3.1-8B-Instruct-v0.1,DeepAutoAI/ldm_soup_Llama-3.1-8B-Instruct-v0.1,DeepAutoAI,0,False,2024-09,8.03,LlamaForCausalLM,basemergesandmoerges,False,False,merge
DeepMount00/Lexora-Lite-3B,DeepMount00/Lexora-Lite-3B,DeepMount00,0,False,2024-09,3.086,Qwen2ForCausalLM,fine-tunedondomain-specificdatasets,False,True,
DeepMount00/Lexora-Lite-3B_v2,DeepMount00/Lexora-Lite-3B_v2,DeepMount00,0,False,2024-09,3.086,Qwen2ForCausalLM,fine-tunedondomain-specificdatasets,False,True,
DeepMount00/Lexora-Medium-7B,DeepMount00/Lexora-Medium-7B,DeepMount00,0,False,2024-09,7.616,Qwen2ForCausalLM,fine-tunedondomain-specificdatasets,False,True,
DeepMount00/Llama-3-8b-Ita,meta-llama/Meta-Llama-3-8B,meta-llama,1,True,2024-05,8.03,LlamaForCausalLM,fine-tunedondomain-specificdatasets,False,True,
DeepMount00/Llama-3.1-8b-ITA,meta-llama/Meta-Llama-3.1-8B,meta-llama,1,False,2024-08,8.03,LlamaForCausalLM,fine-tunedondomain-specificdatasets,False,True,
DeepMount00/Llama-3.1-8b-Ita,meta-llama/Meta-Llama-3.1-8B,meta-llama,1,False,2024-08,0.0,Unknown,❓other,False,True,
DeepMount00/Llama-3.1-Distilled,meta-llama/Meta-Llama-3-8B,meta-llama,1,True,2024-10,8.03,LlamaForCausalLM,fine-tunedondomain-specificdatasets,False,True,
DeepMount00/Qwen2-1.5B-Ita,DeepMount00/Qwen2-1.5B-Ita,DeepMount00,0,False,2024-06,1.544,Qwen2ForCausalLM,fine-tunedondomain-specificdatasets,False,True,
DeepMount00/Qwen2-1.5B-Ita_v2,DeepMount00/Qwen2-1.5B-Ita_v2,DeepMount00,0,False,2024-06,1.544,Qwen2ForCausalLM,fine-tunedondomain-specificdatasets,False,True,
DeepMount00/Qwen2-1.5B-Ita_v3,DeepMount00/Qwen2-1.5B-Ita_v3,DeepMount00,0,False,2024-06,1.544,Qwen2ForCausalLM,fine-tunedondomain-specificdatasets,False,True,
DeepMount00/Qwen2-1.5B-Ita_v5,DeepMount00/Qwen2-1.5B-Ita_v5,DeepMount00,0,False,2024-06,1.544,Qwen2ForCausalLM,fine-tunedondomain-specificdatasets,False,True,
DeepMount00/Qwen2-1.5B-Ita_v6,DeepMount00/Qwen2-1.5B-Ita_v6,DeepMount00,0,True,,1.497,Qwen2ForCausalLM,basemergesandmoerges,False,False,merge
DeepMount00/Qwen2.5-7B-Instruct-MathCoder,DeepMount00/Qwen2.5-7B-Instruct-MathCoder,DeepMount00,0,True,,7.616,Qwen2ForCausalLM,fine-tunedondomain-specificdatasets,False,False,base_removed
DeepMount00/mergekit-ties-okvgjfz,DeepMount00/mergekit-ties-okvgjfz,DeepMount00,0,True,,7.616,Qwen2ForCausalLM,fine-tunedondomain-specificdatasets,False,False,base_removed
Delta-Vector/Baldur-8B,Delta-Vector/Baldur-8B (Merge),Delta-Vector,1,False,2024-09,8.0,LlamaForCausalLM,fine-tunedondomain-specificdatasets,False,False,merge
Delta-Vector/Control-8B,Delta-Vector/Control-8B,Delta-Vector,0,False,2024-10,8.03,LlamaForCausalLM,fine-tunedondomain-specificdatasets,False,True,
Delta-Vector/Control-8B-V1.1,Delta-Vector/Control-8B-V1.1,Delta-Vector,0,False,2024-10,8.03,LlamaForCausalLM,fine-tunedondomain-specificdatasets,False,True,
Delta-Vector/Darkens-8B,Delta-Vector/Darkens-8B (Merge),Delta-Vector,1,False,2024-09,8.414,MistralForCausalLM,fine-tunedondomain-specificdatasets,False,False,merge
Delta-Vector/Henbane-7b-attempt2,Qwen/Qwen2-7B,Qwen,1,True,2024-09,7.0,Qwen2ForCausalLM,fine-tunedondomain-specificdatasets,False,True,
Delta-Vector/Odin-9B,Delta-Vector/Odin-9B,Delta-Vector,0,False,2024-09,9.242,Gemma2ForCausalLM,fine-tunedondomain-specificdatasets,False,True,
Delta-Vector/Tor-8B,Delta-Vector/Tor-8B (Merge),Delta-Vector,1,False,2024-09,8.414,MistralForCausalLM,fine-tunedondomain-specificdatasets,False,False,merge
DevQuasar/DevQuasar-R1-Uncensored-Llama-8B,DevQuasar/DevQuasar-R1-Uncensored-Llama-8B (Merge),DevQuasar,1,False,2025-01,8.03,LlamaForCausalLM,basemergesandmoerges,False,False,merge
Dongwei/DeepSeek-R1-Distill-Qwen-7B-GRPO,deepseek-ai/DeepSeek-R1-Distill-Qwen-7B,deepseek-ai,1,False,2025-02,7.616,Qwen2ForCausalLM,chatmodels,False,True,
DoppelReflEx/L3-8B-R1-WolfCore,DoppelReflEx/L3-8B-R1-WolfCore (Merge),DoppelReflEx,1,False,2025-02,8.03,LlamaForCausalLM,basemergesandmoerges,False,False,merge
DoppelReflEx/L3-8B-R1-WolfCore-V1.5-test,DoppelReflEx/L3-8B-R1-WolfCore-V1.5-test (Merge),DoppelReflEx,1,False,2025-03,8.03,LlamaForCausalLM,basemergesandmoerges,False,False,merge
DoppelReflEx/L3-8B-WolfCore,DoppelReflEx/L3-8B-WolfCore (Merge),DoppelReflEx,1,False,2025-02,8.03,LlamaForCausalLM,basemergesandmoerges,False,False,merge
DoppelReflEx/MN-12B-FoxFrame-test,DoppelReflEx/MN-12B-FoxFrame-test,DoppelReflEx,0,True,,12.248,MistralForCausalLM,basemergesandmoerges,False,False,merge
DoppelReflEx/MN-12B-FoxFrame2-test,DoppelReflEx/MN-12B-FoxFrame2-test (Merge),DoppelReflEx,1,False,2025-02,12.248,MistralForCausalLM,basemergesandmoerges,False,False,merge
DoppelReflEx/MN-12B-FoxFrame3-test,DoppelReflEx/MN-12B-FoxFrame3-test (Merge),DoppelReflEx,1,False,2025-02,12.248,MistralForCausalLM,basemergesandmoerges,False,False,merge
DoppelReflEx/MN-12B-Kakigori,DoppelReflEx/MN-12B-Kakigori (Merge),DoppelReflEx,1,False,2025-01,12.248,MistralForCausalLM,basemergesandmoerges,False,False,merge
DoppelReflEx/MN-12B-LilithFrame,DoppelReflEx/MN-12B-LilithFrame,DoppelReflEx,0,True,,12.248,MistralForCausalLM,fine-tunedondomain-specificdatasets,False,False,base_removed
DoppelReflEx/MN-12B-LilithFrame-Experiment-2,DoppelReflEx/MN-12B-LilithFrame-Experiment-2,DoppelReflEx,0,True,,12.248,MistralForCausalLM,basemergesandmoerges,False,False,merge
DoppelReflEx/MN-12B-LilithFrame-Experiment-3,DoppelReflEx/MN-12B-LilithFrame-Experiment-3,DoppelReflEx,0,True,,12.248,MistralForCausalLM,basemergesandmoerges,False,False,merge
DoppelReflEx/MN-12B-LilithFrame-Experiment-4,DoppelReflEx/MN-12B-LilithFrame-Experiment-4 (Merge),DoppelReflEx,1,False,2025-01,12.248,MistralForCausalLM,basemergesandmoerges,False,False,merge
DoppelReflEx/MN-12B-Mimicore-GreenSnake,DoppelReflEx/MN-12B-Mimicore-GreenSnake (Merge),DoppelReflEx,1,False,2025-01,12.248,MistralForCausalLM,basemergesandmoerges,False,False,merge
DoppelReflEx/MN-12B-Mimicore-Nocturne,DoppelReflEx/MN-12B-Mimicore-Nocturne (Merge),DoppelReflEx,1,False,2025-03,12.248,MistralForCausalLM,basemergesandmoerges,False,False,merge
DoppelReflEx/MN-12B-Mimicore-Orochi,DoppelReflEx/MN-12B-Mimicore-Orochi (Merge),DoppelReflEx,1,False,2025-01,12.248,MistralForCausalLM,basemergesandmoerges,False,False,merge
DoppelReflEx/MN-12B-Mimicore-Orochi-v2-Experiment,DoppelReflEx/MN-12B-Mimicore-Orochi-v2-Experiment,DoppelReflEx,0,True,,12.248,MistralForCausalLM,basemergesandmoerges,False,False,merge
DoppelReflEx/MN-12B-Mimicore-Orochi-v3-Experiment,DoppelReflEx/MN-12B-Mimicore-Orochi-v3-Experiment,DoppelReflEx,0,True,,12.248,MistralForCausalLM,basemergesandmoerges,False,False,merge
DoppelReflEx/MN-12B-Mimicore-Orochi-v4-Experiment,DoppelReflEx/MN-12B-Mimicore-Orochi-v4-Experiment,DoppelReflEx,0,True,,12.248,MistralForCausalLM,basemergesandmoerges,False,False,merge
DoppelReflEx/MN-12B-Mimicore-WhiteSnake,DoppelReflEx/MN-12B-Mimicore-WhiteSnake (Merge),DoppelReflEx,1,False,2025-01,12.248,MistralForCausalLM,basemergesandmoerges,False,False,merge
DoppelReflEx/MN-12B-Mimicore-WhiteSnake-v2-Experiment-1,DoppelReflEx/MN-12B-Mimicore-WhiteSnake-v2-Experiment-1,DoppelReflEx,0,True,,12.248,MistralForCausalLM,basemergesandmoerges,False,False,merge
DoppelReflEx/MN-12B-Mimicore-WhiteSnake-v2-Experiment-2,DoppelReflEx/MN-12B-Mimicore-WhiteSnake-v2-Experiment-2,DoppelReflEx,0,True,,12.248,MistralForCausalLM,basemergesandmoerges,False,False,merge
DoppelReflEx/MN-12B-Mimicore-WhiteSnake-v2-Experiment-3,DoppelReflEx/MN-12B-Mimicore-WhiteSnake-v2-Experiment-3,DoppelReflEx,0,True,,12.248,MistralForCausalLM,basemergesandmoerges,False,False,merge
DoppelReflEx/MN-12B-Mimicore-WhiteSnake-v2-Experiment-4,DoppelReflEx/MN-12B-Mimicore-WhiteSnake-v2-Experiment-4 (Merge),DoppelReflEx,1,False,2025-01,12.248,MistralForCausalLM,basemergesandmoerges,False,False,merge
DoppelReflEx/MN-12B-Unleashed-Twilight,DoppelReflEx/MN-12B-Unleashed-Twilight (Merge),DoppelReflEx,1,False,2025-02,12.248,MistralForCausalLM,basemergesandmoerges,False,False,merge
DoppelReflEx/MN-12B-WolFrame,DoppelReflEx/MN-12B-WolFrame (Merge),DoppelReflEx,1,False,2025-01,12.248,MistralForCausalLM,basemergesandmoerges,False,False,merge
DoppelReflEx/MiniusLight-24B,DoppelReflEx/MiniusLight-24B (Merge),DoppelReflEx,1,False,2025-03,23.572,MistralForCausalLM,basemergesandmoerges,False,False,merge
DoppelReflEx/MiniusLight-24B-test,DoppelReflEx/MiniusLight-24B-test,DoppelReflEx,0,True,,23.572,MistralForCausalLM,basemergesandmoerges,False,False,merge
DoppelReflEx/MiniusLight-24B-v1b-test,DoppelReflEx/MiniusLight-24B-v1b-test,DoppelReflEx,0,True,,23.572,MistralForCausalLM,basemergesandmoerges,False,False,merge
DoppelReflEx/MiniusLight-24B-v1c-test,DoppelReflEx/MiniusLight-24B-v1c-test (Merge),DoppelReflEx,1,False,2025-03,23.572,MistralForCausalLM,basemergesandmoerges,False,False,merge
DoppelReflEx/MiniusLight-24B-v1d-test,DoppelReflEx/MiniusLight-24B-v1d-test (Merge),DoppelReflEx,1,False,2025-03,23.572,MistralForCausalLM,basemergesandmoerges,False,False,merge
DreadPoor/Again-8B-Model_Stock,DreadPoor/Again-8B-Model_Stock,DreadPoor,0,True,,4.015,LlamaForCausalLM,basemergesandmoerges,False,False,merge
DreadPoor/Alita99-8B-LINEAR,DreadPoor/Alita99-8B-LINEAR (Merge),DreadPoor,1,False,2024-11,8.03,LlamaForCausalLM,basemergesandmoerges,False,False,merge
DreadPoor/AnotherTest,DreadPoor/AnotherTest,DreadPoor,0,True,,8.03,LlamaForCausalLM,basemergesandmoerges,False,False,merge
DreadPoor/Aspire-8B-model_stock,DreadPoor/Aspire-8B-model_stock (Merge),DreadPoor,1,False,2024-09,8.03,LlamaForCausalLM,basemergesandmoerges,False,False,merge
DreadPoor/Aspire_1.3-8B_model-stock,DreadPoor/Aspire_1.3-8B_model-stock,DreadPoor,0,True,,8.03,LlamaForCausalLM,basemergesandmoerges,False,False,merge
DreadPoor/Aspire_V2-8B-Model_Stock,DreadPoor/Aspire_V2-8B-Model_Stock,DreadPoor,0,True,,8.03,LlamaForCausalLM,basemergesandmoerges,False,False,merge
DreadPoor/Aspire_V2.1-8B-Model_Stock,DreadPoor/Aspire_V2.1-8B-Model_Stock,DreadPoor,0,True,,8.03,LlamaForCausalLM,basemergesandmoerges,False,False,merge
DreadPoor/Aspire_V2_ALT-8B-Model_Stock,DreadPoor/Aspire_V2_ALT-8B-Model_Stock,DreadPoor,0,True,,8.03,LlamaForCausalLM,basemergesandmoerges,False,False,merge
DreadPoor/Aspire_V2_ALT_ROW-8B-Model_Stock,DreadPoor/Aspire_V2_ALT_ROW-8B-Model_Stock,DreadPoor,0,True,,8.03,LlamaForCausalLM,basemergesandmoerges,False,False,merge
DreadPoor/Aspire_V3-8B-Model_Stock,DreadPoor/Aspire_V3-8B-Model_Stock,DreadPoor,0,True,,8.03,LlamaForCausalLM,basemergesandmoerges,False,False,merge
DreadPoor/Aspire_V4-8B-Model_Stock,DreadPoor/Aspire_V4-8B-Model_Stock,DreadPoor,0,True,,8.03,LlamaForCausalLM,basemergesandmoerges,False,False,merge
DreadPoor/Aspire_V4_ALT-8B-Model_Stock,DreadPoor/Aspire_V4_ALT-8B-Model_Stock,DreadPoor,0,True,,8.03,LlamaForCausalLM,basemergesandmoerges,False,False,merge
DreadPoor/Asymmetric_Linearity-8B-Model_Stock,DreadPoor/Asymmetric_Linearity-8B-Model_Stock,DreadPoor,0,True,,4.015,LlamaForCausalLM,basemergesandmoerges,False,False,merge
DreadPoor/Aurora_faustus-8B-LINEAR,DreadPoor/Aurora_faustus-8B-LINEAR (Merge),DreadPoor,1,False,2024-09,8.03,LlamaForCausalLM,basemergesandmoerges,False,False,merge
DreadPoor/Aurora_faustus-8B-LORABLATED,DreadPoor/Aurora_faustus-8B-LORABLATED,DreadPoor,0,True,,8.03,LlamaForCausalLM,basemergesandmoerges,False,False,merge
DreadPoor/Aurora_faustus-8B-LORABLATED_ALT,DreadPoor/Aurora_faustus-8B-LORABLATED_ALT,DreadPoor,0,True,,8.03,LlamaForCausalLM,basemergesandmoerges,False,False,merge
DreadPoor/Autumn_Dawn-8B-LINEAR,DreadPoor/Autumn_Dawn-8B-LINEAR,DreadPoor,0,True,,8.03,LlamaForCausalLM,basemergesandmoerges,False,False,merge
DreadPoor/BaeZel-8B-LINEAR,DreadPoor/BaeZel-8B-LINEAR (Merge),DreadPoor,1,False,2024-11,8.03,LlamaForCausalLM,basemergesandmoerges,False,False,merge
DreadPoor/BaeZel-8B-Model_Stock,DreadPoor/BaeZel-8B-Model_Stock,DreadPoor,0,True,,8.03,LlamaForCausalLM,basemergesandmoerges,False,False,merge
DreadPoor/BaeZel_V2-8B-Model_Stock,DreadPoor/BaeZel_V2-8B-Model_Stock,DreadPoor,0,True,,8.03,LlamaForCausalLM,basemergesandmoerges,False,False,merge
DreadPoor/BaeZel_V2_ALT-8B-Model_Stock,DreadPoor/BaeZel_V2_ALT-8B-Model_Stock,DreadPoor,0,True,,8.03,LlamaForCausalLM,basemergesandmoerges,False,False,merge
DreadPoor/BaeZel_V3-8B-Model_Stock,DreadPoor/BaeZel_V3-8B-Model_Stock,DreadPoor,0,True,,8.03,LlamaForCausalLM,basemergesandmoerges,False,False,merge
DreadPoor/Blunt_Edge-8B-SLERP,DreadPoor/Blunt_Edge-8B-SLERP,DreadPoor,0,True,,8.03,LlamaForCausalLM,basemergesandmoerges,False,False,merge
DreadPoor/BulkUp,DreadPoor/BulkUp,DreadPoor,0,True,,8.03,LlamaForCausalLM,basemergesandmoerges,False,False,merge
DreadPoor/Cadence-8B-LINEAR,DreadPoor/Cadence-8B-LINEAR,DreadPoor,0,True,,8.03,LlamaForCausalLM,basemergesandmoerges,False,False,merge
DreadPoor/Caelid-8B-Model_Stock,DreadPoor/Caelid-8B-Model_Stock,DreadPoor,0,True,,8.03,LlamaForCausalLM,basemergesandmoerges,False,False,merge
DreadPoor/Casuar-9B-Model_Stock,DreadPoor/Casuar-9B-Model_Stock (Merge),DreadPoor,1,False,2024-12,9.242,Gemma2ForCausalLM,basemergesandmoerges,False,False,merge
DreadPoor/Condensed_Milk-8B-Model_Stock,DreadPoor/Condensed_Milk-8B-Model_Stock,DreadPoor,0,True,,8.03,LlamaForCausalLM,basemergesandmoerges,False,False,merge
DreadPoor/CoolerCoder-8B-LINEAR,DreadPoor/CoolerCoder-8B-LINEAR,DreadPoor,0,True,,8.03,LlamaForCausalLM,basemergesandmoerges,False,False,merge
DreadPoor/Damasteel-8B-LINEAR,DreadPoor/Damasteel-8B-LINEAR,DreadPoor,0,True,,8.03,LlamaForCausalLM,basemergesandmoerges,False,False,merge
DreadPoor/Dearly_Beloved-8B-TIES,DreadPoor/Dearly_Beloved-8B-TIES,DreadPoor,0,True,,8.03,LlamaForCausalLM,basemergesandmoerges,False,False,merge
DreadPoor/Decayed-8B-LINEAR,DreadPoor/Decayed-8B-LINEAR,DreadPoor,0,True,,8.03,LlamaForCausalLM,basemergesandmoerges,False,False,merge
DreadPoor/Derivative-8B-Model_Stock,DreadPoor/Derivative-8B-Model_Stock (Merge),DreadPoor,1,False,2025-01,8.03,LlamaForCausalLM,basemergesandmoerges,False,False,merge
DreadPoor/Derivative_V2-8B-Model_Stock,DreadPoor/Derivative_V2-8B-Model_Stock,DreadPoor,0,True,,8.03,LlamaForCausalLM,basemergesandmoerges,False,False,merge
DreadPoor/Derivative_V2_ALT-8B-Model_Stock,DreadPoor/Derivative_V2_ALT-8B-Model_Stock,DreadPoor,0,True,,8.03,LlamaForCausalLM,basemergesandmoerges,False,False,merge
DreadPoor/Derivative_V3-8B-Model_Stock,DreadPoor/Derivative_V3-8B-Model_Stock,DreadPoor,0,True,,8.03,LlamaForCausalLM,basemergesandmoerges,False,False,merge
DreadPoor/Elusive_Dragon_Heart-8B-LINEAR,DreadPoor/Elusive_Dragon_Heart-8B-LINEAR,DreadPoor,0,True,,4.015,LlamaForCausalLM,basemergesandmoerges,False,False,merge
DreadPoor/Emu_Eggs-9B-Model_Stock,DreadPoor/Emu_Eggs-9B-Model_Stock,DreadPoor,0,True,,9.242,Gemma2ForCausalLM,basemergesandmoerges,False,False,merge
DreadPoor/Eunoia_Vespera-8B-LINEAR,DreadPoor/Eunoia_Vespera-8B-LINEAR,DreadPoor,0,True,,8.03,LlamaForCausalLM,basemergesandmoerges,False,False,merge
DreadPoor/Fu_sion_HA-8B-SLERP,DreadPoor/Fu_sion_HA-8B-SLERP,DreadPoor,0,True,,8.03,LlamaForCausalLM,basemergesandmoerges,False,False,merge
DreadPoor/HOT_STINKING_GARBAGE,DreadPoor/HOT_STINKING_GARBAGE,DreadPoor,0,True,,8.03,LlamaForCausalLM,basemergesandmoerges,False,False,merge
DreadPoor/H_the_eighth-8B-LINEAR,DreadPoor/H_the_eighth-8B-LINEAR (Merge),DreadPoor,1,False,2025-03,8.03,LlamaForCausalLM,basemergesandmoerges,False,False,merge
DreadPoor/Happy_New_Year-8B-Model_Stock,DreadPoor/Happy_New_Year-8B-Model_Stock,DreadPoor,0,True,,8.03,LlamaForCausalLM,basemergesandmoerges,False,False,merge
DreadPoor/Heart_Stolen-8B-Model_Stock,DreadPoor/Heart_Stolen-8B-Model_Stock (Merge),DreadPoor,1,False,2024-09,8.03,LlamaForCausalLM,basemergesandmoerges,False,False,merge
DreadPoor/Heart_Stolen-ALT-8B-Model_Stock,DreadPoor/Heart_Stolen-ALT-8B-Model_Stock,DreadPoor,0,True,,8.03,LlamaForCausalLM,basemergesandmoerges,False,False,merge
DreadPoor/Here_We_Go_Again-8B-SLERP,DreadPoor/Here_We_Go_Again-8B-SLERP,DreadPoor,0,True,,4.015,LlamaForCausalLM,basemergesandmoerges,False,False,merge
DreadPoor/Howdy-8B-LINEAR,DreadPoor/Howdy-8B-LINEAR,DreadPoor,0,True,,8.03,LlamaForCausalLM,basemergesandmoerges,False,False,merge
DreadPoor/Incidental-8B-Model_Stock,DreadPoor/Incidental-8B-Model_Stock,DreadPoor,0,True,,8.03,LlamaForCausalLM,basemergesandmoerges,False,False,merge
DreadPoor/Irina-8B-model_stock,DreadPoor/Irina-8B-model_stock,DreadPoor,0,True,,8.03,LlamaForCausalLM,basemergesandmoerges,False,False,merge
DreadPoor/Kindling-8B-Model_Stock,DreadPoor/Kindling-8B-Model_Stock,DreadPoor,0,True,,8.03,LlamaForCausalLM,basemergesandmoerges,False,False,merge
DreadPoor/L3.1-BaeZel-8B-Della,DreadPoor/L3.1-BaeZel-8B-Della,DreadPoor,0,True,,8.03,LlamaForCausalLM,basemergesandmoerges,False,False,merge
DreadPoor/Laughing_Stock-8B-Model_Stock,DreadPoor/Laughing_Stock-8B-Model_Stock,DreadPoor,0,True,,8.03,LlamaForCausalLM,basemergesandmoerges,False,False,merge
DreadPoor/Lava_Lamp-8B-SLERP,DreadPoor/Lava_Lamp-8B-SLERP,DreadPoor,0,True,,8.03,LlamaForCausalLM,basemergesandmoerges,False,False,merge
DreadPoor/LemonP-8B-Model_Stock,DreadPoor/LemonP-8B-Model_Stock (Merge),DreadPoor,1,False,2024-11,8.03,LlamaForCausalLM,basemergesandmoerges,False,False,merge
DreadPoor/Lydia_of_Whiterun-8B-LINEAR,DreadPoor/Lydia_of_Whiterun-8B-LINEAR,DreadPoor,0,True,,8.03,LlamaForCausalLM,basemergesandmoerges,False,False,merge
DreadPoor/Matryoshka-8B-LINEAR,DreadPoor/Matryoshka-8B-LINEAR,DreadPoor,0,True,,8.03,LlamaForCausalLM,basemergesandmoerges,False,False,merge
DreadPoor/Mercury_In_Retrograde-8b-Model-Stock,DreadPoor/Mercury_In_Retrograde-8b-Model-Stock,DreadPoor,0,True,,8.03,LlamaForCausalLM,basemergesandmoerges,False,False,merge
DreadPoor/Minthy-8B-Model_Stock,DreadPoor/Minthy-8B-Model_Stock,DreadPoor,0,True,,8.03,LlamaForCausalLM,basemergesandmoerges,False,False,merge
DreadPoor/Minthy_ALT-8B-Model_Stock,DreadPoor/Minthy_ALT-8B-Model_Stock,DreadPoor,0,True,,8.03,LlamaForCausalLM,basemergesandmoerges,False,False,merge
DreadPoor/Minthy_V2-8B-Model_Stock,DreadPoor/Minthy_V2-8B-Model_Stock,DreadPoor,0,True,,8.03,LlamaForCausalLM,basemergesandmoerges,False,False,merge
DreadPoor/Minus_Penus-8B-Model_Stock,DreadPoor/Minus_Penus-8B-Model_Stock,DreadPoor,0,True,,8.03,LlamaForCausalLM,basemergesandmoerges,False,False,merge
DreadPoor/Morphing-8B-Model_Stock,DreadPoor/Morphing-8B-Model_Stock,DreadPoor,0,True,,8.03,LlamaForCausalLM,basemergesandmoerges,False,False,merge
DreadPoor/Not_Even_My_Final_Form-8B-Model_Stock,DreadPoor/Not_Even_My_Final_Form-8B-Model_Stock,DreadPoor,0,True,,8.03,LlamaForCausalLM,basemergesandmoerges,False,False,merge
DreadPoor/Nother_One-8B-Model_Stock,DreadPoor/Nother_One-8B-Model_Stock,DreadPoor,0,True,,8.03,LlamaForCausalLM,basemergesandmoerges,False,False,merge
DreadPoor/Noxis-8B-LINEAR,DreadPoor/Noxis-8B-LINEAR (Merge),DreadPoor,1,False,2025-03,8.03,LlamaForCausalLM,basemergesandmoerges,False,False,merge
DreadPoor/Nullsworn-12B-LINEAR,DreadPoor/Nullsworn-12B-LINEAR (Merge),DreadPoor,1,False,2025-03,12.248,MistralForCausalLM,basemergesandmoerges,False,False,merge
DreadPoor/Nwah-8B-Model_Stock,DreadPoor/Nwah-8B-Model_Stock,DreadPoor,0,True,,8.03,LlamaForCausalLM,basemergesandmoerges,False,False,merge
DreadPoor/ONeil-model_stock-8B,DreadPoor/ONeil-model_stock-8B (Merge),DreadPoor,1,False,2024-07,8.03,LlamaForCausalLM,basemergesandmoerges,False,False,merge
DreadPoor/Oh_Boy-8B-LINEAR,DreadPoor/Oh_Boy-8B-LINEAR,DreadPoor,0,True,,8.03,LlamaForCausalLM,basemergesandmoerges,False,False,merge
DreadPoor/OrangeJ-8B-Model_Stock,DreadPoor/OrangeJ-8B-Model_Stock,DreadPoor,0,True,,8.03,LlamaForCausalLM,basemergesandmoerges,False,False,merge
DreadPoor/Promissum_Mane-8B-LINEAR,DreadPoor/Promissum_Mane-8B-LINEAR,DreadPoor,0,True,,8.03,LlamaForCausalLM,basemergesandmoerges,False,False,merge
DreadPoor/Promissum_Mane-8B-LINEAR-lorablated,DreadPoor/Promissum_Mane-8B-LINEAR-lorablated,DreadPoor,0,True,,8.03,LlamaForCausalLM,basemergesandmoerges,False,False,merge
DreadPoor/RPMash-8B-Model_Stock,DreadPoor/RPMash-8B-Model_Stock,DreadPoor,0,True,,8.03,LlamaForCausalLM,basemergesandmoerges,False,False,merge
DreadPoor/RPMash_V3-8B-Model_Stock,DreadPoor/RPMash_V3-8B-Model_Stock,DreadPoor,0,True,,8.03,LlamaForCausalLM,basemergesandmoerges,False,False,merge
DreadPoor/Rusted_Gold-8B-LINEAR,DreadPoor/Rusted_Gold-8B-LINEAR (Merge),DreadPoor,1,False,2025-03,8.03,LlamaForCausalLM,basemergesandmoerges,False,False,merge
DreadPoor/Rusted_Platinum-8B-LINEAR,DreadPoor/Rusted_Platinum-8B-LINEAR (Merge),DreadPoor,1,False,2025-03,8.03,LlamaForCausalLM,basemergesandmoerges,False,False,merge
DreadPoor/Rusted_Platinum-8B-Model_Stock,DreadPoor/Rusted_Platinum-8B-Model_Stock,DreadPoor,0,True,,8.03,LlamaForCausalLM,basemergesandmoerges,False,False,merge
DreadPoor/Sellen-8B-model_stock,DreadPoor/Sellen-8B-model_stock,DreadPoor,0,True,,8.03,LlamaForCausalLM,basemergesandmoerges,False,False,merge
DreadPoor/Something-8B-Model_Stock,DreadPoor/Something-8B-Model_Stock,DreadPoor,0,True,,8.03,LlamaForCausalLM,basemergesandmoerges,False,False,merge
DreadPoor/Spring_Dusk-8B-SCE,DreadPoor/Spring_Dusk-8B-SCE (Merge),DreadPoor,1,False,2025-02,8.03,LlamaForCausalLM,basemergesandmoerges,False,False,merge
DreadPoor/Summer_Dawn-8B-SCE,DreadPoor/Summer_Dawn-8B-SCE,DreadPoor,0,True,,8.03,LlamaForCausalLM,basemergesandmoerges,False,False,merge
DreadPoor/Summer_Dusk-8B-TIES,DreadPoor/Summer_Dusk-8B-TIES,DreadPoor,0,True,,8.03,LlamaForCausalLM,basemergesandmoerges,False,False,merge
DreadPoor/Summer_Rain-8B-SCE,DreadPoor/Summer_Rain-8B-SCE,DreadPoor,0,True,,8.03,LlamaForCausalLM,basemergesandmoerges,False,False,merge
DreadPoor/Summer_Rain-8B-TIES,DreadPoor/Summer_Rain-8B-TIES,DreadPoor,0,True,,8.03,LlamaForCausalLM,basemergesandmoerges,False,False,merge
DreadPoor/Sun-8B-Model_Stock,DreadPoor/Sun-8B-Model_Stock,DreadPoor,0,True,,8.03,LlamaForCausalLM,basemergesandmoerges,False,False,merge
DreadPoor/Sweetened_Condensed_Milk-8B-Model_Stock,DreadPoor/Sweetened_Condensed_Milk-8B-Model_Stock,DreadPoor,0,True,,8.03,LlamaForCausalLM,basemergesandmoerges,False,False,merge
DreadPoor/TEST02-Ignore,DreadPoor/TEST02-Ignore,DreadPoor,0,True,,8.03,LlamaForCausalLM,basemergesandmoerges,False,False,merge
DreadPoor/TEST03-ignore,DreadPoor/TEST03-ignore,DreadPoor,0,True,,8.03,LlamaForCausalLM,basemergesandmoerges,False,False,merge
DreadPoor/TEST06-ignore,DreadPoor/TEST06-ignore,DreadPoor,0,True,,8.03,LlamaForCausalLM,basemergesandmoerges,False,False,merge
DreadPoor/TEST07-ignore,DreadPoor/TEST07-ignore,DreadPoor,0,True,,8.03,LlamaForCausalLM,basemergesandmoerges,False,False,merge
DreadPoor/TEST08-ignore,DreadPoor/TEST08-ignore,DreadPoor,0,True,,8.03,LlamaForCausalLM,basemergesandmoerges,False,False,merge
DreadPoor/Trinas_Nectar-8B-model_stock,DreadPoor/Trinas_Nectar-8B-model_stock (Merge),DreadPoor,1,False,2024-08,8.03,LlamaForCausalLM,basemergesandmoerges,False,False,merge
DreadPoor/UNTESTED-VENN_1.2-8B-Model_Stock,DreadPoor/UNTESTED-VENN_1.2-8B-Model_Stock,DreadPoor,0,True,,4.015,LlamaForCausalLM,basemergesandmoerges,False,False,merge
DreadPoor/VENN_1.2-8B-Model_Stock,DreadPoor/VENN_1.2-8B-Model_Stock,DreadPoor,0,True,,4.015,LlamaForCausalLM,basemergesandmoerges,False,False,merge
DreadPoor/WIP-Acacia-8B-Model_Stock,DreadPoor/WIP-Acacia-8B-Model_Stock,DreadPoor,0,True,,8.03,LlamaForCausalLM,basemergesandmoerges,False,False,merge
DreadPoor/WIP_Damascus-8B-TIES,DreadPoor/WIP_Damascus-8B-TIES,DreadPoor,0,True,,8.03,LlamaForCausalLM,basemergesandmoerges,False,False,merge
DreadPoor/Wannabe-8B-Model_Stock,DreadPoor/Wannabe-8B-Model_Stock,DreadPoor,0,True,,8.03,LlamaForCausalLM,basemergesandmoerges,False,False,merge
DreadPoor/What_A_Thrill-8B-Model_Stock,DreadPoor/What_A_Thrill-8B-Model_Stock,DreadPoor,0,True,,8.03,LlamaForCausalLM,basemergesandmoerges,False,False,merge
DreadPoor/Winter-8B-SCE,DreadPoor/Winter-8B-SCE,DreadPoor,0,True,,8.03,LlamaForCausalLM,basemergesandmoerges,False,False,merge
DreadPoor/Winter_Dawn-8B-TIES,DreadPoor/Winter_Dawn-8B-TIES,DreadPoor,0,True,,8.03,LlamaForCausalLM,basemergesandmoerges,False,False,merge
DreadPoor/Winter_Dusk-8B-TIES,DreadPoor/Winter_Dusk-8B-TIES,DreadPoor,0,True,,8.03,LlamaForCausalLM,basemergesandmoerges,False,False,merge
DreadPoor/Winter_Night-8B-Model_Stock,DreadPoor/Winter_Night-8B-Model_Stock,DreadPoor,0,True,,8.03,LlamaForCausalLM,basemergesandmoerges,False,False,merge
DreadPoor/Yafune-8B-Model_Stock,DreadPoor/Yafune-8B-Model_Stock,DreadPoor,0,True,,8.03,LlamaForCausalLM,basemergesandmoerges,False,False,merge
DreadPoor/Yearn_V3-8B-Model_Stock,DreadPoor/Yearn_V3-8B-Model_Stock,DreadPoor,0,True,,8.03,LlamaForCausalLM,basemergesandmoerges,False,False,merge
DreadPoor/ZEUS-8B-V17-Abliterated_ALT,DreadPoor/ZEUS-8B-V17-Abliterated_ALT,DreadPoor,0,True,,8.03,LlamaForCausalLM,basemergesandmoerges,False,False,merge
DreadPoor/Zelus-8B-Model_Stock,DreadPoor/Zelus-8B-Model_Stock (Merge),DreadPoor,1,False,2025-01,8.03,LlamaForCausalLM,basemergesandmoerges,False,False,merge
DreadPoor/Zelus_V2-8B-Model_Stock,DreadPoor/Zelus_V2-8B-Model_Stock,DreadPoor,0,True,,8.03,LlamaForCausalLM,basemergesandmoerges,False,False,merge
DreadPoor/felix_dies-mistral-7B-model_stock,DreadPoor/felix_dies-mistral-7B-model_stock,DreadPoor,0,True,,7.242,MistralForCausalLM,basemergesandmoerges,False,False,merge
DreadPoor/hakuchido-8B-MODEL_STOCK,DreadPoor/hakuchido-8B-MODEL_STOCK,DreadPoor,0,True,,8.03,LlamaForCausalLM,basemergesandmoerges,False,False,merge
DreadPoor/ichor-8B-Model_Stock,DreadPoor/ichor-8B-Model_Stock,DreadPoor,0,True,,8.03,LlamaForCausalLM,basemergesandmoerges,False,False,merge
DreadPoor/ichor_1.1-8B-Model_Stock,DreadPoor/ichor_1.1-8B-Model_Stock (Merge),DreadPoor,1,False,2025-03,8.03,LlamaForCausalLM,basemergesandmoerges,False,False,merge
DreadPoor/inexpertus-8B-Model_Stock,DreadPoor/inexpertus-8B-Model_Stock (Merge),DreadPoor,1,False,2025-03,8.03,LlamaForCausalLM,basemergesandmoerges,False,False,merge
DreadPoor/inexpertus_1.1-8B-LINEAR,DreadPoor/inexpertus_1.1-8B-LINEAR (Merge),DreadPoor,1,False,2025-03,8.03,LlamaForCausalLM,basemergesandmoerges,False,False,merge
DreadPoor/inexpertus_1.2-8B-LINEAR,DreadPoor/inexpertus_1.2-8B-LINEAR (Merge),DreadPoor,1,False,2025-03,8.03,LlamaForCausalLM,basemergesandmoerges,False,False,merge
DreadPoor/mergekit-nuslerp-nqzkedi,DreadPoor/mergekit-nuslerp-nqzkedi,DreadPoor,0,True,,8.03,LlamaForCausalLM,basemergesandmoerges,False,False,merge
DreadPoor/remember_to_breathe-8b-Model-Stock,DreadPoor/remember_to_breathe-8b-Model-Stock,DreadPoor,0,True,,8.03,LlamaForCausalLM,basemergesandmoerges,False,False,merge
DreadPoor/test,DreadPoor/test,DreadPoor,0,True,,8.03,LlamaForCausalLM,basemergesandmoerges,False,False,merge
DreadPoor/test_ALT,DreadPoor/test_ALT,DreadPoor,0,True,,8.03,LlamaForCausalLM,basemergesandmoerges,False,False,merge
DreadPoor/tests_pending-do_not_use_yet,DreadPoor/tests_pending-do_not_use_yet,DreadPoor,0,True,,8.03,LlamaForCausalLM,basemergesandmoerges,False,False,merge
ECE-ILAB-PRYMMAL/ILAB-Merging-3B-V2,ECE-ILAB-PRYMMAL/ILAB-Merging-3B-V2 (Merge),ECE-ILAB-PRYMMAL,1,False,2025-03,3.821,Phi3ForCausalLM,basemergesandmoerges,False,False,merge
EVA-UNIT-01/EVA-Qwen2.5-14B-v0.2,Qwen/Qwen2.5-14B,Qwen,1,True,2024-11,14.77,Qwen2ForCausalLM,fine-tunedondomain-specificdatasets,False,True,
EVA-UNIT-01/EVA-Qwen2.5-72B-v0.2,Qwen/Qwen2.5-72B,Qwen,1,True,2024-11,72.706,Qwen2ForCausalLM,fine-tunedondomain-specificdatasets,False,True,
Edgerunners/meta-llama-3-8b-instruct-hf-ortho-baukit-34fail-3000total-bf16,Edgerunners/meta-llama-3-8b-instruct-hf-ortho-baukit-34fail-3000total-bf16,Edgerunners,0,False,2024-05,8.03,LlamaForCausalLM,fine-tunedondomain-specificdatasets,False,True,
EleutherAI/gpt-j-6b,EleutherAI/gpt-j-6b,EleutherAI,0,True,2022-03,6.0,GPTJForCausalLM,pretrained,False,True,
EleutherAI/gpt-neo-1.3B,EleutherAI/gpt-neo-1.3B,EleutherAI,0,True,2022-03,1.366,GPTNeoForCausalLM,pretrained,False,True,
EleutherAI/gpt-neo-125m,EleutherAI/gpt-neo-125m,EleutherAI,0,True,2022-03,0.15,GPTNeoForCausalLM,pretrained,False,True,
EleutherAI/gpt-neo-2.7B,EleutherAI/gpt-neo-2.7B,EleutherAI,0,True,2022-03,2.718,GPTNeoForCausalLM,pretrained,False,True,
EleutherAI/gpt-neox-20b,EleutherAI/gpt-neox-20b,EleutherAI,0,True,2022-04,20.739,GPTNeoXForCausalLM,pretrained,False,True,
EleutherAI/pythia-1.4b,EleutherAI/pythia-1.4b,EleutherAI,0,True,2023-02,1.515,GPTNeoXForCausalLM,pretrained,False,True,
EleutherAI/pythia-12b,EleutherAI/pythia-12b,EleutherAI,0,True,2023-02,12.0,GPTNeoXForCausalLM,pretrained,False,True,
EleutherAI/pythia-160m,EleutherAI/pythia-160m,EleutherAI,0,True,2023-02,0.213,GPTNeoXForCausalLM,pretrained,False,True,
EleutherAI/pythia-1b,EleutherAI/pythia-1b,EleutherAI,0,True,2023-03,1.079,GPTNeoXForCausalLM,pretrained,False,True,
EleutherAI/pythia-2.8b,EleutherAI/pythia-2.8b,EleutherAI,0,True,2023-02,2.909,GPTNeoXForCausalLM,pretrained,False,True,
EleutherAI/pythia-410m,EleutherAI/pythia-410m,EleutherAI,0,True,2023-02,0.506,GPTNeoXForCausalLM,pretrained,False,True,
EleutherAI/pythia-6.9b,EleutherAI/pythia-6.9b,EleutherAI,0,True,2023-02,6.9,GPTNeoXForCausalLM,pretrained,False,True,
Enno-Ai/EnnoAi-Pro-French-Llama-3-8B-v0.4,Enno-Ai/EnnoAi-Pro-French-Llama-3-8B-v0.4,Enno-Ai,0,False,2024-06,8.031,LlamaForCausalLM,chatmodels,False,True,
Enno-Ai/EnnoAi-Pro-Llama-3-8B,Enno-Ai/EnnoAi-Pro-Llama-3-8B,Enno-Ai,0,False,2024-07,8.031,LlamaForCausalLM,chatmodels,False,True,
Enno-Ai/EnnoAi-Pro-Llama-3-8B-v0.3,Enno-Ai/EnnoAi-Pro-Llama-3-8B-v0.3,Enno-Ai,0,False,2024-06,8.03,LlamaForCausalLM,fine-tunedondomain-specificdatasets,False,True,
Enno-Ai/EnnoAi-Pro-Llama-3.1-8B-v0.9,Enno-Ai/EnnoAi-Pro-Llama-3.1-8B-v0.9,Enno-Ai,0,False,2024-08,8.03,LlamaForCausalLM,fine-tunedondomain-specificdatasets,False,True,
EnnoAi/EnnoAi-7B-French-Instruct-202502,EnnoAi/EnnoAi-7B-French-Instruct-202502,EnnoAi,0,False,2025-02,7.456,LlamaForCausalLM,fine-tunedondomain-specificdatasets,False,True,
EnnoAi/EnnoAi-Pro-Llama-3.1-8B-v1.0,EnnoAi/EnnoAi-Pro-Llama-3.1-8B-v1.0,EnnoAi,0,False,2024-08,8.03,LlamaForCausalLM,fine-tunedondomain-specificdatasets,False,True,
Epiculous/Azure_Dusk-v0.2,Epiculous/Azure_Dusk-v0.2,Epiculous,0,False,2024-09,12.248,MistralForCausalLM,fine-tunedondomain-specificdatasets,False,True,
Epiculous/Crimson_Dawn-v0.2,Epiculous/Crimson_Dawn-v0.2,Epiculous,0,False,2024-09,12.248,MistralForCausalLM,fine-tunedondomain-specificdatasets,False,True,
Epiculous/NovaSpark,Epiculous/NovaSpark (Merge),Epiculous,1,False,2024-10,8.03,LlamaForCausalLM,fine-tunedondomain-specificdatasets,False,False,merge
Epiculous/Violet_Twilight-v0.2,Epiculous/Violet_Twilight-v0.2,Epiculous,0,False,2024-09,12.248,MistralForCausalLM,basemergesandmoerges,False,False,merge
EpistemeAI/Alpaca-Llama3.1-8B,meta-llama/Meta-Llama-3.1-8B,meta-llama,1,False,2024-09,8.0,LlamaForCausalLM,fine-tunedondomain-specificdatasets,False,True,
EpistemeAI/Athena-gemma-2-2b-it,google/gemma-2-9b,google,1,True,2024-08,2.0,Gemma2ForCausalLM,fine-tunedondomain-specificdatasets,False,True,
EpistemeAI/Athena-gemma-2-2b-it-Philos,unsloth/gemma-2-2b-it-bnb-4bit,unsloth,1,False,2024-09,2.0,Gemma2ForCausalLM,fine-tunedondomain-specificdatasets,False,True,
EpistemeAI/Athene-codegemma-2-7b-it-alpaca-v1.3,EpistemeAI/Athene-codegemma-2-7b-it-alpaca-v1.3,EpistemeAI,0,True,2024-09,7.0,GemmaForCausalLM,fine-tunedondomain-specificdatasets,False,False,base_removed
EpistemeAI/DeepPhi-3.5-mini-instruct,microsoft/Phi-3.5-mini-instruct,microsoft,1,False,2025-02,3.821,LlamaForCausalLM,fine-tunedondomain-specificdatasets,False,True,
EpistemeAI/DeepThinkers-Phi4,microsoft/phi-4,microsoft,1,True,2025-02,14.66,LlamaForCausalLM,fine-tunedondomain-specificdatasets,False,True,
EpistemeAI/FineLlama3.1-8B-Instruct,EpistemeAI/FineLlama3.1-8B-Instruct,EpistemeAI,0,True,,14.483,?,fine-tunedondomain-specificdatasets,False,False,base_removed
EpistemeAI/Fireball-12B,EpistemeAI/Fireball-12B,EpistemeAI,0,True,2024-08,12.248,MistralForCausalLM,fine-tunedondomain-specificdatasets,False,False,base_removed
EpistemeAI/Fireball-12B-v1.13a-philosophers,EpistemeAI/Fireball-12B-v1.13a-philosophers,EpistemeAI,0,True,2024-08,12.0,MistralForCausalLM,fine-tunedondomain-specificdatasets,False,False,base_removed
EpistemeAI/Fireball-Alpaca-Llama-3.1-8B-Philos-DPO-200,meta-llama/Meta-Llama-3.1-8B,meta-llama,1,False,2024-09,8.0,LlamaForCausalLM,chatmodels,False,True,
EpistemeAI/Fireball-Alpaca-Llama3.1.07-8B-Philos-Math-KTO-beta,meta-llama/Meta-Llama-3.1-8B,meta-llama,1,False,2024-09,8.0,LlamaForCausalLM,chatmodels,False,True,
EpistemeAI/Fireball-Alpaca-Llama3.1.08-8B-Philos-C-R2,meta-llama/Meta-Llama-3.1-8B,meta-llama,1,False,2024-09,8.0,LlamaForCausalLM,fine-tunedondomain-specificdatasets,False,True,
EpistemeAI/Fireball-Meta-Llama-3.1-8B-Instruct-0.001-128K-auto,meta-llama/Meta-Llama-3.1-8B,meta-llama,1,False,2024-11,8.0,LlamaForCausalLM,fine-tunedondomain-specificdatasets,False,True,
EpistemeAI/Fireball-Meta-Llama-3.1-8B-Instruct-Agent-0.003-128K,EpistemeAI/Fireball-Meta-Llama-3.1-8B-Instruct-Agent-0.003-128K,EpistemeAI,0,True,2024-09,8.0,LlamaForCausalLM,fine-tunedondomain-specificdatasets,False,False,base_removed
EpistemeAI/Fireball-Meta-Llama-3.1-8B-Instruct-Agent-0.003-128K-code,EpistemeAI/Fireball-Meta-Llama-3.1-8B-Instruct-Agent-0.003-128K-code,EpistemeAI,0,True,2024-10,8.0,LlamaForCausalLM,fine-tunedondomain-specificdatasets,False,False,base_removed
EpistemeAI/Fireball-Meta-Llama-3.1-8B-Instruct-Agent-0.003-128K-code-ds,EpistemeAI/Fireball-Meta-Llama-3.1-8B-Instruct-Agent-0.003-128K-code-ds,EpistemeAI,0,True,2024-10,8.0,LlamaForCausalLM,fine-tunedondomain-specificdatasets,False,False,base_removed
EpistemeAI/Fireball-Meta-Llama-3.1-8B-Instruct-Agent-0.003-128K-code-ds-auto,EpistemeAI/Fireball-Meta-Llama-3.1-8B-Instruct-Agent-0.003-128K-code-ds-auto (Merge),EpistemeAI,1,False,2024-10,8.03,LlamaForCausalLM,fine-tunedondomain-specificdatasets,False,False,merge
EpistemeAI/Fireball-Meta-Llama-3.1-8B-Instruct-Agent-0.004-128K-code-COT,EpistemeAI/Fireball-Meta-Llama-3.1-8B-Instruct-Agent-0.004-128K-code-COT,EpistemeAI,0,True,2024-10,8.0,LlamaForCausalLM,fine-tunedondomain-specificdatasets,False,False,base_removed
EpistemeAI/Fireball-Meta-Llama-3.1-8B-Instruct-Agent-0.004-128K-code-ds-auto,EpistemeAI/Fireball-Meta-Llama-3.1-8B-Instruct-Agent-0.004-128K-code-ds-auto (Merge),EpistemeAI,1,False,2024-11,8.0,LlamaForCausalLM,fine-tunedondomain-specificdatasets,False,False,merge
EpistemeAI/Fireball-Meta-Llama-3.1-8B-Instruct-Math,meta-llama/Meta-Llama-3.1-8B,meta-llama,1,False,2024-09,8.03,LlamaForCausalLM,fine-tunedondomain-specificdatasets,False,True,
EpistemeAI/Fireball-Meta-Llama-3.2-8B-Instruct-agent-003-128k-code-DPO,EpistemeAI/Fireball-Meta-Llama-3.2-8B-Instruct-agent-003-128k-code-DPO,EpistemeAI,0,True,2024-10,8.0,LlamaForCausalLM,chatmodels,False,False,base_removed
EpistemeAI/Fireball-Mistral-Nemo-Base-2407-v1-DPO2,EpistemeAI/Fireball-Mistral-Nemo-Base-2407-v1-DPO2,EpistemeAI,0,True,2024-08,12.248,MistralForCausalLM,fine-tunedondomain-specificdatasets,False,False,base_removed
EpistemeAI/Fireball-R1-Llama-3.1-8B,deepseek-ai/DeepSeek-R1-Distill-Llama-8B,deepseek-ai,1,False,2025-02,8.03,LlamaForCausalLM,fine-tunedondomain-specificdatasets,False,True,
EpistemeAI/Fireball-R1-Llama-3.1-8B-Medical-COT,deepseek-ai/DeepSeek-R1-Distill-Llama-8B,deepseek-ai,1,False,2025-02,8.03,LlamaForCausalLM,fine-tunedondomain-specificdatasets,False,True,
EpistemeAI/Fireball-R1.1-Llama-3.1-8B,deepseek-ai/DeepSeek-R1-Distill-Llama-8B,deepseek-ai,1,False,2025-02,8.03,LlamaForCausalLM,fine-tunedondomain-specificdatasets,False,True,
EpistemeAI/Llama-3.2-3B-Agent007-Coder,meta-llama/Llama-3.2-3B-Instruct,meta-llama,1,False,2024-10,3.0,LlamaForCausalLM,fine-tunedondomain-specificdatasets,False,True,
EpistemeAI/Mistral-Nemo-Instruct-12B-Philosophy-Math,unsloth/Mistral-Nemo-Instruct-2407-bnb-4bit,unsloth,1,False,2024-09,12.248,MistralForCausalLM,fine-tunedondomain-specificdatasets,False,True,
EpistemeAI/OpenReasoner-Llama-3.2-3B-rs1.0,EpistemeAI/OpenReasoner-Llama-3.2-3B-rs1.0,EpistemeAI,0,True,2025-02,3.213,LlamaForCausalLM,fine-tunedondomain-specificdatasets,False,False,base_removed
EpistemeAI/Polypsyche-Llama-3.1-8B-Instruct-Agent-0.003-128K-code-ds-auto-Empathy,EpistemeAI/Fireball-Meta-Llama-3.1-8B-Instruct-Agent-0.003-128K-code-ds-auto (Merge),EpistemeAI,1,False,2024-12,8.0,LlamaForCausalLM,fine-tunedondomain-specificdatasets,False,False,merge
EpistemeAI/Polypsyche-Llama-3.1-8B-Instruct-Agent-0.003-128K-code-ds-auto-Logic,EpistemeAI/Fireball-Meta-Llama-3.1-8B-Instruct-Agent-0.003-128K-code-ds-auto (Merge),EpistemeAI,1,False,2024-12,8.03,LlamaForCausalLM,fine-tunedondomain-specificdatasets,False,False,merge
EpistemeAI/Polypsyche-Llama-3.1-8B-Instruct-Agent-0.003-128K-code-ds-auto-divergent,EpistemeAI/Fireball-Meta-Llama-3.1-8B-Instruct-Agent-0.003-128K-code-ds-auto (Merge),EpistemeAI,1,False,2024-12,8.03,LlamaForCausalLM,fine-tunedondomain-specificdatasets,False,False,merge
EpistemeAI/Reasoning-Llama-3.1-CoT-RE1-NMT,EpistemeAI/Reasoning-Llama-3.1-CoT-RE1-NMT,EpistemeAI,0,False,2025-01,8.03,LlamaForCausalLM,fine-tunedondomain-specificdatasets,False,True,
EpistemeAI/Reasoning-Llama-3.1-CoT-RE1-NMT-V2-ORPO,EpistemeAI/Reasoning-Llama-3.1-CoT-RE1-NMT,EpistemeAI,1,False,2025-01,8.03,LlamaForCausalLM,fine-tunedondomain-specificdatasets,False,True,
EpistemeAI/Reasoning-Llama-3.2-1B-Instruct-v1.2,EpistemeAI/Reasoning-Llama-3.2-1B-Instruct-v1.2,EpistemeAI,0,True,2025-02,1.236,LlamaForCausalLM,fine-tunedondomain-specificdatasets,False,False,base_removed
EpistemeAI/Reasoning-Llama-3.2-1B-Instruct-v1.3,EpistemeAI/Reasoning-Llama-3.2-1B-Instruct-v1.3,EpistemeAI,0,True,2025-02,1.236,LlamaForCausalLM,fine-tunedondomain-specificdatasets,False,False,base_removed
EpistemeAI/Reasoning-Llama-3.2-3B-Math-Instruct-RE1,EpistemeAI/Reasoning-Llama-3.2-3B-Math-Instruct-RE1,EpistemeAI,0,True,,3.213,LlamaForCausalLM,fine-tunedondomain-specificdatasets,False,False,base_removed
EpistemeAI/Reasoning-Llama-3.2-3B-Math-Instruct-RE1-ORPO,EpistemeAI/Reasoning-Llama-3.2-3B-Math-Instruct-RE1-ORPO,EpistemeAI,0,True,2025-01,3.213,LlamaForCausalLM,fine-tunedondomain-specificdatasets,False,False,base_removed
EpistemeAI/ReasoningCore-1.0-3B-Instruct-r01-Reflect-Math,meta-llama/Llama-3.2-3B-Instruct,meta-llama,1,False,2025-03,3.213,LlamaForCausalLM,fine-tunedondomain-specificdatasets,False,True,
EpistemeAI/ReasoningCore-3B-0,meta-llama/Llama-3.2-3B-Instruct,meta-llama,1,False,2025-02,3.213,LlamaForCausalLM,fine-tunedondomain-specificdatasets,False,True,
EpistemeAI/ReasoningCore-3B-Instruct-r01-Reflect,meta-llama/Llama-3.2-3B-Instruct,meta-llama,1,False,2025-02,3.213,LlamaForCausalLM,fine-tunedondomain-specificdatasets,False,True,
EpistemeAI/ReasoningCore-3B-R01,meta-llama/Llama-3.2-3B-Instruct,meta-llama,1,False,2025-02,3.213,LlamaForCausalLM,fine-tunedondomain-specificdatasets,False,True,
EpistemeAI/ReasoningCore-3B-RE1-V2,meta-llama/Llama-3.2-3B-Instruct,meta-llama,1,False,2025-02,3.213,LlamaForCausalLM,fine-tunedondomain-specificdatasets,False,True,
EpistemeAI/ReasoningCore-3B-RE1-V2A,meta-llama/Llama-3.2-3B-Instruct,meta-llama,1,False,2025-02,3.213,LlamaForCausalLM,fine-tunedondomain-specificdatasets,False,True,
EpistemeAI/ReasoningCore-3B-RE1-V2B,meta-llama/Llama-3.2-3B-Instruct,meta-llama,1,False,2025-02,3.213,LlamaForCausalLM,fine-tunedondomain-specificdatasets,False,True,
EpistemeAI/ReasoningCore-3B-RE1-V2C,meta-llama/Llama-3.2-3B-Instruct,meta-llama,1,False,2025-02,3.213,LlamaForCausalLM,fine-tunedondomain-specificdatasets,False,True,
EpistemeAI/ReasoningCore-3B-T1-V1,EpistemeAI/ReasoningCore-3B-T1-V1,EpistemeAI,0,True,2025-02,3.213,LlamaForCausalLM,fine-tunedondomain-specificdatasets,False,False,base_removed
EpistemeAI/ReasoningCore-3B-T1_1,EpistemeAI/ReasoningCore-3B-T1_1,EpistemeAI,0,True,2025-02,3.213,LlamaForCausalLM,fine-tunedondomain-specificdatasets,False,False,base_removed
EpistemeAI2/Athene-codegemma-2-7b-it-alpaca-v1.2,EpistemeAI2/Athene-codegemma-2-7b-it-alpaca-v1.2,EpistemeAI2,0,True,2024-08,7.0,GemmaForCausalLM,fine-tunedondomain-specificdatasets,False,False,base_removed
EpistemeAI2/Fireball-12B-v1.2,EpistemeAI2/Fireball-12B-v1.2,EpistemeAI2,0,True,2024-08,12.0,MistralForCausalLM,fine-tunedondomain-specificdatasets,False,False,base_removed
EpistemeAI2/Fireball-Alpaca-Llama3.1-8B-Philos,meta-llama/Meta-Llama-3.1-8B,meta-llama,1,False,2024-08,8.0,LlamaForCausalLM,fine-tunedondomain-specificdatasets,False,True,
EpistemeAI2/Fireball-Alpaca-Llama3.1.01-8B-Philos,meta-llama/Meta-Llama-3.1-8B,meta-llama,1,False,2024-09,8.0,LlamaForCausalLM,fine-tunedondomain-specificdatasets,False,True,
EpistemeAI2/Fireball-Alpaca-Llama3.1.03-8B-Philos,meta-llama/Meta-Llama-3.1-8B,meta-llama,1,False,2024-09,8.0,LlamaForCausalLM,fine-tunedondomain-specificdatasets,False,True,
EpistemeAI2/Fireball-Alpaca-Llama3.1.04-8B-Philos,meta-llama/Meta-Llama-3.1-8B,meta-llama,1,False,2024-09,8.0,LlamaForCausalLM,fine-tunedondomain-specificdatasets,False,True,
EpistemeAI2/Fireball-Alpaca-Llama3.1.06-8B-Philos-dpo,meta-llama/Meta-Llama-3.1-8B,meta-llama,1,False,2024-09,8.0,LlamaForCausalLM,chatmodels,False,True,
EpistemeAI2/Fireball-Alpaca-Llama3.1.07-8B-Philos-Math,meta-llama/Meta-Llama-3.1-8B,meta-llama,1,False,2024-09,8.0,LlamaForCausalLM,fine-tunedondomain-specificdatasets,False,True,
EpistemeAI2/Fireball-Alpaca-Llama3.1.08-8B-C-R1-KTO-Reflection,meta-llama/Meta-Llama-3.1-8B,meta-llama,1,False,2024-09,8.0,LlamaForCausalLM,chatmodels,False,True,
EpistemeAI2/Fireball-Alpaca-Llama3.1.08-8B-Philos-C-R1,meta-llama/Meta-Llama-3.1-8B,meta-llama,1,False,2024-09,8.0,LlamaForCausalLM,fine-tunedondomain-specificdatasets,False,True,
EpistemeAI2/Fireball-Llama-3.1-8B-Philos-Reflection,meta-llama/Meta-Llama-3.1-8B,meta-llama,1,False,2024-09,8.0,LlamaForCausalLM,fine-tunedondomain-specificdatasets,False,True,
EpistemeAI2/Fireball-MathMistral-Nemo-Base-2407-v2dpo,unsloth/Mistral-Nemo-Base-2407-bnb-4bit,unsloth,1,False,2024-08,11.58,MistralForCausalLM,chatmodels,False,True,
EpistemeAI2/Fireball-Meta-Llama-3.1-8B-Instruct-Agent-0.003-128K-code-math,EpistemeAI2/Fireball-Meta-Llama-3.1-8B-Instruct-Agent-0.003-128K-code-math,EpistemeAI2,0,True,2024-10,8.0,LlamaForCausalLM,fine-tunedondomain-specificdatasets,False,False,base_removed
EpistemeAI2/Fireball-Meta-Llama-3.1-8B-Instruct-Agent-0.005-128K-code-COT,EpistemeAI2/Fireball-Meta-Llama-3.1-8B-Instruct-Agent-0.005-128K-code-COT,EpistemeAI2,0,True,2024-10,8.0,LlamaForCausalLM,fine-tunedondomain-specificdatasets,False,False,base_removed
EpistemeAI2/Fireball-Phi-3-medium-4k-inst-Philos,unsloth/phi-3-medium-4k-instruct-bnb-4bit,unsloth,1,False,2024-09,13.96,MistralForCausalLM,chatmodels,False,True,
Eric111/CatunaMayo,Eric111/CatunaMayo,Eric111,0,False,2024-02,7.242,MistralForCausalLM,fine-tunedondomain-specificdatasets,False,False,merge
Eric111/CatunaMayo-DPO,Eric111/CatunaMayo-DPO,Eric111,0,False,2024-02,7.242,MistralForCausalLM,fine-tunedondomain-specificdatasets,False,False,merge
Etherll/Chocolatine-3B-Instruct-DPO-Revised-Ties,Etherll/Chocolatine-3B-Instruct-DPO-Revised-Ties,Etherll,0,True,,3.821,Phi3ForCausalLM,fine-tunedondomain-specificdatasets,False,False,base_removed
Etherll/Chocolatine-3B-Instruct-DPO-Revised-Ties-v2,Etherll/Chocolatine-3B-Instruct-DPO-Revised-Ties-v2,Etherll,0,True,,3.821,Phi3ForCausalLM,fine-tunedondomain-specificdatasets,False,False,base_removed
Etherll/Herplete-LLM-Llama-3.1-8b,Etherll/Herplete-LLM-Llama-3.1-8b (Merge),Etherll,1,False,2024-08,8.03,LlamaForCausalLM,fine-tunedondomain-specificdatasets,False,False,merge
Etherll/Herplete-LLM-Llama-3.1-8b-Ties,Etherll/Herplete-LLM-Llama-3.1-8b-Ties (Merge),Etherll,1,False,2024-10,8.03,LlamaForCausalLM,fine-tunedondomain-specificdatasets,False,False,merge
Etherll/Qwen2.5-7B-della-test,Etherll/Qwen2.5-7B-della-test (Merge),Etherll,1,False,2024-11,7.616,Qwen2ForCausalLM,basemergesandmoerges,False,False,merge
Etherll/Qwen2.5-Coder-7B-Instruct-Ties,Etherll/Qwen2.5-Coder-7B-Instruct-Ties (Merge),Etherll,1,False,2024-09,7.616,Qwen2ForCausalLM,fine-tunedondomain-specificdatasets,False,False,merge
Etherll/Replete-LLM-V3-Llama-3.1-8b,Etherll/Replete-LLM-V3-Llama-3.1-8b (Merge),Etherll,1,False,2024-08,8.03,LlamaForCausalLM,fine-tunedondomain-specificdatasets,False,False,merge
Etherll/SuperHermes,Etherll/SuperHermes (Merge),Etherll,1,False,2024-10,8.03,LlamaForCausalLM,fine-tunedondomain-specificdatasets,False,False,merge
Eurdem/Defne-llama3.1-8B,Eurdem/Defne-llama3.1-8B,Eurdem,0,False,2024-07,8.03,LlamaForCausalLM,fine-tunedondomain-specificdatasets,False,True,
FINGU-AI/Chocolatine-Fusion-14B,FINGU-AI/Chocolatine-Fusion-14B,FINGU-AI,0,False,2025-02,8.367,Qwen2ForCausalLM,basemergesandmoerges,False,False,merge
FINGU-AI/L3-8B,FINGU-AI/L3-8B,FINGU-AI,0,False,2025-01,8.03,LlamaForCausalLM,basemergesandmoerges,False,False,merge
FINGU-AI/Phi-4-RRStock,FINGU-AI/Phi-4-RRStock,FINGU-AI,0,False,2025-02,6.652,LlamaForCausalLM,basemergesandmoerges,False,False,merge
FINGU-AI/Q-Small-3B,FINGU-AI/Q-Small-3B,FINGU-AI,0,False,2025-01,3.086,Qwen2ForCausalLM,basemergesandmoerges,False,False,merge
FINGU-AI/QwQ-Buddy-32B-Alpha,FINGU-AI/QwQ-Buddy-32B-Alpha,FINGU-AI,0,False,2025-02,19.662,Qwen2ForCausalLM,basemergesandmoerges,False,False,merge
FINGU-AI/RomboUltima-32B,FINGU-AI/RomboUltima-32B,FINGU-AI,0,False,2025-02,17.645,Qwen2ForCausalLM,basemergesandmoerges,False,False,merge
FINGU-AI/Ultimos-32B,FINGU-AI/Ultimos-32B,FINGU-AI,0,False,2025-02,9.604,Qwen2ForCausalLM,basemergesandmoerges,False,False,merge
FallenMerick/Chewy-Lemon-Cookie-11B,FallenMerick/Chewy-Lemon-Cookie-11B (Merge),FallenMerick,1,False,2024-06,10.732,MistralForCausalLM,basemergesandmoerges,False,False,merge
Felladrin/Llama-160M-Chat-v1,JackFram/llama-160m,JackFram,1,True,2023-12,0.162,LlamaForCausalLM,chatmodels,False,True,
Felladrin/Minueza-32M-UltraChat,Felladrin/Minueza-32M-Base,Felladrin,1,False,2024-02,0.033,MistralForCausalLM,chatmodels,False,True,
FlofloB/100k_fineweb_continued_pretraining_Qwen2.5-0.5B-Instruct_Unsloth_merged_16bit,Qwen/Qwen2.5-0.5B,Qwen,1,True,2024-11,0.5,Qwen2ForCausalLM,continuouslypretrained,False,True,
FlofloB/10k_continued_pretraining_Phi-3-mini-4k-instruct_Unsloth_merged_16bit,unsloth/phi-3-mini-4k-instruct-bnb-4bit,unsloth,1,False,2024-11,16.0,MistralForCausalLM,continuouslypretrained,False,True,
FlofloB/10k_continued_pretraining_Qwen2.5-0.5B-Instruct_Unsloth_merged_16bit,Qwen/Qwen2.5-0.5B,Qwen,1,True,2024-11,0.5,Qwen2ForCausalLM,continuouslypretrained,False,True,
FlofloB/40k_continued_pretraining_Qwen2.5-0.5B-Instruct_Unsloth_merged_16bit,Qwen/Qwen2.5-0.5B,Qwen,1,True,2024-11,0.5,Qwen2ForCausalLM,continuouslypretrained,False,True,
FlofloB/83k_continued_pretraining_Qwen2.5-0.5B-Instruct_Unsloth_merged_16bit,Qwen/Qwen2.5-0.5B,Qwen,1,True,2024-11,0.5,Qwen2ForCausalLM,continuouslypretrained,False,True,
FlofloB/smollm2-135M_pretrained_1000k_fineweb,HuggingFaceTB/SmolLM2-135M,HuggingFaceTB,1,True,2025-01,0.135,LlamaForCausalLM,pretrained,False,True,
FlofloB/smollm2-135M_pretrained_1000k_fineweb_uncovai_human_removed,HuggingFaceTB/SmolLM2-135M,HuggingFaceTB,1,True,2025-01,0.135,LlamaForCausalLM,pretrained,False,True,
FlofloB/smollm2-135M_pretrained_1000k_fineweb_uncovai_selected,HuggingFaceTB/SmolLM2-135M,HuggingFaceTB,1,True,2025-01,0.135,LlamaForCausalLM,pretrained,False,True,
FlofloB/smollm2-135M_pretrained_1200k_fineweb,HuggingFaceTB/SmolLM2-135M,HuggingFaceTB,1,True,2025-01,0.135,LlamaForCausalLM,pretrained,False,True,
FlofloB/smollm2-135M_pretrained_1200k_fineweb_uncovai_human_removed,HuggingFaceTB/SmolLM2-135M,HuggingFaceTB,1,True,2025-01,0.135,LlamaForCausalLM,pretrained,False,True,
FlofloB/smollm2-135M_pretrained_1200k_fineweb_uncovai_selected,HuggingFaceTB/SmolLM2-135M,HuggingFaceTB,1,True,2025-01,0.135,LlamaForCausalLM,pretrained,False,True,
FlofloB/smollm2-135M_pretrained_1400k_fineweb,HuggingFaceTB/SmolLM2-135M,HuggingFaceTB,1,True,2025-01,0.135,LlamaForCausalLM,pretrained,False,True,
FlofloB/smollm2-135M_pretrained_1400k_fineweb_uncovai_human_removed,HuggingFaceTB/SmolLM2-135M,HuggingFaceTB,1,True,2025-01,0.135,LlamaForCausalLM,pretrained,False,True,
FlofloB/smollm2-135M_pretrained_1400k_fineweb_uncovai_selected,HuggingFaceTB/SmolLM2-135M,HuggingFaceTB,1,True,2025-01,0.135,LlamaForCausalLM,pretrained,False,True,
FlofloB/smollm2-135M_pretrained_200k_fineweb_uncovai_human_removed,HuggingFaceTB/SmolLM2-135M,HuggingFaceTB,1,True,2025-01,0.135,LlamaForCausalLM,pretrained,False,True,
FlofloB/smollm2-135M_pretrained_200k_fineweb_uncovai_selected,HuggingFaceTB/SmolLM2-135M,HuggingFaceTB,1,True,2025-01,0.135,LlamaForCausalLM,pretrained,False,True,
FlofloB/smollm2-135M_pretrained_400k_fineweb,HuggingFaceTB/SmolLM2-135M,HuggingFaceTB,1,True,2025-01,0.135,LlamaForCausalLM,pretrained,False,True,
FlofloB/smollm2-135M_pretrained_400k_fineweb_uncovai_human_removed,HuggingFaceTB/SmolLM2-135M,HuggingFaceTB,1,True,2025-01,0.135,LlamaForCausalLM,pretrained,False,True,
FlofloB/smollm2-135M_pretrained_400k_fineweb_uncovai_selected,HuggingFaceTB/SmolLM2-135M,HuggingFaceTB,1,True,2025-01,0.135,LlamaForCausalLM,pretrained,False,True,
FlofloB/smollm2-135M_pretrained_600k_fineweb,HuggingFaceTB/SmolLM2-135M,HuggingFaceTB,1,True,2025-01,0.135,LlamaForCausalLM,pretrained,False,True,
FlofloB/smollm2-135M_pretrained_600k_fineweb_uncovai_human_removed,HuggingFaceTB/SmolLM2-135M,HuggingFaceTB,1,True,2025-01,0.135,LlamaForCausalLM,pretrained,False,True,
FlofloB/smollm2-135M_pretrained_600k_fineweb_uncovai_selected,HuggingFaceTB/SmolLM2-135M,HuggingFaceTB,1,True,2025-01,0.135,LlamaForCausalLM,pretrained,False,True,
FlofloB/smollm2-135M_pretrained_800k_fineweb,HuggingFaceTB/SmolLM2-135M,HuggingFaceTB,1,True,2025-01,0.135,LlamaForCausalLM,pretrained,False,True,
FlofloB/smollm2-135M_pretrained_800k_fineweb_uncovai_human_removed,HuggingFaceTB/SmolLM2-135M,HuggingFaceTB,1,True,2025-01,0.135,LlamaForCausalLM,pretrained,False,True,
FlofloB/smollm2-135M_pretrained_800k_fineweb_uncovai_selected,HuggingFaceTB/SmolLM2-135M,HuggingFaceTB,1,True,2025-01,0.135,LlamaForCausalLM,pretrained,False,True,
FlofloB/smollm2_pretrained_200k_fineweb,HuggingFaceTB/SmolLM2-135M,HuggingFaceTB,1,True,2025-01,0.135,LlamaForCausalLM,pretrained,False,True,
FlofloB/test_continued_pretraining_Phi-3-mini-4k-instruct_Unsloth_merged_16bit,unsloth/phi-3-mini-4k-instruct-bnb-4bit,unsloth,1,False,2024-11,16.0,MistralForCausalLM,continuouslypretrained,False,True,
FuJhen/ft-openhermes-25-mistral-7b-irca-dpo-pairs,FuJhen/ft-openhermes-25-mistral-7b-irca-dpo-pairs (Merge),FuJhen,1,False,2024-09,14.483,?,chatmodels,False,False,merge
FuJhen/mistral-instruct-7B-DPO,FuJhen/mistral-instruct-7B-DPO (Merge),FuJhen,1,False,2024-09,14.496,?,chatmodels,False,False,merge
FuJhen/mistral_7b_v0.1_structedData_e2e,FuJhen/mistral_7b_v0.1_structedData_e2e (Merge),FuJhen,1,False,2024-09,7.0,?,fine-tunedondomain-specificdatasets,False,False,merge
FuJhen/mistral_7b_v0.1_structedData_viggo,FuJhen/mistral_7b_v0.1_structedData_viggo (Merge),FuJhen,1,False,2024-09,14.483,?,fine-tunedondomain-specificdatasets,False,False,merge
FuseAI/FuseChat-7B-v2.0,openchat/openchat_3.5,openchat,1,False,2024-08,7.242,MistralForCausalLM,fine-tunedondomain-specificdatasets,False,True,
FuseAI/FuseChat-Llama-3.1-8B-Instruct,FuseAI/FuseChat-Llama-3.1-8B-Instruct,FuseAI,0,False,2024-11,8.03,LlamaForCausalLM,chatmodels,False,True,
FuseAI/FuseChat-Llama-3.2-3B-Instruct,FuseAI/FuseChat-Llama-3.2-3B-Instruct,FuseAI,0,False,2024-12,3.213,LlamaForCausalLM,fine-tunedondomain-specificdatasets,False,True,
FuseAI/FuseChat-Qwen-2.5-7B-Instruct,FuseAI/FuseChat-Qwen-2.5-7B-Instruct,FuseAI,0,False,2024-11,7.616,Qwen2ForCausalLM,fine-tunedondomain-specificdatasets,False,True,
GalrionSoftworks/MN-LooseCannon-12B-v1,GalrionSoftworks/MN-LooseCannon-12B-v1 (Merge),GalrionSoftworks,1,False,2024-08,12.248,MistralForCausalLM,basemergesandmoerges,False,False,merge
GalrionSoftworks/MagnusIntellectus-12B-v1,GalrionSoftworks/MagnusIntellectus-12B-v1 (Merge),GalrionSoftworks,1,False,2024-08,12.248,MistralForCausalLM,basemergesandmoerges,False,False,merge
GenVRadmin/AryaBhatta-GemmaOrca-2-Merged,GenVRadmin/AryaBhatta-GemmaOrca-2-Merged,GenVRadmin,0,False,2024-04,8.538,GemmaForCausalLM,fine-tunedondomain-specificdatasets,False,True,
GenVRadmin/AryaBhatta-GemmaOrca-Merged,GenVRadmin/AryaBhatta-GemmaOrca-Merged,GenVRadmin,0,False,2024-04,8.538,GemmaForCausalLM,fine-tunedondomain-specificdatasets,False,True,
GenVRadmin/AryaBhatta-GemmaUltra-Merged,GenVRadmin/AryaBhatta-GemmaUltra-Merged,GenVRadmin,0,False,2024-04,8.538,GemmaForCausalLM,fine-tunedondomain-specificdatasets,False,True,
GenVRadmin/llama38bGenZ_Vikas-Merged,GenVRadmin/llama38bGenZ_Vikas-Merged,GenVRadmin,0,False,2024-05,8.03,LlamaForCausalLM,fine-tunedondomain-specificdatasets,False,True,
GoToCompany/gemma2-9b-cpt-sahabatai-v1-instruct,GoToCompany/gemma2-9b-cpt-sahabatai-v1-instruct (Merge),GoToCompany,1,False,2024-11,9.242,Gemma2ForCausalLM,fine-tunedondomain-specificdatasets,False,False,merge
GoToCompany/llama3-8b-cpt-sahabatai-v1-instruct,GoToCompany/llama3-8b-cpt-sahabatai-v1-instruct (Merge),GoToCompany,1,False,2024-11,8.03,LlamaForCausalLM,fine-tunedondomain-specificdatasets,False,False,merge
Goekdeniz-Guelmez/Josiefied-Qwen2.5-0.5B-Instruct-abliterated-v1,Qwen/Qwen2.5-0.5B,Qwen,1,True,2024-11,0.63,Qwen2ForCausalLM,fine-tunedondomain-specificdatasets,False,True,
Goekdeniz-Guelmez/Josiefied-Qwen2.5-1.5B-Instruct-abliterated-v1,Qwen/Qwen2.5-1.5B,Qwen,1,True,2024-09,1.777,Qwen2ForCausalLM,chatmodels,False,True,
Goekdeniz-Guelmez/Josiefied-Qwen2.5-1.5B-Instruct-abliterated-v2,Qwen/Qwen2.5-1.5B,Qwen,1,True,2024-09,1.544,Qwen2ForCausalLM,chatmodels,False,True,
Goekdeniz-Guelmez/Josiefied-Qwen2.5-1.5B-Instruct-abliterated-v3,Qwen/Qwen2.5-1.5B,Qwen,1,True,2024-09,1.544,Qwen2ForCausalLM,chatmodels,False,True,
Goekdeniz-Guelmez/Josiefied-Qwen2.5-14B-Instruct-abliterated-v4,Qwen/Qwen2.5-14B,Qwen,1,True,2024-10,14.77,Qwen2ForCausalLM,fine-tunedondomain-specificdatasets,False,True,
Goekdeniz-Guelmez/Josiefied-Qwen2.5-7B-Instruct-abliterated-v2,Qwen/Qwen2.5-7B,Qwen,1,True,2024-09,7.616,Qwen2ForCausalLM,chatmodels,False,True,
Goekdeniz-Guelmez/j.o.s.i.e.v4o-1.5b-dpo-stage1-v1,Qwen/Qwen2.5-1.5B,Qwen,1,True,2024-10,1.544,Qwen2ForCausalLM,fine-tunedondomain-specificdatasets,False,True,
Goekdeniz-Guelmez/josie-3b-v6.0,Goekdeniz-Guelmez/josie-3b-v6.0,Goekdeniz-Guelmez,0,True,2024-12,3.086,Qwen2ForCausalLM,fine-tunedondomain-specificdatasets,False,False,base_removed
Goekdeniz-Guelmez/josie-7b-v6.0,Qwen/Qwen2.5-7B,Qwen,1,True,2024-12,7.616,Qwen2ForCausalLM,fine-tunedondomain-specificdatasets,False,True,
Goekdeniz-Guelmez/josie-7b-v6.0-step2000,Qwen/Qwen2.5-7B,Qwen,1,True,2024-12,7.616,Qwen2ForCausalLM,chatmodels,False,True,
GreenNode/GreenNode-small-9B-it,GreenNode/GreenNode-small-9B-it,GreenNode,0,True,,9.242,Gemma2ForCausalLM,continuouslypretrained,False,False,base_removed
GritLM/GritLM-7B-KTO,GritLM/GritLM-7B-KTO,GritLM,0,False,2024-04,7.242,MistralForCausalLM,chatmodels,False,True,
GritLM/GritLM-8x7B-KTO,GritLM/GritLM-8x7B-KTO,GritLM,0,False,2024-04,46.703,MixtralForCausalLM,chatmodels,False,True,
Groq/Llama-3-Groq-8B-Tool-Use,meta-llama/Meta-Llama-3-8B,meta-llama,1,True,2024-06,8.03,LlamaForCausalLM,fine-tunedondomain-specificdatasets,False,True,
Gryphe/Pantheon-RP-1.0-8b-Llama-3,meta-llama/Meta-Llama-3-8B,meta-llama,1,True,2024-05,8.03,LlamaForCausalLM,fine-tunedondomain-specificdatasets,False,True,
Gryphe/Pantheon-RP-1.5-12b-Nemo,mistralai/Mistral-Nemo-Base-2407,mistralai,1,True,2024-07,12.248,MistralForCausalLM,fine-tunedondomain-specificdatasets,False,True,
Gryphe/Pantheon-RP-1.6-12b-Nemo,mistralai/Mistral-Nemo-Base-2407,mistralai,1,True,2024-08,12.248,MistralForCausalLM,fine-tunedondomain-specificdatasets,False,True,
Gryphe/Pantheon-RP-1.6-12b-Nemo-KTO,mistralai/Mistral-Nemo-Base-2407,mistralai,1,True,2024-08,12.248,MistralForCausalLM,fine-tunedondomain-specificdatasets,False,True,
Gryphe/Pantheon-RP-Pure-1.6.2-22b-Small,mistralai/Mistral-Small-Instruct-2409,mistralai,1,False,2024-10,22.247,MistralForCausalLM,fine-tunedondomain-specificdatasets,False,True,
GuilhermeNaturaUmana/Nature-Reason-1.2-reallysmall,GuilhermeNaturaUmana/Nature-Reason-1.2-reallysmall,GuilhermeNaturaUmana,0,True,,7.616,Qwen2ForCausalLM,fine-tunedondomain-specificdatasets,False,False,base_removed
Gunulhona/Gemma-Ko-Merge,Gunulhona/Gemma-Ko-Merge (Merge),Gunulhona,1,False,2024-09,10.159,Gemma2ForCausalLM,chatmodels,False,False,merge
Gunulhona/Gemma-Ko-Merge-PEFT,Gunulhona/Gemma-Ko-Merge-PEFT,Gunulhona,0,False,2024-09,20.318,?,fine-tunedondomain-specificdatasets,False,True,
HPAI-BSC/Llama3-Aloe-8B-Alpha,HPAI-BSC/Llama3-Aloe-8B-Alpha,HPAI-BSC,0,False,2024-04,8.03,LlamaForCausalLM,fine-tunedondomain-specificdatasets,False,True,
HPAI-BSC/Llama3.1-Aloe-Beta-8B,HPAI-BSC/Llama3.1-Aloe-Beta-8B,HPAI-BSC,0,False,2024-10,8.03,LlamaForCausalLM,fine-tunedondomain-specificdatasets,False,True,
HPAI-BSC/Qwen2.5-Aloe-Beta-7B,HPAI-BSC/Qwen2.5-Aloe-Beta-7B,HPAI-BSC,0,False,2024-12,7.616,Qwen2ForCausalLM,fine-tunedondomain-specificdatasets,False,True,
HarbingerX/Zeitgeist-3b-V1,HarbingerX/Zeitgeist-3b-V1,HarbingerX,0,True,,3.213,LlamaForCausalLM,fine-tunedondomain-specificdatasets,False,False,base_removed
HarbingerX/Zeitgeist-3b-V1.2,HarbingerX/Zeitgeist-3b-V1.2,HarbingerX,0,True,,3.213,LlamaForCausalLM,fine-tunedondomain-specificdatasets,False,False,base_removed
Hastagaras/L3.2-JametMini-3B-MK.III,Hastagaras/L3.2-JametMini-3B-MK.III (Merge),Hastagaras,1,False,2024-10,3.213,LlamaForCausalLM,fine-tunedondomain-specificdatasets,False,False,merge
Hastagaras/Llama-3.1-Jamet-8B-MK.I,Hastagaras/Llama-3.1-Jamet-8B-MK.I,Hastagaras,0,False,2024-11,8.03,LlamaForCausalLM,fine-tunedondomain-specificdatasets,False,True,
Hastagaras/Zabuza-8B-Llama-3.1,Hastagaras/Zabuza-8B-Llama-3.1 (Merge),Hastagaras,1,False,2024-11,8.03,LlamaForCausalLM,basemergesandmoerges,False,False,merge
HelpingAI/Cipher-20B,HelpingAI/Cipher-20B,HelpingAI,0,False,2024-12,20.551,Qwen2ForCausalLM,fine-tunedondomain-specificdatasets,False,True,
HelpingAI/Dhanishtha-Large,HelpingAI/Dhanishtha-Large (Merge),HelpingAI,1,False,2025-02,7.613,Qwen2ForCausalLM,fine-tunedondomain-specificdatasets,False,False,merge
HelpingAI/Priya-10B,HelpingAI/HelpingAI2.5-10B,HelpingAI,1,False,2024-12,10.211,LlamaForCausalLM,continuouslypretrained,False,True,
HelpingAI/Priya-3B,HelpingAI/Priya-3B,HelpingAI,0,True,2024-12,2.81,LlamaForCausalLM,continuouslypretrained,False,True,
HeraiHench/DeepSeek-R1-Qwen-Coder-8B,HeraiHench/DeepSeek-R1-Qwen-Coder-8B,HeraiHench,0,True,,8.164,Qwen2ForCausalLM,basemergesandmoerges,False,False,merge
HeraiHench/Double-Down-Qwen-Math-7B,HeraiHench/Double-Down-Qwen-Math-7B,HeraiHench,0,True,,7.616,Qwen2ForCausalLM,basemergesandmoerges,False,False,merge
HeraiHench/Marge-Qwen-Math-7B,HeraiHench/Marge-Qwen-Math-7B,HeraiHench,0,True,,7.616,Qwen2ForCausalLM,basemergesandmoerges,False,False,merge
HeraiHench/Phi-4-slerp-ReasoningRP-14B,HeraiHench/Phi-4-slerp-ReasoningRP-14B,HeraiHench,0,True,,9.207,LlamaForCausalLM,basemergesandmoerges,False,False,merge
HiroseKoichi/Llama-Salad-4x8B-V3,HiroseKoichi/Llama-Salad-4x8B-V3,HiroseKoichi,0,False,2024-06,24.942,MixtralForCausalLM,basemergesandmoerges,True,False,merge
HoangHa/Pensez-Llama3.1-8B,HoangHa/Pensez-Llama3.1-8B,HoangHa,0,False,2025-02,8.03,LlamaForCausalLM,fine-tunedondomain-specificdatasets,False,True,
HuggingFaceH4/zephyr-7b-alpha,mistralai/Mistral-7B-v0.1,mistralai,1,True,2023-10,7.242,MistralForCausalLM,chatmodels,False,True,
HuggingFaceH4/zephyr-7b-beta,mistralai/Mistral-7B-v0.1,mistralai,1,True,2023-10,7.242,MistralForCausalLM,chatmodels,False,True,
HuggingFaceH4/zephyr-7b-gemma-v0.1,google/gemma-7b,google,1,True,2024-03,8.538,GemmaForCausalLM,chatmodels,False,True,
HuggingFaceH4/zephyr-orpo-141b-A35b-v0.1,mistral-community/Mixtral-8x22B-v0.1,mistral-community,1,False,2024-04,140.621,MixtralForCausalLM,chatmodels,False,True,
HuggingFaceTB/SmolLM-1.7B,HuggingFaceTB/SmolLM-1.7B,HuggingFaceTB,0,True,2024-07,1.71,LlamaForCausalLM,pretrained,False,True,
HuggingFaceTB/SmolLM-1.7B-Instruct,HuggingFaceTB/SmolLM-1.7B,HuggingFaceTB,1,True,2024-07,1.71,LlamaForCausalLM,chatmodels,False,True,
HuggingFaceTB/SmolLM-135M,HuggingFaceTB/SmolLM-135M,HuggingFaceTB,0,True,2024-07,0.13,LlamaForCausalLM,pretrained,False,True,
HuggingFaceTB/SmolLM-135M-Instruct,HuggingFaceTB/SmolLM-135M,HuggingFaceTB,1,True,2024-07,0.135,LlamaForCausalLM,chatmodels,False,True,
HuggingFaceTB/SmolLM-360M,HuggingFaceTB/SmolLM-360M,HuggingFaceTB,0,True,2024-07,0.36,LlamaForCausalLM,pretrained,False,True,
HuggingFaceTB/SmolLM-360M-Instruct,HuggingFaceTB/SmolLM-360M,HuggingFaceTB,1,True,2024-07,0.362,LlamaForCausalLM,chatmodels,False,True,
HuggingFaceTB/SmolLM2-1.7B,HuggingFaceTB/SmolLM2-1.7B,HuggingFaceTB,0,True,2024-10,1.71,LlamaForCausalLM,pretrained,False,True,
HuggingFaceTB/SmolLM2-1.7B-Instruct,HuggingFaceTB/SmolLM2-1.7B-Instruct (Merge),HuggingFaceTB,1,False,2024-10,1.711,LlamaForCausalLM,chatmodels,False,False,merge
HuggingFaceTB/SmolLM2-135M,HuggingFaceTB/SmolLM2-135M,HuggingFaceTB,0,True,2024-10,0.135,LlamaForCausalLM,pretrained,False,True,
HuggingFaceTB/SmolLM2-135M-Instruct,HuggingFaceTB/SmolLM2-135M-Instruct (Merge),HuggingFaceTB,1,False,2024-10,0.135,LlamaForCausalLM,chatmodels,False,False,merge
HuggingFaceTB/SmolLM2-360M,HuggingFaceTB/SmolLM2-360M,HuggingFaceTB,0,True,2024-10,0.36,LlamaForCausalLM,pretrained,False,True,
HuggingFaceTB/SmolLM2-360M-Instruct,HuggingFaceTB/SmolLM2-360M-Instruct,HuggingFaceTB,0,False,2024-10,0.362,LlamaForCausalLM,fine-tunedondomain-specificdatasets,False,True,
HumanLLMs/Humanish-LLama3-8B-Instruct,meta-llama/Meta-Llama-3-8B-Instruct,meta-llama,1,False,2024-10,8.03,LlamaForCausalLM,chatmodels,False,True,
HumanLLMs/Humanish-Mistral-Nemo-Instruct-2407,mistralai/Mistral-Nemo-Base-2407,mistralai,1,True,2024-10,12.248,MistralForCausalLM,chatmodels,False,True,
HumanLLMs/Humanish-Qwen2.5-7B-Instruct,Qwen/Qwen2.5-7B,Qwen,1,True,2024-10,7.616,Qwen2ForCausalLM,chatmodels,False,True,
IDEA-CCNL/Ziya-LLaMA-13B-v1,IDEA-CCNL/Ziya-LLaMA-13B-v1,IDEA-CCNL,0,False,2023-05,13.0,LlamaForCausalLM,fine-tunedondomain-specificdatasets,False,True,
INSAIT-Institute/BgGPT-Gemma-2-27B-IT-v1.0,INSAIT-Institute/BgGPT-Gemma-2-27B-IT-v1.0 (Merge),INSAIT-Institute,1,False,2024-11,27.227,Gemma2ForCausalLM,continuouslypretrained,False,False,merge
IlyaGusev/gemma-2-2b-it-abliterated,IlyaGusev/gemma-2-2b-it-abliterated,IlyaGusev,0,False,2024-07,2.614,Gemma2ForCausalLM,chatmodels,False,True,
IlyaGusev/gemma-2-9b-it-abliterated,IlyaGusev/gemma-2-9b-it-abliterated,IlyaGusev,0,False,2024-07,9.242,Gemma2ForCausalLM,chatmodels,False,True,
Infinirc/Infinirc-Llama3-8B-2G-Release-v1.0,Infinirc/Infinirc-Llama3-8B-2G-Release-v1.0,Infinirc,0,False,2024-06,8.03,LlamaForCausalLM,fine-tunedondomain-specificdatasets,False,True,
Intel/neural-chat-7b-v3,mistralai/Mistral-7B-v0.1,mistralai,1,True,2023-10,7.0,MistralForCausalLM,fine-tunedondomain-specificdatasets,False,True,
Intel/neural-chat-7b-v3-1,mistralai/Mistral-7B-v0.1,mistralai,1,True,2023-11,7.242,MistralForCausalLM,fine-tunedondomain-specificdatasets,False,True,
Intel/neural-chat-7b-v3-2,Intel/neural-chat-7b-v3-2,Intel,0,False,2023-11,7.0,MistralForCausalLM,fine-tunedondomain-specificdatasets,False,True,
Intel/neural-chat-7b-v3-3,mistralai/Mistral-7B-v0.1,mistralai,1,True,2023-12,7.0,MistralForCausalLM,fine-tunedondomain-specificdatasets,False,True,
IntervitensInc/internlm2_5-20b-llamafied,IntervitensInc/internlm2_5-20b-llamafied,IntervitensInc,0,True,2024-08,19.861,LlamaForCausalLM,pretrained,False,True,
Invalid-Null/PeiYangMe-0.5,Invalid-Null/PeiYangMe-0.5 (Merge),Invalid-Null,1,False,2024-12,6.061,LlamaForCausalLM,fine-tunedondomain-specificdatasets,False,False,merge
Invalid-Null/PeiYangMe-0.7,Invalid-Null/PeiYangMe-0.7 (Merge),Invalid-Null,1,False,2024-12,6.061,LlamaForCausalLM,fine-tunedondomain-specificdatasets,False,False,merge
Isaak-Carter/JOSIEv4o-8b-stage1-v4,Isaak-Carter/JOSIEv4o-8b-stage1-v4,Isaak-Carter,0,False,2024-08,8.03,LlamaForCausalLM,chatmodels,False,True,
Isaak-Carter/Josiefied-Qwen2.5-7B-Instruct-abliterated,Isaak-Carter/Josiefied-Qwen2.5-7B-Instruct-abliterated,Isaak-Carter,0,True,,7.616,Qwen2ForCausalLM,fine-tunedondomain-specificdatasets,False,False,base_removed
Isaak-Carter/Josiefied-Qwen2.5-7B-Instruct-abliterated-v2,Qwen/Qwen2.5-7B,Qwen,1,True,2024-09,7.616,Qwen2ForCausalLM,fine-tunedondomain-specificdatasets,False,True,
J-LAB/Thynk_orpo,J-LAB/Thynk_orpo,J-LAB,0,True,,3.086,Qwen2ForCausalLM,fine-tunedondomain-specificdatasets,False,False,base_removed
JackFram/llama-160m,JackFram/llama-160m,JackFram,0,True,2023-05,0.162,LlamaForCausalLM,pretrained,False,True,
JackFram/llama-68m,JackFram/llama-68m,JackFram,0,True,2023-07,0.068,LlamaForCausalLM,pretrained,False,True,
Jacoby746/Casual-Magnum-34B,Jacoby746/Casual-Magnum-34B (Merge),Jacoby746,1,False,2024-10,34.389,LlamaForCausalLM,fine-tunedondomain-specificdatasets,False,False,merge
Jacoby746/Inf-Silent-Kunoichi-v0.1-2x7B,Jacoby746/Inf-Silent-Kunoichi-v0.1-2x7B (Merge),Jacoby746,1,False,2024-09,12.879,MixtralForCausalLM,basemergesandmoerges,False,False,merge
Jacoby746/Inf-Silent-Kunoichi-v0.2-2x7B,Jacoby746/Inf-Silent-Kunoichi-v0.2-2x7B (Merge),Jacoby746,1,False,2024-09,12.879,MixtralForCausalLM,basemergesandmoerges,False,False,merge
Jacoby746/Proto-Athena-4x7B,Jacoby746/Proto-Athena-4x7B (Merge),Jacoby746,1,False,2024-09,24.154,MixtralForCausalLM,basemergesandmoerges,False,False,merge
Jacoby746/Proto-Athena-v0.2-4x7B,Jacoby746/Proto-Athena-v0.2-4x7B (Merge),Jacoby746,1,False,2024-09,24.154,MixtralForCausalLM,basemergesandmoerges,False,False,merge
Jacoby746/Proto-Harpy-Blazing-Light-v0.1-2x7B,Jacoby746/Proto-Harpy-Blazing-Light-v0.1-2x7B (Merge),Jacoby746,1,False,2024-09,12.879,MixtralForCausalLM,basemergesandmoerges,False,False,merge
Jacoby746/Proto-Harpy-Spark-v0.1-7B,Jacoby746/Proto-Harpy-Spark-v0.1-7B (Merge),Jacoby746,1,False,2024-09,7.242,MistralForCausalLM,basemergesandmoerges,False,False,merge
JayHyeon/Qwen-0.5B-DPO-1epoch,JayHyeon/Qwen-0.5B-DPO-1epoch,JayHyeon,0,False,2024-12,0.494,Qwen2Model,fine-tunedondomain-specificdatasets,False,True,
JayHyeon/Qwen-0.5B-DPO-5epoch,JayHyeon/Qwen-0.5B-DPO-5epoch,JayHyeon,0,False,2024-12,0.494,Qwen2Model,fine-tunedondomain-specificdatasets,False,True,
JayHyeon/Qwen-0.5B-IRPO-1epoch,JayHyeon/Qwen-0.5B-IRPO-1epoch,JayHyeon,0,False,2024-12,0.494,Qwen2Model,fine-tunedondomain-specificdatasets,False,True,
JayHyeon/Qwen-0.5B-IRPO-5epoch,JayHyeon/Qwen-0.5B-IRPO-5epoch,JayHyeon,0,False,2024-12,0.494,Qwen2Model,fine-tunedondomain-specificdatasets,False,True,
JayHyeon/Qwen-0.5B-eDPO-1epoch,JayHyeon/Qwen-0.5B-eDPO-1epoch,JayHyeon,0,False,2024-12,0.494,Qwen2Model,fine-tunedondomain-specificdatasets,False,True,
JayHyeon/Qwen-0.5B-eDPO-5epoch,JayHyeon/Qwen-0.5B-eDPO-5epoch,JayHyeon,0,False,2024-12,0.494,Qwen2Model,fine-tunedondomain-specificdatasets,False,True,
JayHyeon/Qwen2.5-0.5B-Instruct-SFT,Qwen/Qwen2.5-0.5B,Qwen,1,True,2024-12,0.63,Qwen2ForCausalLM,fine-tunedondomain-specificdatasets,False,True,
JayHyeon/Qwen2.5-0.5B-Instruct-SFT-DPO-1epoch_v1,JayHyeon/Qwen2.5-0.5B-Instruct-SFT-DPO-1epoch_v1,JayHyeon,0,False,2024-12,0.494,Qwen2Model,fine-tunedondomain-specificdatasets,False,True,
JayHyeon/Qwen2.5-0.5B-Instruct-SFT-IRPO-1epoch_v1,JayHyeon/Qwen2.5-0.5B-Instruct-SFT-IRPO-1epoch_v1,JayHyeon,0,False,2024-12,0.494,Qwen2Model,fine-tunedondomain-specificdatasets,False,True,
JayHyeon/Qwen2.5-0.5B-Instruct-SFT-MDPO-1epoch_v1,JayHyeon/Qwen2.5-0.5B-Instruct-SFT-MDPO-1epoch_v1,JayHyeon,0,False,2024-12,0.494,Qwen2Model,fine-tunedondomain-specificdatasets,False,True,
JayHyeon/Qwen2.5-0.5B-SFT,Qwen/Qwen2.5-0.5B,Qwen,1,True,2024-12,0.63,Qwen2ForCausalLM,fine-tunedondomain-specificdatasets,False,True,
JayHyeon/Qwen2.5-0.5B-SFT-1e-4,Qwen/Qwen2.5-0.5B,Qwen,1,True,2024-12,0.63,Qwen2ForCausalLM,fine-tunedondomain-specificdatasets,False,True,
JayHyeon/Qwen2.5-0.5B-SFT-1e-4-2ep,Qwen/Qwen2.5-0.5B,Qwen,1,True,2024-12,0.63,Qwen2ForCausalLM,fine-tunedondomain-specificdatasets,False,True,
JayHyeon/Qwen2.5-0.5B-SFT-1e-4-3ep,Qwen/Qwen2.5-0.5B,Qwen,1,True,2024-12,0.63,Qwen2ForCausalLM,fine-tunedondomain-specificdatasets,False,True,
JayHyeon/Qwen2.5-0.5B-SFT-1e-4-5ep,Qwen/Qwen2.5-0.5B,Qwen,1,True,2024-12,0.63,Qwen2ForCausalLM,fine-tunedondomain-specificdatasets,False,True,
JayHyeon/Qwen2.5-0.5B-SFT-1e-5,Qwen/Qwen2.5-0.5B,Qwen,1,True,2024-12,0.63,Qwen2ForCausalLM,fine-tunedondomain-specificdatasets,False,True,
JayHyeon/Qwen2.5-0.5B-SFT-1e-5-2ep,Qwen/Qwen2.5-0.5B,Qwen,1,True,2024-12,0.63,Qwen2ForCausalLM,fine-tunedondomain-specificdatasets,False,True,
JayHyeon/Qwen2.5-0.5B-SFT-1e-5-3ep,Qwen/Qwen2.5-0.5B,Qwen,1,True,2024-12,0.63,Qwen2ForCausalLM,fine-tunedondomain-specificdatasets,False,True,
JayHyeon/Qwen2.5-0.5B-SFT-1e-5-5ep,Qwen/Qwen2.5-0.5B,Qwen,1,True,2024-12,0.63,Qwen2ForCausalLM,fine-tunedondomain-specificdatasets,False,True,
JayHyeon/Qwen2.5-0.5B-SFT-2e-4,Qwen/Qwen2.5-0.5B,Qwen,1,True,2024-12,0.63,Qwen2ForCausalLM,fine-tunedondomain-specificdatasets,False,True,
JayHyeon/Qwen2.5-0.5B-SFT-2e-4-2ep,Qwen/Qwen2.5-0.5B,Qwen,1,True,2024-12,0.63,Qwen2ForCausalLM,fine-tunedondomain-specificdatasets,False,True,
JayHyeon/Qwen2.5-0.5B-SFT-2e-4-3ep,Qwen/Qwen2.5-0.5B,Qwen,1,True,2024-12,0.63,Qwen2ForCausalLM,fine-tunedondomain-specificdatasets,False,True,
JayHyeon/Qwen2.5-0.5B-SFT-2e-4-5ep,Qwen/Qwen2.5-0.5B,Qwen,1,True,2024-12,0.63,Qwen2ForCausalLM,fine-tunedondomain-specificdatasets,False,True,
JayHyeon/Qwen2.5-0.5B-SFT-2e-5,Qwen/Qwen2.5-0.5B,Qwen,1,True,2024-12,0.63,Qwen2ForCausalLM,fine-tunedondomain-specificdatasets,False,True,
JayHyeon/Qwen2.5-0.5B-SFT-2e-5-2ep,Qwen/Qwen2.5-0.5B,Qwen,1,True,2024-12,0.63,Qwen2ForCausalLM,fine-tunedondomain-specificdatasets,False,True,
JayHyeon/Qwen2.5-0.5B-SFT-2e-5-2ep-DPOP_3e-7-3ep_0alp_5lam,Qwen/Qwen2.5-0.5B,Qwen,1,True,2025-01,0.63,Qwen2ForCausalLM,fine-tunedondomain-specificdatasets,False,True,
JayHyeon/Qwen2.5-0.5B-SFT-2e-5-2ep-DPOP_5e-6-1ep_0alp_5lam,JayHyeon/Qwen2.5-0.5B-SFT-2e-5-2ep-DPOP_5e-6-1ep_0alp_5lam,JayHyeon,0,False,2025-01,0.494,Qwen2Model,fine-tunedondomain-specificdatasets,False,True,
JayHyeon/Qwen2.5-0.5B-SFT-2e-5-2ep-DPOP_5e-6-2ep_0alp_5lam,JayHyeon/Qwen2.5-0.5B-SFT-2e-5-2ep-DPOP_5e-6-2ep_0alp_5lam,JayHyeon,0,False,2025-01,0.494,Qwen2Model,fine-tunedondomain-specificdatasets,False,True,
JayHyeon/Qwen2.5-0.5B-SFT-2e-5-2ep-DPOP_5e-6-3ep_0alp_5lam,Qwen/Qwen2.5-0.5B,Qwen,1,True,2025-01,0.63,Qwen2ForCausalLM,fine-tunedondomain-specificdatasets,False,True,
JayHyeon/Qwen2.5-0.5B-SFT-2e-5-2ep-DPOP_5e-7-1ep_0alp_5lam,JayHyeon/Qwen2.5-0.5B-SFT-2e-5-2ep-DPOP_5e-7-1ep_0alp_5lam,JayHyeon,0,False,2025-01,0.494,Qwen2Model,fine-tunedondomain-specificdatasets,False,True,
JayHyeon/Qwen2.5-0.5B-SFT-2e-5-2ep-DPOP_5e-7-2ep_0alp_5lam,JayHyeon/Qwen2.5-0.5B-SFT-2e-5-2ep-DPOP_5e-7-2ep_0alp_5lam,JayHyeon,0,False,2025-01,0.494,Qwen2Model,fine-tunedondomain-specificdatasets,False,True,
JayHyeon/Qwen2.5-0.5B-SFT-2e-5-2ep-DPOP_5e-7-3ep_0alp_5lam,Qwen/Qwen2.5-0.5B,Qwen,1,True,2025-01,0.63,Qwen2ForCausalLM,fine-tunedondomain-specificdatasets,False,True,
JayHyeon/Qwen2.5-0.5B-SFT-2e-5-2ep-DPO_1e-6-1ep_0alp_0lam,JayHyeon/Qwen2.5-0.5B-SFT-2e-5-2ep-DPO_1e-6-1ep_0alp_0lam,JayHyeon,0,False,2025-01,0.494,Qwen2Model,fine-tunedondomain-specificdatasets,False,True,
JayHyeon/Qwen2.5-0.5B-SFT-2e-5-2ep-DPO_1e-6-2ep_0alp_0lam,JayHyeon/Qwen2.5-0.5B-SFT-2e-5-2ep-DPO_1e-6-2ep_0alp_0lam,JayHyeon,0,False,2025-01,0.494,Qwen2Model,fine-tunedondomain-specificdatasets,False,True,
JayHyeon/Qwen2.5-0.5B-SFT-2e-5-2ep-DPO_1e-6-3ep_0alp_0lam,Qwen/Qwen2.5-0.5B,Qwen,1,True,2024-12,0.63,Qwen2ForCausalLM,fine-tunedondomain-specificdatasets,False,True,
JayHyeon/Qwen2.5-0.5B-SFT-2e-5-2ep-DPO_1e-7-2ep_0alp_0lam,JayHyeon/Qwen2.5-0.5B-SFT-2e-5-2ep-DPO_1e-7-2ep_0alp_0lam,JayHyeon,0,False,2025-01,0.494,Qwen2Model,fine-tunedondomain-specificdatasets,False,True,
JayHyeon/Qwen2.5-0.5B-SFT-2e-5-2ep-DPO_1e-7-3ep_0alp_0lam,Qwen/Qwen2.5-0.5B,Qwen,1,True,2025-01,0.63,Qwen2ForCausalLM,fine-tunedondomain-specificdatasets,False,True,
JayHyeon/Qwen2.5-0.5B-SFT-2e-5-2ep-DPO_2e-6-1ep_0alp_0lam,JayHyeon/Qwen2.5-0.5B-SFT-2e-5-2ep-DPO_2e-6-1ep_0alp_0lam,JayHyeon,0,False,2025-01,0.494,Qwen2Model,fine-tunedondomain-specificdatasets,False,True,
JayHyeon/Qwen2.5-0.5B-SFT-2e-5-2ep-DPO_2e-6-2ep_0alp_0lam,JayHyeon/Qwen2.5-0.5B-SFT-2e-5-2ep-DPO_2e-6-2ep_0alp_0lam,JayHyeon,0,False,2025-01,0.494,Qwen2Model,fine-tunedondomain-specificdatasets,False,True,
JayHyeon/Qwen2.5-0.5B-SFT-2e-5-2ep-DPO_2e-6-3ep_0alp_0lam,Qwen/Qwen2.5-0.5B,Qwen,1,True,2025-01,0.63,Qwen2ForCausalLM,fine-tunedondomain-specificdatasets,False,True,
JayHyeon/Qwen2.5-0.5B-SFT-2e-5-2ep-DPO_3e-6-1ep_0alp_0lam,JayHyeon/Qwen2.5-0.5B-SFT-2e-5-2ep-DPO_3e-6-1ep_0alp_0lam,JayHyeon,0,False,2025-01,0.494,Qwen2Model,fine-tunedondomain-specificdatasets,False,True,
JayHyeon/Qwen2.5-0.5B-SFT-2e-5-2ep-DPO_3e-6-2ep_0alp_0lam,JayHyeon/Qwen2.5-0.5B-SFT-2e-5-2ep-DPO_3e-6-2ep_0alp_0lam,JayHyeon,0,False,2025-01,0.494,Qwen2Model,fine-tunedondomain-specificdatasets,False,True,
JayHyeon/Qwen2.5-0.5B-SFT-2e-5-2ep-DPO_3e-6-3ep_0alp_0lam,Qwen/Qwen2.5-0.5B,Qwen,1,True,2025-01,0.63,Qwen2ForCausalLM,fine-tunedondomain-specificdatasets,False,True,
JayHyeon/Qwen2.5-0.5B-SFT-2e-5-2ep-DPO_3e-7-3ep_0alp_0lam,Qwen/Qwen2.5-0.5B,Qwen,1,True,2025-01,0.63,Qwen2ForCausalLM,fine-tunedondomain-specificdatasets,False,True,
JayHyeon/Qwen2.5-0.5B-SFT-2e-5-2ep-DPO_5e-6-1ep_0alp_0lam,JayHyeon/Qwen2.5-0.5B-SFT-2e-5-2ep-DPO_5e-6-1ep_0alp_0lam,JayHyeon,0,False,2025-01,0.494,Qwen2Model,fine-tunedondomain-specificdatasets,False,True,
JayHyeon/Qwen2.5-0.5B-SFT-2e-5-2ep-DPO_5e-6-2ep_0alp_0lam,JayHyeon/Qwen2.5-0.5B-SFT-2e-5-2ep-DPO_5e-6-2ep_0alp_0lam,JayHyeon,0,False,2025-01,0.494,Qwen2Model,fine-tunedondomain-specificdatasets,False,True,
JayHyeon/Qwen2.5-0.5B-SFT-2e-5-2ep-DPO_5e-6-3ep_0alp_0lam,Qwen/Qwen2.5-0.5B,Qwen,1,True,2025-01,0.63,Qwen2ForCausalLM,fine-tunedondomain-specificdatasets,False,True,
JayHyeon/Qwen2.5-0.5B-SFT-2e-5-2ep-DPO_5e-7_1ep_0alp_0lam,JayHyeon/Qwen2.5-0.5B-SFT-2e-5-2ep-DPO_5e-7_1ep_0alp_0lam,JayHyeon,0,False,2025-01,0.494,Qwen2Model,fine-tunedondomain-specificdatasets,False,True,
JayHyeon/Qwen2.5-0.5B-SFT-2e-5-2ep-DPO_5e-7_2ep_0alp_0lam,JayHyeon/Qwen2.5-0.5B-SFT-2e-5-2ep-DPO_5e-7_2ep_0alp_0lam,JayHyeon,0,False,2025-01,0.494,Qwen2Model,fine-tunedondomain-specificdatasets,False,True,
JayHyeon/Qwen2.5-0.5B-SFT-2e-5-2ep-DPO_5e-7_3ep_0alp_0lam,JayHyeon/Qwen2.5-0.5B-SFT-2e-5-2ep-DPO_5e-7_3ep_0alp_0lam,JayHyeon,0,False,2025-01,0.494,Qwen2Model,fine-tunedondomain-specificdatasets,False,True,
JayHyeon/Qwen2.5-0.5B-SFT-2e-5-2ep-DPO_7e-7_1ep_0alp_0lam,JayHyeon/Qwen2.5-0.5B-SFT-2e-5-2ep-DPO_7e-7_1ep_0alp_0lam,JayHyeon,0,False,2025-01,0.494,Qwen2Model,fine-tunedondomain-specificdatasets,False,True,
JayHyeon/Qwen2.5-0.5B-SFT-2e-5-2ep-DPO_7e-7_2ep_0alp_0lam,JayHyeon/Qwen2.5-0.5B-SFT-2e-5-2ep-DPO_7e-7_2ep_0alp_0lam,JayHyeon,0,False,2025-01,0.494,Qwen2Model,fine-tunedondomain-specificdatasets,False,True,
JayHyeon/Qwen2.5-0.5B-SFT-2e-5-2ep-DPO_7e-7_3ep_0alp_0lam,JayHyeon/Qwen2.5-0.5B-SFT-2e-5-2ep-DPO_7e-7_3ep_0alp_0lam,JayHyeon,0,False,2025-01,0.494,Qwen2Model,fine-tunedondomain-specificdatasets,False,True,
JayHyeon/Qwen2.5-0.5B-SFT-2e-5-2ep-IRPO_1e-7-1ep_1alp_0lam,JayHyeon/Qwen2.5-0.5B-SFT-2e-5-2ep-IRPO_1e-7-1ep_1alp_0lam,JayHyeon,0,False,2025-01,0.494,Qwen2Model,fine-tunedondomain-specificdatasets,False,True,
JayHyeon/Qwen2.5-0.5B-SFT-2e-5-2ep-IRPO_1e-7-2ep_1alp_0lam,JayHyeon/Qwen2.5-0.5B-SFT-2e-5-2ep-IRPO_1e-7-2ep_1alp_0lam,JayHyeon,0,False,2025-01,0.494,Qwen2Model,fine-tunedondomain-specificdatasets,False,True,
JayHyeon/Qwen2.5-0.5B-SFT-2e-5-2ep-IRPO_1e-7-3ep_1alp_0lam,Qwen/Qwen2.5-0.5B,Qwen,1,True,2025-01,0.63,Qwen2ForCausalLM,fine-tunedondomain-specificdatasets,False,True,
JayHyeon/Qwen2.5-0.5B-SFT-2e-5-2ep-IRPO_3e-7-3ep_1alp_0lam,Qwen/Qwen2.5-0.5B,Qwen,1,True,2025-01,0.63,Qwen2ForCausalLM,fine-tunedondomain-specificdatasets,False,True,
JayHyeon/Qwen2.5-0.5B-SFT-2e-5-2ep-IRPO_5e-6-1ep_1alp_0lam,JayHyeon/Qwen2.5-0.5B-SFT-2e-5-2ep-IRPO_5e-6-1ep_1alp_0lam,JayHyeon,0,False,2025-01,0.494,Qwen2Model,fine-tunedondomain-specificdatasets,False,True,
JayHyeon/Qwen2.5-0.5B-SFT-2e-5-2ep-IRPO_5e-6-2ep_1alp_0lam,JayHyeon/Qwen2.5-0.5B-SFT-2e-5-2ep-IRPO_5e-6-2ep_1alp_0lam,JayHyeon,0,False,2025-01,0.494,Qwen2Model,fine-tunedondomain-specificdatasets,False,True,
JayHyeon/Qwen2.5-0.5B-SFT-2e-5-2ep-IRPO_5e-6-3ep_1alp_0lam,Qwen/Qwen2.5-0.5B,Qwen,1,True,2025-01,0.63,Qwen2ForCausalLM,fine-tunedondomain-specificdatasets,False,True,
JayHyeon/Qwen2.5-0.5B-SFT-2e-5-2ep-IRPO_5e-7-1ep_1alp_0lam,JayHyeon/Qwen2.5-0.5B-SFT-2e-5-2ep-IRPO_5e-7-1ep_1alp_0lam,JayHyeon,0,False,2025-01,0.494,Qwen2Model,fine-tunedondomain-specificdatasets,False,True,
JayHyeon/Qwen2.5-0.5B-SFT-2e-5-2ep-IRPO_5e-7-2ep_1alp_0lam,JayHyeon/Qwen2.5-0.5B-SFT-2e-5-2ep-IRPO_5e-7-2ep_1alp_0lam,JayHyeon,0,False,2025-01,0.494,Qwen2Model,fine-tunedondomain-specificdatasets,False,True,
JayHyeon/Qwen2.5-0.5B-SFT-2e-5-2ep-IRPO_5e-7-3ep_1alp_0lam,Qwen/Qwen2.5-0.5B,Qwen,1,True,2025-01,0.63,Qwen2ForCausalLM,fine-tunedondomain-specificdatasets,False,True,
JayHyeon/Qwen2.5-0.5B-SFT-2e-5-2ep-MDPO_0.5_1e-7-1ep_0alp_0lam,JayHyeon/Qwen2.5-0.5B-SFT-2e-5-2ep-MDPO_0.5_1e-7-1ep_0alp_0lam,JayHyeon,0,False,2025-01,0.494,Qwen2Model,fine-tunedondomain-specificdatasets,False,True,
JayHyeon/Qwen2.5-0.5B-SFT-2e-5-2ep-MDPO_0.5_1e-7-2ep_0alp_0lam,JayHyeon/Qwen2.5-0.5B-SFT-2e-5-2ep-MDPO_0.5_1e-7-2ep_0alp_0lam,JayHyeon,0,False,2025-01,0.494,Qwen2Model,fine-tunedondomain-specificdatasets,False,True,
JayHyeon/Qwen2.5-0.5B-SFT-2e-5-2ep-MDPO_0.5_1e-7-3ep_0alp_0lam,Qwen/Qwen2.5-0.5B,Qwen,1,True,2025-01,0.63,Qwen2ForCausalLM,fine-tunedondomain-specificdatasets,False,True,
JayHyeon/Qwen2.5-0.5B-SFT-2e-5-2ep-MDPO_1e-6-3ep_0alp_0lam,Qwen/Qwen2.5-0.5B,Qwen,1,True,2024-12,0.63,Qwen2ForCausalLM,fine-tunedondomain-specificdatasets,False,True,
JayHyeon/Qwen2.5-0.5B-SFT-2e-5-2ep-MDPO_1e-6_1ep_0alp_0lam,JayHyeon/Qwen2.5-0.5B-SFT-2e-5-2ep-MDPO_1e-6_1ep_0alp_0lam,JayHyeon,0,False,2025-01,0.494,Qwen2Model,fine-tunedondomain-specificdatasets,False,True,
JayHyeon/Qwen2.5-0.5B-SFT-2e-5-2ep-MDPO_1e-6_2ep_0alp_0lam,JayHyeon/Qwen2.5-0.5B-SFT-2e-5-2ep-MDPO_1e-6_2ep_0alp_0lam,JayHyeon,0,False,2025-01,0.494,Qwen2Model,fine-tunedondomain-specificdatasets,False,True,
JayHyeon/Qwen2.5-0.5B-SFT-2e-5-2ep-MDPO_2e-6-3ep_0alp_0lam,Qwen/Qwen2.5-0.5B,Qwen,1,True,2024-12,0.63,Qwen2ForCausalLM,fine-tunedondomain-specificdatasets,False,True,
JayHyeon/Qwen2.5-0.5B-SFT-2e-5-2ep-MDPO_2e-6_1ep_0alp_0lam,JayHyeon/Qwen2.5-0.5B-SFT-2e-5-2ep-MDPO_2e-6_1ep_0alp_0lam,JayHyeon,0,False,2025-01,0.494,Qwen2Model,fine-tunedondomain-specificdatasets,False,True,
JayHyeon/Qwen2.5-0.5B-SFT-2e-5-2ep-MDPO_2e-6_2ep_0alp_0lam,JayHyeon/Qwen2.5-0.5B-SFT-2e-5-2ep-MDPO_2e-6_2ep_0alp_0lam,JayHyeon,0,False,2025-01,0.494,Qwen2Model,fine-tunedondomain-specificdatasets,False,True,
JayHyeon/Qwen2.5-0.5B-SFT-2e-5-2ep-MDPO_3e-6-1ep_0alp_0lam,JayHyeon/Qwen2.5-0.5B-SFT-2e-5-2ep-MDPO_3e-6-1ep_0alp_0lam,JayHyeon,0,False,2025-01,0.494,Qwen2Model,fine-tunedondomain-specificdatasets,False,True,
JayHyeon/Qwen2.5-0.5B-SFT-2e-5-2ep-MDPO_3e-6-2ep_0alp_0lam,JayHyeon/Qwen2.5-0.5B-SFT-2e-5-2ep-MDPO_3e-6-2ep_0alp_0lam,JayHyeon,0,False,2025-01,0.494,Qwen2Model,fine-tunedondomain-specificdatasets,False,True,
JayHyeon/Qwen2.5-0.5B-SFT-2e-5-2ep-MDPO_3e-6-3ep_0alp_0lam,Qwen/Qwen2.5-0.5B,Qwen,1,True,2025-01,0.63,Qwen2ForCausalLM,fine-tunedondomain-specificdatasets,False,True,
JayHyeon/Qwen2.5-0.5B-SFT-2e-5-2ep-MDPO_5e-6-1ep_0alp_0lam,JayHyeon/Qwen2.5-0.5B-SFT-2e-5-2ep-MDPO_5e-6-1ep_0alp_0lam,JayHyeon,0,False,2025-01,0.494,Qwen2Model,fine-tunedondomain-specificdatasets,False,True,
JayHyeon/Qwen2.5-0.5B-SFT-2e-5-2ep-MDPO_5e-6-2ep_0alp_0lam,JayHyeon/Qwen2.5-0.5B-SFT-2e-5-2ep-MDPO_5e-6-2ep_0alp_0lam,JayHyeon,0,False,2025-01,0.494,Qwen2Model,fine-tunedondomain-specificdatasets,False,True,
JayHyeon/Qwen2.5-0.5B-SFT-2e-5-2ep-MDPO_5e-6-3ep_0alp_0lam,Qwen/Qwen2.5-0.5B,Qwen,1,True,2025-01,0.63,Qwen2ForCausalLM,fine-tunedondomain-specificdatasets,False,True,
JayHyeon/Qwen2.5-0.5B-SFT-2e-5-2ep-MDPO_5e-7-3ep_0alp_0lam,Qwen/Qwen2.5-0.5B,Qwen,1,True,2024-12,0.63,Qwen2ForCausalLM,fine-tunedondomain-specificdatasets,False,True,
JayHyeon/Qwen2.5-0.5B-SFT-2e-5-2ep-MDPO_5e-7_1ep_0alp_0lam,JayHyeon/Qwen2.5-0.5B-SFT-2e-5-2ep-MDPO_5e-7_1ep_0alp_0lam,JayHyeon,0,False,2024-12,0.494,Qwen2Model,fine-tunedondomain-specificdatasets,False,True,
JayHyeon/Qwen2.5-0.5B-SFT-2e-5-2ep-MDPO_5e-7_2ep_0alp_0lam,JayHyeon/Qwen2.5-0.5B-SFT-2e-5-2ep-MDPO_5e-7_2ep_0alp_0lam,JayHyeon,0,False,2024-12,0.494,Qwen2Model,fine-tunedondomain-specificdatasets,False,True,
JayHyeon/Qwen2.5-0.5B-SFT-2e-5-2ep-MDPO_7e-7-3ep_0alp_0lam,Qwen/Qwen2.5-0.5B,Qwen,1,True,2024-12,0.63,Qwen2ForCausalLM,fine-tunedondomain-specificdatasets,False,True,
JayHyeon/Qwen2.5-0.5B-SFT-2e-5-2ep-MDPO_7e-7_1ep_0alp_0lam,JayHyeon/Qwen2.5-0.5B-SFT-2e-5-2ep-MDPO_7e-7_1ep_0alp_0lam,JayHyeon,0,False,2024-12,0.494,Qwen2Model,fine-tunedondomain-specificdatasets,False,True,
JayHyeon/Qwen2.5-0.5B-SFT-2e-5-2ep-MDPO_7e-7_2ep_0alp_0lam,JayHyeon/Qwen2.5-0.5B-SFT-2e-5-2ep-MDPO_7e-7_2ep_0alp_0lam,JayHyeon,0,False,2024-12,0.494,Qwen2Model,fine-tunedondomain-specificdatasets,False,True,
JayHyeon/Qwen2.5-0.5B-SFT-2e-5-3ep,Qwen/Qwen2.5-0.5B,Qwen,1,True,2024-12,0.63,Qwen2ForCausalLM,fine-tunedondomain-specificdatasets,False,True,
JayHyeon/Qwen2.5-0.5B-SFT-2e-5-5ep,Qwen/Qwen2.5-0.5B,Qwen,1,True,2024-12,0.63,Qwen2ForCausalLM,fine-tunedondomain-specificdatasets,False,True,
JayHyeon/Qwen2.5-0.5B-SFT-2e-5-5ep-MDPO_5e-7_3ep_0alp_0lam,Qwen/Qwen2.5-0.5B,Qwen,1,True,2024-12,0.63,Qwen2ForCausalLM,fine-tunedondomain-specificdatasets,False,True,
JayHyeon/Qwen2.5-0.5B-SFT-2e-5-5ep-MDPO_5e-7_3ep_0alp_0lam_1ep,JayHyeon/Qwen2.5-0.5B-SFT-2e-5-5ep-MDPO_5e-7_3ep_0alp_0lam_1ep,JayHyeon,0,False,2024-12,0.494,Qwen2Model,fine-tunedondomain-specificdatasets,False,True,
JayHyeon/Qwen2.5-0.5B-SFT-2e-5-5ep-MDPO_5e-7_3ep_0alp_0lam_2ep,JayHyeon/Qwen2.5-0.5B-SFT-2e-5-5ep-MDPO_5e-7_3ep_0alp_0lam_2ep,JayHyeon,0,False,2024-12,0.494,Qwen2Model,fine-tunedondomain-specificdatasets,False,True,
JayHyeon/Qwen2.5-0.5B-SFT-2e-5-5ep-MDPO_7e-7_3ep_0alp_0lam,Qwen/Qwen2.5-0.5B,Qwen,1,True,2024-12,0.63,Qwen2ForCausalLM,fine-tunedondomain-specificdatasets,False,True,
JayHyeon/Qwen2.5-0.5B-SFT-2e-5-5ep-MDPO_7e-7_3ep_0alp_0lam_1ep,JayHyeon/Qwen2.5-0.5B-SFT-2e-5-5ep-MDPO_7e-7_3ep_0alp_0lam_1ep,JayHyeon,0,False,2024-12,0.494,Qwen2Model,fine-tunedondomain-specificdatasets,False,True,
JayHyeon/Qwen2.5-0.5B-SFT-2e-5-5ep-MDPO_7e-7_3ep_0alp_0lam_2ep,JayHyeon/Qwen2.5-0.5B-SFT-2e-5-5ep-MDPO_7e-7_3ep_0alp_0lam_2ep,JayHyeon,0,False,2024-12,0.494,Qwen2Model,fine-tunedondomain-specificdatasets,False,True,
JayHyeon/Qwen2.5-0.5B-SFT-5e-5,Qwen/Qwen2.5-0.5B,Qwen,1,True,2024-12,0.63,Qwen2ForCausalLM,fine-tunedondomain-specificdatasets,False,True,
JayHyeon/Qwen2.5-0.5B-SFT-5e-5-2ep,Qwen/Qwen2.5-0.5B,Qwen,1,True,2024-12,0.63,Qwen2ForCausalLM,fine-tunedondomain-specificdatasets,False,True,
JayHyeon/Qwen2.5-0.5B-SFT-5e-5-3ep,Qwen/Qwen2.5-0.5B,Qwen,1,True,2024-12,0.63,Qwen2ForCausalLM,fine-tunedondomain-specificdatasets,False,True,
JayHyeon/Qwen2.5-0.5B-SFT-5e-5-5ep,Qwen/Qwen2.5-0.5B,Qwen,1,True,2024-12,0.63,Qwen2ForCausalLM,fine-tunedondomain-specificdatasets,False,True,
JayHyeon/Qwen2.5-0.5B-SFT-7e-5,Qwen/Qwen2.5-0.5B,Qwen,1,True,2024-12,0.63,Qwen2ForCausalLM,fine-tunedondomain-specificdatasets,False,True,
JayHyeon/Qwen2.5-0.5B-SFT-7e-5-2ep,Qwen/Qwen2.5-0.5B,Qwen,1,True,2024-12,0.63,Qwen2ForCausalLM,fine-tunedondomain-specificdatasets,False,True,
JayHyeon/Qwen2.5-0.5B-SFT-7e-5-3ep,Qwen/Qwen2.5-0.5B,Qwen,1,True,2024-12,0.63,Qwen2ForCausalLM,fine-tunedondomain-specificdatasets,False,True,
JayHyeon/Qwen2.5-0.5B-SFT-7e-5-5ep,Qwen/Qwen2.5-0.5B,Qwen,1,True,2024-12,0.63,Qwen2ForCausalLM,fine-tunedondomain-specificdatasets,False,True,
JayHyeon/Qwen2.5-0.5B-SFT-DPO-1epoch_v1,JayHyeon/Qwen2.5-0.5B-SFT-DPO-1epoch_v1,JayHyeon,0,False,2024-12,0.494,Qwen2Model,fine-tunedondomain-specificdatasets,False,True,
JayHyeon/Qwen2.5-0.5B-SFT-MDPO-1epoch_v1,JayHyeon/Qwen2.5-0.5B-SFT-MDPO-1epoch_v1,JayHyeon,0,False,2024-12,0.494,Qwen2Model,fine-tunedondomain-specificdatasets,False,True,
JayHyeon/Qwen_0.5-DPOP_1e-6-3ep_0alp_5lam,Qwen/Qwen2.5-0.5B,Qwen,1,True,2025-01,0.63,Qwen2ForCausalLM,fine-tunedondomain-specificdatasets,False,True,
JayHyeon/Qwen_0.5-DPOP_1e-7-3ep_0alp_5lam,Qwen/Qwen2.5-0.5B,Qwen,1,True,2025-01,0.63,Qwen2ForCausalLM,fine-tunedondomain-specificdatasets,False,True,
JayHyeon/Qwen_0.5-DPOP_3e-6-1ep_0alp_5lam,JayHyeon/Qwen_0.5-DPOP_3e-6-1ep_0alp_5lam,JayHyeon,0,False,2025-01,0.494,Qwen2Model,fine-tunedondomain-specificdatasets,False,True,
JayHyeon/Qwen_0.5-DPOP_3e-6-2ep_0alp_5lam,JayHyeon/Qwen_0.5-DPOP_3e-6-2ep_0alp_5lam,JayHyeon,0,False,2025-01,0.494,Qwen2Model,fine-tunedondomain-specificdatasets,False,True,
JayHyeon/Qwen_0.5-DPOP_3e-6-3ep_0alp_5lam,Qwen/Qwen2.5-0.5B,Qwen,1,True,2025-01,0.63,Qwen2ForCausalLM,fine-tunedondomain-specificdatasets,False,True,
JayHyeon/Qwen_0.5-DPOP_3e-7-1ep_0alp_5lam,JayHyeon/Qwen_0.5-DPOP_3e-7-1ep_0alp_5lam,JayHyeon,0,False,2025-01,0.494,Qwen2Model,fine-tunedondomain-specificdatasets,False,True,
JayHyeon/Qwen_0.5-DPOP_3e-7-2ep_0alp_5lam,JayHyeon/Qwen_0.5-DPOP_3e-7-2ep_0alp_5lam,JayHyeon,0,False,2025-01,0.494,Qwen2Model,fine-tunedondomain-specificdatasets,False,True,
JayHyeon/Qwen_0.5-DPOP_3e-7-3ep_0alp_5lam,Qwen/Qwen2.5-0.5B,Qwen,1,True,2025-01,0.63,Qwen2ForCausalLM,fine-tunedondomain-specificdatasets,False,True,
JayHyeon/Qwen_0.5-DPOP_5e-7-1ep_0alp_5lam,JayHyeon/Qwen_0.5-DPOP_5e-7-1ep_0alp_5lam,JayHyeon,0,False,2025-01,0.494,Qwen2Model,fine-tunedondomain-specificdatasets,False,True,
JayHyeon/Qwen_0.5-DPOP_5e-7-2ep_0alp_5lam,JayHyeon/Qwen_0.5-DPOP_5e-7-2ep_0alp_5lam,JayHyeon,0,False,2025-01,0.494,Qwen2Model,fine-tunedondomain-specificdatasets,False,True,
JayHyeon/Qwen_0.5-DPOP_5e-7-3ep_0alp_5lam,Qwen/Qwen2.5-0.5B,Qwen,1,True,2025-01,0.63,Qwen2ForCausalLM,fine-tunedondomain-specificdatasets,False,True,
JayHyeon/Qwen_0.5-DPO_1e-6-3ep_0alp_0lam,Qwen/Qwen2.5-0.5B,Qwen,1,True,2025-01,0.63,Qwen2ForCausalLM,fine-tunedondomain-specificdatasets,False,True,
JayHyeon/Qwen_0.5-DPO_1e-7-3ep_0alp_0lam,Qwen/Qwen2.5-0.5B,Qwen,1,True,2025-01,0.63,Qwen2ForCausalLM,fine-tunedondomain-specificdatasets,False,True,
JayHyeon/Qwen_0.5-DPO_3e-6-1ep_0alp_0lam,JayHyeon/Qwen_0.5-DPO_3e-6-1ep_0alp_0lam,JayHyeon,0,False,2025-01,0.494,Qwen2Model,fine-tunedondomain-specificdatasets,False,True,
JayHyeon/Qwen_0.5-DPO_3e-6-2ep_0alp_0lam,JayHyeon/Qwen_0.5-DPO_3e-6-2ep_0alp_0lam,JayHyeon,0,False,2025-01,0.494,Qwen2Model,fine-tunedondomain-specificdatasets,False,True,
JayHyeon/Qwen_0.5-DPO_3e-6-3ep_0alp_0lam,Qwen/Qwen2.5-0.5B,Qwen,1,True,2025-01,0.63,Qwen2ForCausalLM,fine-tunedondomain-specificdatasets,False,True,
JayHyeon/Qwen_0.5-DPO_3e-7-1ep_0alp_0lam,JayHyeon/Qwen_0.5-DPO_3e-7-1ep_0alp_0lam,JayHyeon,0,False,2025-01,0.494,Qwen2Model,fine-tunedondomain-specificdatasets,False,True,
JayHyeon/Qwen_0.5-DPO_3e-7-2ep_0alp_0lam,JayHyeon/Qwen_0.5-DPO_3e-7-2ep_0alp_0lam,JayHyeon,0,False,2025-01,0.494,Qwen2Model,fine-tunedondomain-specificdatasets,False,True,
JayHyeon/Qwen_0.5-DPO_3e-7-3ep_0alp_0lam,Qwen/Qwen2.5-0.5B,Qwen,1,True,2025-01,0.63,Qwen2ForCausalLM,fine-tunedondomain-specificdatasets,False,True,
JayHyeon/Qwen_0.5-DPO_5e-7-1ep_0alp_0lam,Qwen/Qwen2.5-0.5B,Qwen,1,True,2025-01,0.63,Qwen2ForCausalLM,fine-tunedondomain-specificdatasets,False,True,
JayHyeon/Qwen_0.5-DPO_5e-7-2ep_0alp_0lam,JayHyeon/Qwen_0.5-DPO_5e-7-2ep_0alp_0lam,JayHyeon,0,False,2025-01,0.494,Qwen2Model,fine-tunedondomain-specificdatasets,False,True,
JayHyeon/Qwen_0.5-DPO_5e-7-3ep_0alp_0lam,Qwen/Qwen2.5-0.5B,Qwen,1,True,2025-01,0.63,Qwen2ForCausalLM,fine-tunedondomain-specificdatasets,False,True,
JayHyeon/Qwen_0.5-IPO_5e-7-1ep_0alp_0lam,Qwen/Qwen2.5-0.5B,Qwen,1,True,2025-01,0.63,Qwen2ForCausalLM,fine-tunedondomain-specificdatasets,False,True,
JayHyeon/Qwen_0.5-IPO_5e-7-3ep_0alp_0lam,Qwen/Qwen2.5-0.5B,Qwen,1,True,2025-01,0.63,Qwen2ForCausalLM,fine-tunedondomain-specificdatasets,False,True,
JayHyeon/Qwen_0.5-IRPO_1e-6-3ep_1alp_0lam,Qwen/Qwen2.5-0.5B,Qwen,1,True,2025-01,0.63,Qwen2ForCausalLM,fine-tunedondomain-specificdatasets,False,True,
JayHyeon/Qwen_0.5-IRPO_1e-7-3ep_1alp_0lam,Qwen/Qwen2.5-0.5B,Qwen,1,True,2025-01,0.63,Qwen2ForCausalLM,fine-tunedondomain-specificdatasets,False,True,
JayHyeon/Qwen_0.5-IRPO_3e-6-1ep_1alp_0lam,JayHyeon/Qwen_0.5-IRPO_3e-6-1ep_1alp_0lam,JayHyeon,0,False,2025-01,0.494,Qwen2Model,fine-tunedondomain-specificdatasets,False,True,
JayHyeon/Qwen_0.5-IRPO_3e-6-2ep_1alp_0lam,JayHyeon/Qwen_0.5-IRPO_3e-6-2ep_1alp_0lam,JayHyeon,0,False,2025-01,0.494,Qwen2Model,fine-tunedondomain-specificdatasets,False,True,
JayHyeon/Qwen_0.5-IRPO_3e-6-3ep_1alp_0lam,Qwen/Qwen2.5-0.5B,Qwen,1,True,2025-01,0.63,Qwen2ForCausalLM,fine-tunedondomain-specificdatasets,False,True,
JayHyeon/Qwen_0.5-IRPO_3e-7-1ep_1alp_0lam,JayHyeon/Qwen_0.5-IRPO_3e-7-1ep_1alp_0lam,JayHyeon,0,False,2025-01,0.494,Qwen2Model,fine-tunedondomain-specificdatasets,False,True,
JayHyeon/Qwen_0.5-IRPO_3e-7-3ep_1alp_0lam,Qwen/Qwen2.5-0.5B,Qwen,1,True,2025-01,0.63,Qwen2ForCausalLM,fine-tunedondomain-specificdatasets,False,True,
JayHyeon/Qwen_0.5-IRPO_5e-7-1ep_1alp_0lam,JayHyeon/Qwen_0.5-IRPO_5e-7-1ep_1alp_0lam,JayHyeon,0,False,2025-01,0.494,Qwen2Model,fine-tunedondomain-specificdatasets,False,True,
JayHyeon/Qwen_0.5-IRPO_5e-7-2ep_1alp_0lam,JayHyeon/Qwen_0.5-IRPO_5e-7-2ep_1alp_0lam,JayHyeon,0,False,2025-01,0.494,Qwen2Model,fine-tunedondomain-specificdatasets,False,True,
JayHyeon/Qwen_0.5-IRPO_5e-7-3ep_1alp_0lam,Qwen/Qwen2.5-0.5B,Qwen,1,True,2025-01,0.63,Qwen2ForCausalLM,fine-tunedondomain-specificdatasets,False,True,
JayHyeon/Qwen_0.5-MDPO_0.1_3e-6-3ep_0alp_0lam,Qwen/Qwen2.5-0.5B,Qwen,1,True,2025-01,0.63,Qwen2ForCausalLM,fine-tunedondomain-specificdatasets,False,True,
JayHyeon/Qwen_0.5-MDPO_0.1_5e-7-3ep_0alp_0lam,Qwen/Qwen2.5-0.5B,Qwen,1,True,2025-01,0.63,Qwen2ForCausalLM,fine-tunedondomain-specificdatasets,False,True,
JayHyeon/Qwen_0.5-MDPO_0.3_3e-6-3ep_0alp_0lam,Qwen/Qwen2.5-0.5B,Qwen,1,True,2025-01,0.63,Qwen2ForCausalLM,fine-tunedondomain-specificdatasets,False,True,
JayHyeon/Qwen_0.5-MDPO_0.3_5e-7-3ep_0alp_0lam,Qwen/Qwen2.5-0.5B,Qwen,1,True,2025-01,0.63,Qwen2ForCausalLM,fine-tunedondomain-specificdatasets,False,True,
JayHyeon/Qwen_0.5-MDPO_0.5_1e-5-3ep_0alp_0lam,Qwen/Qwen2.5-0.5B,Qwen,1,True,2025-01,0.63,Qwen2ForCausalLM,fine-tunedondomain-specificdatasets,False,True,
JayHyeon/Qwen_0.5-MDPO_0.5_3e-7-1ep_0alp_0lam,JayHyeon/Qwen_0.5-MDPO_0.5_3e-7-1ep_0alp_0lam,JayHyeon,0,False,2025-01,0.494,Qwen2Model,fine-tunedondomain-specificdatasets,False,True,
JayHyeon/Qwen_0.5-MDPO_0.5_3e-7-2ep_0alp_0lam,JayHyeon/Qwen_0.5-MDPO_0.5_3e-7-2ep_0alp_0lam,JayHyeon,0,False,2025-01,0.494,Qwen2Model,fine-tunedondomain-specificdatasets,False,True,
JayHyeon/Qwen_0.5-MDPO_0.5_3e-7-3ep_0alp_0lam,Qwen/Qwen2.5-0.5B,Qwen,1,True,2025-01,0.63,Qwen2ForCausalLM,fine-tunedondomain-specificdatasets,False,True,
JayHyeon/Qwen_0.5-MDPO_0.5_4e-6-3ep_0alp_0lam,Qwen/Qwen2.5-0.5B,Qwen,1,True,2025-01,0.63,Qwen2ForCausalLM,fine-tunedondomain-specificdatasets,False,True,
JayHyeon/Qwen_0.5-MDPO_0.5_6e-6-3ep_0alp_0lam,Qwen/Qwen2.5-0.5B,Qwen,1,True,2025-01,0.63,Qwen2ForCausalLM,fine-tunedondomain-specificdatasets,False,True,
JayHyeon/Qwen_0.5-MDPO_0.5_7e-6-3ep_0alp_0lam,Qwen/Qwen2.5-0.5B,Qwen,1,True,2025-01,0.63,Qwen2ForCausalLM,fine-tunedondomain-specificdatasets,False,True,
JayHyeon/Qwen_0.5-MDPO_0.5_7e-7-3ep_0alp_0lam,Qwen/Qwen2.5-0.5B,Qwen,1,True,2025-01,0.63,Qwen2ForCausalLM,fine-tunedondomain-specificdatasets,False,True,
JayHyeon/Qwen_0.5-MDPO_0.7_3e-6-3ep_0alp_0lam,Qwen/Qwen2.5-0.5B,Qwen,1,True,2025-01,0.63,Qwen2ForCausalLM,fine-tunedondomain-specificdatasets,False,True,
JayHyeon/Qwen_0.5-MDPO_0.7_5e-7-3ep_0alp_0lam,Qwen/Qwen2.5-0.5B,Qwen,1,True,2025-01,0.63,Qwen2ForCausalLM,fine-tunedondomain-specificdatasets,False,True,
JayHyeon/Qwen_0.5-MDPO_0.9_5e-7-3ep_0alp_0lam,Qwen/Qwen2.5-0.5B,Qwen,1,True,2025-01,0.63,Qwen2ForCausalLM,fine-tunedondomain-specificdatasets,False,True,
JayHyeon/Qwen_0.5-VDPO_3e-6-1ep_3vpo_const,Qwen/Qwen2.5-0.5B,Qwen,1,True,2025-02,0.63,Qwen2ForCausalLM,fine-tunedondomain-specificdatasets,False,True,
JayHyeon/Qwen_0.5-VDPO_5e-7-1ep_0alp_0lam,Qwen/Qwen2.5-0.5B,Qwen,1,True,2025-01,0.63,Qwen2ForCausalLM,fine-tunedondomain-specificdatasets,False,True,
JayHyeon/Qwen_0.5-VDPO_5e-7-1ep_10vpo_const,Qwen/Qwen2.5-0.5B,Qwen,1,True,2025-02,0.63,Qwen2ForCausalLM,fine-tunedondomain-specificdatasets,False,True,
JayHyeon/Qwen_0.5-VDPO_5e-7-1ep_1vpo_const,Qwen/Qwen2.5-0.5B,Qwen,1,True,2025-02,0.63,Qwen2ForCausalLM,fine-tunedondomain-specificdatasets,False,True,
JayHyeon/Qwen_0.5-VDPO_5e-7-1ep_3vpo_const,Qwen/Qwen2.5-0.5B,Qwen,1,True,2025-02,0.63,Qwen2ForCausalLM,fine-tunedondomain-specificdatasets,False,True,
JayHyeon/Qwen_0.5-VDPO_5e-7-3ep_0alp_0lam,Qwen/Qwen2.5-0.5B,Qwen,1,True,2025-01,0.63,Qwen2ForCausalLM,fine-tunedondomain-specificdatasets,False,True,
JayHyeon/Qwen_0.5-VDPO_5e-7-3ep_1vpo_const,Qwen/Qwen2.5-0.5B,Qwen,1,True,2025-02,0.63,Qwen2ForCausalLM,fine-tunedondomain-specificdatasets,False,True,
JayHyeon/Qwen_0.5-VDPO_5e-7-3ep_3vpo_const,Qwen/Qwen2.5-0.5B,Qwen,1,True,2025-02,0.63,Qwen2ForCausalLM,fine-tunedondomain-specificdatasets,False,True,
JayHyeon/Qwen_0.5-VIPO_5e-7-1ep_0alp_0lam,Qwen/Qwen2.5-0.5B,Qwen,1,True,2025-01,0.63,Qwen2ForCausalLM,fine-tunedondomain-specificdatasets,False,True,
JayHyeon/Qwen_0.5-VIPO_5e-7-1ep_10vpo_const,Qwen/Qwen2.5-0.5B,Qwen,1,True,2025-02,0.63,Qwen2ForCausalLM,fine-tunedondomain-specificdatasets,False,True,
JayHyeon/Qwen_0.5-VIPO_5e-7-1ep_1vpo_const,Qwen/Qwen2.5-0.5B,Qwen,1,True,2025-02,0.63,Qwen2ForCausalLM,fine-tunedondomain-specificdatasets,False,True,
JayHyeon/Qwen_0.5-VIPO_5e-7-1ep_30vpo_const,Qwen/Qwen2.5-0.5B,Qwen,1,True,2025-02,0.63,Qwen2ForCausalLM,fine-tunedondomain-specificdatasets,False,True,
JayHyeon/Qwen_0.5-VIPO_5e-7-1ep_3vpo_const,Qwen/Qwen2.5-0.5B,Qwen,1,True,2025-02,0.63,Qwen2ForCausalLM,fine-tunedondomain-specificdatasets,False,True,
JayHyeon/Qwen_0.5-VIPO_5e-7-3ep_0alp_0lam,Qwen/Qwen2.5-0.5B,Qwen,1,True,2025-01,0.63,Qwen2ForCausalLM,fine-tunedondomain-specificdatasets,False,True,
JayHyeon/Qwen_0.5-VIPO_5e-7-3ep_10vpo_const,Qwen/Qwen2.5-0.5B,Qwen,1,True,2025-02,0.63,Qwen2ForCausalLM,fine-tunedondomain-specificdatasets,False,True,
JayHyeon/Qwen_0.5-VIPO_5e-7-3ep_1vpo_const,Qwen/Qwen2.5-0.5B,Qwen,1,True,2025-02,0.63,Qwen2ForCausalLM,fine-tunedondomain-specificdatasets,False,True,
JayHyeon/Qwen_0.5-VIPO_5e-7-3ep_30vpo_const,Qwen/Qwen2.5-0.5B,Qwen,1,True,2025-02,0.63,Qwen2ForCausalLM,fine-tunedondomain-specificdatasets,False,True,
JayHyeon/Qwen_0.5-VIPO_5e-7-3ep_3vpo_const,Qwen/Qwen2.5-0.5B,Qwen,1,True,2025-02,0.63,Qwen2ForCausalLM,fine-tunedondomain-specificdatasets,False,True,
JayHyeon/Qwen_0.5-cDPO_5e-7-3ep_0vpo_const_0.1,Qwen/Qwen2.5-0.5B,Qwen,1,True,2025-02,0.63,Qwen2ForCausalLM,fine-tunedondomain-specificdatasets,False,True,
JayHyeon/Qwen_0.5-cDPO_5e-7-3ep_0vpo_const_0.3,Qwen/Qwen2.5-0.5B,Qwen,1,True,2025-02,0.63,Qwen2ForCausalLM,fine-tunedondomain-specificdatasets,False,True,
JayHyeon/Qwen_0.5-rDPO_3e-6-1ep_0vpo_const_0.1,Qwen/Qwen2.5-0.5B,Qwen,1,True,2025-02,0.63,Qwen2ForCausalLM,fine-tunedondomain-specificdatasets,False,True,
JayHyeon/Qwen_0.5-rDPO_5e-7-3ep_0vpo_const_0.1,Qwen/Qwen2.5-0.5B,Qwen,1,True,2025-02,0.63,Qwen2ForCausalLM,fine-tunedondomain-specificdatasets,False,True,
JayHyeon/Qwen_0.5-rDPO_5e-7-3ep_0vpo_const_0.3,Qwen/Qwen2.5-0.5B,Qwen,1,True,2025-02,0.63,Qwen2ForCausalLM,fine-tunedondomain-specificdatasets,False,True,
Jimmy19991222/Llama-3-Instruct-8B-SimPO-v0.2,Jimmy19991222/Llama-3-Instruct-8B-SimPO-v0.2,Jimmy19991222,0,True,,8.03,LlamaForCausalLM,chatmodels,False,False,base_removed
Jimmy19991222/llama-3-8b-instruct-gapo-v2-bert-f1-beta10-gamma0.3-lr1.0e-6-1minus-rerun,meta-llama/Meta-Llama-3-8B-Instruct,meta-llama,1,False,2024-09,8.03,LlamaForCausalLM,fine-tunedondomain-specificdatasets,False,True,
Jimmy19991222/llama-3-8b-instruct-gapo-v2-bert_f1-beta10-gamma0.3-lr1.0e-6-scale-log,meta-llama/Meta-Llama-3-8B-Instruct,meta-llama,1,False,2024-09,8.03,LlamaForCausalLM,fine-tunedondomain-specificdatasets,False,True,
Jimmy19991222/llama-3-8b-instruct-gapo-v2-bert_p-beta10-gamma0.3-lr1.0e-6-scale-log,meta-llama/Meta-Llama-3-8B-Instruct,meta-llama,1,False,2024-09,8.03,LlamaForCausalLM,fine-tunedondomain-specificdatasets,False,True,
Jimmy19991222/llama-3-8b-instruct-gapo-v2-bleu-beta0.1-no-length-scale-gamma0.4,Jimmy19991222/llama-3-8b-instruct-gapo-v2-bleu-beta0.1-no-length-scale-gamma0.4,Jimmy19991222,0,True,,8.03,LlamaForCausalLM,chatmodels,False,False,base_removed
Jimmy19991222/llama-3-8b-instruct-gapo-v2-rouge2-beta10-1minus-gamma0.3-rerun,meta-llama/Meta-Llama-3-8B-Instruct,meta-llama,1,False,2024-09,8.03,LlamaForCausalLM,chatmodels,False,True,
Jimmy19991222/llama-3-8b-instruct-gapo-v2-rouge2-beta10-gamma0.3-lr1.0e-6-scale-log,meta-llama/Meta-Llama-3-8B-Instruct,meta-llama,1,False,2024-09,8.03,LlamaForCausalLM,fine-tunedondomain-specificdatasets,False,True,
Jimmy19991222/llama-3-8b-instruct-gapo-v2-rougeL-beta10-gamma0.3-lr1.0e-6-scale-log,meta-llama/Meta-Llama-3-8B-Instruct,meta-llama,1,False,2024-09,8.03,LlamaForCausalLM,fine-tunedondomain-specificdatasets,False,True,
Joseph717171/Hermes-3-Llama-3.1-8B_TIES_with_Base_Embeds_Initialized_to_Special_Instruct_Toks_dtypeF32,Joseph717171/Hermes-3-Llama-3.1-8B_TIES_with_Base_Embeds_Initialized_to_Special_Instruct_Toks_dtypeF32,Joseph717171,0,False,2024-10,8.03,LlamaForCausalLM,fine-tunedondomain-specificdatasets,False,False,merge
Joseph717171/Llama-3.1-SuperNova-8B-Lite_TIES_with_Base,Joseph717171/Llama-3.1-SuperNova-8B-Lite_TIES_with_Base,Joseph717171,0,False,2024-10,8.03,LlamaForCausalLM,fine-tunedondomain-specificdatasets,False,False,merge
Josephgflowers/Cinder-Phi-2-V1-F16-gguf,Josephgflowers/Cinder-Phi-2-V1-F16-gguf,Josephgflowers,0,False,2024-02,2.78,PhiForCausalLM,fine-tunedondomain-specificdatasets,False,True,
Josephgflowers/Differential-Attention-Liquid-Metal-Tinyllama,Josephgflowers/Differential-Attention-Liquid-Metal-Tinyllama,Josephgflowers,0,False,2024-11,1.1,LlamaForCausalLM,fine-tunedondomain-specificdatasets,False,True,
Josephgflowers/TinyLlama-Cinder-Agent-v1,Josephgflowers/TinyLlama-3T-Cinder-v1.2,Josephgflowers,1,False,2024-05,1.1,LlamaForCausalLM,fine-tunedondomain-specificdatasets,False,True,
Josephgflowers/TinyLlama-v1.1-Cinders-World,Josephgflowers/TinyLlama-v1.1-Cinders-World,Josephgflowers,0,False,2024-10,1.1,LlamaForCausalLM,fine-tunedondomain-specificdatasets,False,True,
Josephgflowers/TinyLlama_v1.1_math_code-world-test-1,Josephgflowers/TinyLlama_v1.1_math_code-world-test-1,Josephgflowers,0,False,2024-06,1.1,LlamaForCausalLM,fine-tunedondomain-specificdatasets,False,True,
Josephgflowers/Tinyllama-STEM-Cinder-Agent-v1,Josephgflowers/Tinyllama-STEM-Cinder-Agent-v1 (Merge),Josephgflowers,1,False,2024-11,1.1,LlamaForCausalLM,fine-tunedondomain-specificdatasets,False,False,merge
Josephgflowers/Tinyllama-r1,Josephgflowers/Tinyllama-r1 (Merge),Josephgflowers,1,False,2025-02,1.1,LlamaForCausalLM,fine-tunedondomain-specificdatasets,False,False,merge
JungZoona/T3Q-Qwen2.5-14B-Instruct-1M-e3,Qwen/Qwen2.5-14B,Qwen,1,True,2025-03,0.0,Unknown,❓other,False,True,
JungZoona/T3Q-qwen2.5-14b-v1.0-e3,Qwen/Qwen2.5-14B,Qwen,1,True,2025-03,14.77,Qwen2ForCausalLM,fine-tunedondomain-specificdatasets,False,True,
Junhoee/Qwen-Megumin,Qwen/Qwen2.5-7B,Qwen,1,True,2024-11,15.231,?,chatmodels,False,True,
KSU-HW-SEC/Llama3-70b-SVA-FT-1415,KSU-HW-SEC/Llama3-70b-SVA-FT-1415,KSU-HW-SEC,0,True,,70.554,LlamaForCausalLM,fine-tunedondomain-specificdatasets,False,False,base_removed
KSU-HW-SEC/Llama3-70b-SVA-FT-500,KSU-HW-SEC/Llama3-70b-SVA-FT-500,KSU-HW-SEC,0,True,,70.554,LlamaForCausalLM,fine-tunedondomain-specificdatasets,False,False,base_removed
KSU-HW-SEC/Llama3-70b-SVA-FT-final,KSU-HW-SEC/Llama3-70b-SVA-FT-final,KSU-HW-SEC,0,True,,70.554,LlamaForCausalLM,fine-tunedondomain-specificdatasets,False,False,base_removed
KSU-HW-SEC/Llama3.1-70b-SVA-FT-1000step,KSU-HW-SEC/Llama3.1-70b-SVA-FT-1000step,KSU-HW-SEC,0,True,,70.554,LlamaForCausalLM,fine-tunedondomain-specificdatasets,False,False,base_removed
Khetterman/DarkAtom-12B-v3,Khetterman/DarkAtom-12B-v3 (Merge),Khetterman,1,False,2024-11,12.248,MistralForCausalLM,basemergesandmoerges,False,False,merge
Khetterman/Kosmos-8B-v1,Khetterman/Kosmos-8B-v1 (Merge),Khetterman,1,False,2024-11,8.03,LlamaForCausalLM,basemergesandmoerges,False,False,merge
Kimargin/GPT-NEO-1.3B-wiki,Kimargin/GPT-NEO-1.3B-wiki (Merge),Kimargin,1,False,2024-10,1.316,GPTNeoForCausalLM,fine-tunedondomain-specificdatasets,False,False,merge
KingNish/Qwen2.5-0.5b-Test-ft,KingNish/Qwen2.5-0.5b-Test-ft (Merge),KingNish,1,False,2024-09,0.494,Qwen2ForCausalLM,fine-tunedondomain-specificdatasets,False,False,merge
KingNish/Reasoning-0.5b,Qwen/Qwen2.5-0.5B,Qwen,1,True,2024-10,0.494,Qwen2ForCausalLM,fine-tunedondomain-specificdatasets,False,True,
KingNish/Reasoning-Llama-3b-v0.1,meta-llama/Llama-3.2-3B-Instruct,meta-llama,1,False,2024-10,3.213,LlamaForCausalLM,fine-tunedondomain-specificdatasets,False,True,
KingNish/qwen-1b-continued,KingNish/qwen-1b-continued,KingNish,0,True,2025-03,1.277,Qwen2ForCausalLM,continuouslypretrained,False,False,base_removed
KingNish/qwen-1b-continued-v2,KingNish/qwen-1b-continued-v2,KingNish,0,True,2025-03,1.277,Qwen2ForCausalLM,continuouslypretrained,False,False,base_removed
KingNish/qwen-1b-continued-v2.1,KingNish/qwen-1b-continued-v2.1,KingNish,0,True,2025-03,1.277,Qwen2ForCausalLM,continuouslypretrained,False,False,base_removed
KingNish/qwen-1b-continued-v2.2,KingNish/qwen-1b-continued-v2.2,KingNish,0,True,2025-03,1.277,Qwen2ForCausalLM,continuouslypretrained,False,False,base_removed
Kquant03/CognitiveFusion2-4x7B-BF16,Kquant03/CognitiveFusion2-4x7B-BF16,Kquant03,0,False,2024-04,24.154,MixtralForCausalLM,basemergesandmoerges,True,False,merge
Kquant03/L3-Pneuma-8B,meta-llama/Meta-Llama-3-8B,meta-llama,1,True,2024-10,8.03,LlamaForCausalLM,fine-tunedondomain-specificdatasets,False,True,
Krystalan/DRT-o1-14B,Krystalan/DRT-o1-14B (Merge),Krystalan,1,False,2024-12,14.77,Qwen2ForCausalLM,fine-tunedondomain-specificdatasets,False,False,merge
Krystalan/DRT-o1-7B,Krystalan/DRT-o1-7B (Merge),Krystalan,1,False,2024-12,7.616,Qwen2ForCausalLM,basemergesandmoerges,False,False,merge
Kukedlc/NeuralExperiment-7b-MagicCoder-v7.5,Kukedlc/NeuralExperiment-7b-MagicCoder-v7.5,Kukedlc,0,False,2024-03,7.242,MistralForCausalLM,fine-tunedondomain-specificdatasets,False,True,
Kukedlc/NeuralLLaMa-3-8b-DT-v0.1,Kukedlc/NeuralLLaMa-3-8b-DT-v0.1 (Merge),Kukedlc,1,False,2024-05,8.03,LlamaForCausalLM,basemergesandmoerges,False,False,merge
Kukedlc/NeuralLLaMa-3-8b-ORPO-v0.3,Kukedlc/NeuralLLaMa-3-8b-ORPO-v0.3 (Merge),Kukedlc,1,False,2024-05,8.03,LlamaForCausalLM,chatmodels,False,False,merge
Kukedlc/NeuralSynthesis-7B-v0.1,Kukedlc/NeuralSynthesis-7B-v0.1,Kukedlc,0,False,2024-04,7.242,MistralForCausalLM,basemergesandmoerges,False,False,merge
Kukedlc/NeuralSynthesis-7B-v0.3,Kukedlc/NeuralSynthesis-7B-v0.3,Kukedlc,0,False,2024-04,7.242,MistralForCausalLM,basemergesandmoerges,False,False,merge
Kukedlc/NeuralSynthesis-7b-v0.4-slerp,Kukedlc/NeuralSynthesis-7b-v0.4-slerp (Merge),Kukedlc,1,False,2024-04,7.242,MistralForCausalLM,basemergesandmoerges,False,False,merge
Kukedlc/Qwen-2.5-7b-Spanish-o1-CoT,Kukedlc/Qwen-2.5-7b-Spanish-o1-CoT,Kukedlc,0,False,2024-12,7.616,Qwen2ForCausalLM,fine-tunedondomain-specificdatasets,False,True,
Kumar955/Hemanth-llm,Kumar955/Hemanth-llm (Merge),Kumar955,1,False,2024-09,7.242,MistralForCausalLM,basemergesandmoerges,False,False,merge
L-RAGE/3_PRYMMAL-ECE-7B-SLERP-V1,L-RAGE/3_PRYMMAL-ECE-7B-SLERP-V1 (Merge),L-RAGE,1,False,2024-10,1.777,Qwen2ForCausalLM,basemergesandmoerges,False,False,merge
LEESM/llama-2-7b-hf-lora-oki100p,LEESM/llama-2-7b-hf-lora-oki100p,LEESM,0,False,2024-07,6.738,LlamaForCausalLM,fine-tunedondomain-specificdatasets,False,True,
LEESM/llama-2-7b-hf-lora-oki10p,LEESM/llama-2-7b-hf-lora-oki10p,LEESM,0,False,2024-04,6.738,LlamaForCausalLM,fine-tunedondomain-specificdatasets,False,True,
LEESM/llama-3-8b-bnb-4b-kowiki231101,meta-llama/Meta-Llama-3.1-8B,meta-llama,1,False,2024-11,8.03,LlamaForCausalLM,fine-tunedondomain-specificdatasets,False,True,
LEESM/llama-3-Korean-Bllossom-8B-trexlab-oki10p,LEESM/llama-3-Korean-Bllossom-8B-trexlab-oki10p,LEESM,0,False,2024-07,8.03,LlamaForCausalLM,fine-tunedondomain-specificdatasets,False,True,
LGAI-EXAONE/EXAONE-3.0-7.8B-Instruct,LGAI-EXAONE/EXAONE-3.0-7.8B-Instruct,LGAI-EXAONE,0,False,2024-07,7.8,ExaoneForCausalLM,chatmodels,False,True,
LGAI-EXAONE/EXAONE-3.5-2.4B-Instruct,LGAI-EXAONE/EXAONE-3.5-2.4B-Instruct,LGAI-EXAONE,0,False,2024-12,2.405,ExaoneForCausalLM,chatmodels,False,True,
LGAI-EXAONE/EXAONE-3.5-32B-Instruct,LGAI-EXAONE/EXAONE-3.5-32B-Instruct,LGAI-EXAONE,0,False,2024-12,32.003,ExaoneForCausalLM,chatmodels,False,True,
LGAI-EXAONE/EXAONE-3.5-7.8B-Instruct,LGAI-EXAONE/EXAONE-3.5-7.8B-Instruct,LGAI-EXAONE,0,False,2024-12,7.818,ExaoneForCausalLM,chatmodels,False,True,
LLM360/K2,LLM360/K2,LLM360,0,True,2024-04,65.286,LlamaForCausalLM,pretrained,False,True,
LLM360/K2-Chat,LLM360/K2-Chat,LLM360,0,False,2024-05,65.286,LlamaForCausalLM,chatmodels,False,True,
LLM4Binary/llm4decompile-1.3b-v2,LLM4Binary/llm4decompile-1.3b-v2,LLM4Binary,0,False,2024-06,1.346,LlamaForCausalLM,fine-tunedondomain-specificdatasets,False,True,
Lambent/qwen2.5-reinstruct-alternate-lumen-14B,Lambent/qwen2.5-reinstruct-alternate-lumen-14B (Merge),Lambent,1,False,2024-09,14.766,Qwen2ForCausalLM,basemergesandmoerges,False,False,merge
Langboat/Mengzi3-8B-Chat,Langboat/Mengzi3-8B-Chat,Langboat,0,False,2024-09,8.03,LlamaForCausalLM,chatmodels,False,True,
Lawnakk/BBA100,Lawnakk/BBA100 (Merge),Lawnakk,1,False,2025-02,7.616,Qwen2ForCausalLM,basemergesandmoerges,False,False,merge
Lawnakk/BBALAW1,Lawnakk/BBALAW1 (Merge),Lawnakk,1,False,2025-02,7.616,Qwen2ForCausalLM,basemergesandmoerges,False,False,merge
Lawnakk/BBALAW1.0,Lawnakk/BBALAW1.0 (Merge),Lawnakk,1,False,2025-02,4.353,Qwen2ForCausalLM,basemergesandmoerges,False,False,merge
Lawnakk/BBALAW1.2,Lawnakk/BBALAW1.2 (Merge),Lawnakk,1,False,2025-02,4.353,Qwen2ForCausalLM,basemergesandmoerges,False,False,merge
Lawnakk/BBALAW1.3,Lawnakk/BBALAW1.3 (Merge),Lawnakk,1,False,2025-02,4.353,Qwen2ForCausalLM,basemergesandmoerges,False,False,merge
Lawnakk/BBALAW1.6,Lawnakk/BBALAW1.6 (Merge),Lawnakk,1,False,2025-02,7.616,Qwen2ForCausalLM,basemergesandmoerges,False,False,merge
Lawnakk/BBALAW1.61,Lawnakk/BBALAW1.61 (Merge),Lawnakk,1,False,2025-02,7.616,Qwen2ForCausalLM,basemergesandmoerges,False,False,merge
Lawnakk/BBALAW1.62,Lawnakk/BBALAW1.62 (Merge),Lawnakk,1,False,2025-02,7.616,Qwen2ForCausalLM,basemergesandmoerges,False,False,merge
Lawnakk/BBALAW1.63,Lawnakk/BBALAW1.63 (Merge),Lawnakk,1,False,2025-02,7.613,Qwen2ForCausalLM,basemergesandmoerges,False,False,merge
Lawnakk/BBALAW1.64,Lawnakk/BBALAW1.64 (Merge),Lawnakk,1,False,2025-02,7.616,Qwen2ForCausalLM,basemergesandmoerges,False,False,merge
LenguajeNaturalAI/leniachat-gemma-2b-v0,google/gemma-2b,google,1,True,2024-04,2.506,GemmaForCausalLM,chatmodels,False,True,
LenguajeNaturalAI/leniachat-qwen2-1.5B-v0,Qwen/Qwen2-1.5B,Qwen,1,True,2024-06,1.543,Qwen2ForCausalLM,chatmodels,False,True,
LeroyDyer/CheckPoint_A,LeroyDyer/CheckPoint_A,LeroyDyer,0,True,,7.242,MistralForCausalLM,fine-tunedondomain-specificdatasets,False,False,base_removed
LeroyDyer/CheckPoint_B,LeroyDyer/CheckPoint_B,LeroyDyer,0,True,,7.242,MistralForCausalLM,fine-tunedondomain-specificdatasets,False,False,base_removed
LeroyDyer/CheckPoint_C,LeroyDyer/CheckPoint_C,LeroyDyer,0,True,,7.242,MistralForCausalLM,fine-tunedondomain-specificdatasets,False,False,base_removed
LeroyDyer/CheckPoint_R1,LeroyDyer/CheckPoint_R1,LeroyDyer,0,True,,7.242,MistralForCausalLM,fine-tunedondomain-specificdatasets,False,False,base_removed
LeroyDyer/LCARS_AI_001,LeroyDyer/LCARS_AI_001,LeroyDyer,0,True,,7.242,MistralForCausalLM,fine-tunedondomain-specificdatasets,False,False,base_removed
LeroyDyer/LCARS_AI_1x4_003_SuperAI,LeroyDyer/LCARS_AI_1x4_003_SuperAI (Merge),LeroyDyer,1,False,2024-04,24.154,MixtralForCausalLM,fine-tunedondomain-specificdatasets,False,False,merge
LeroyDyer/LCARS_AI_StarTrek_Computer,LeroyDyer/LCARS_AI_StarTrek_Computer,LeroyDyer,0,False,2024-05,7.242,MistralForCausalLM,fine-tunedondomain-specificdatasets,False,True,
LeroyDyer/LCARS_TOP_SCORE,LeroyDyer/LCARS_TOP_SCORE (Merge),LeroyDyer,1,False,2024-03,7.242,MistralForCausalLM,fine-tunedondomain-specificdatasets,False,False,merge
LeroyDyer/Mixtral_AI_SwahiliTron_7b,LeroyDyer/Mixtral_AI_SwahiliTron_7b,LeroyDyer,0,False,2024-04,7.242,MistralForCausalLM,fine-tunedondomain-specificdatasets,True,True,
LeroyDyer/SpydazWebAI_Human_AGI,LeroyDyer/SpydazWebAI_Human_AGI,LeroyDyer,0,True,,7.242,MistralForCausalLM,basemergesandmoerges,False,False,merge
LeroyDyer/SpydazWebAI_Human_AGI_001,LeroyDyer/SpydazWebAI_Human_AGI_001,LeroyDyer,0,True,,7.242,MistralForCausalLM,fine-tunedondomain-specificdatasets,False,False,base_removed
LeroyDyer/SpydazWeb_AI_CyberTron_Ultra_7b,LeroyDyer/Mixtral_AI_CyberTron_Ultra,LeroyDyer,1,False,2024-04,7.242,MistralForCausalLM,fine-tunedondomain-specificdatasets,False,True,
LeroyDyer/SpydazWeb_AI_HumanAGI_001_M2,LeroyDyer/SpydazWeb_AI_HumanAGI_001_M2,LeroyDyer,0,True,,7.242,MistralForCausalLM,basemergesandmoerges,False,False,merge
LeroyDyer/SpydazWeb_AI_HumanAGI_002,LeroyDyer/SpydazWeb_AI_HumanAGI_002 (Merge),LeroyDyer,1,False,2025-01,7.242,MistralForCausalLM,fine-tunedondomain-specificdatasets,False,False,merge
LeroyDyer/SpydazWeb_AI_HumanAI_001,LeroyDyer/SpydazWeb_AI_HumanAI_001,LeroyDyer,0,True,,7.242,MistralForCausalLM,fine-tunedondomain-specificdatasets,False,False,base_removed
LeroyDyer/SpydazWeb_AI_HumanAI_006,LeroyDyer/SpydazWeb_AI_HumanAI_006,LeroyDyer,0,True,,7.242,MistralForCausalLM,fine-tunedondomain-specificdatasets,False,False,base_removed
LeroyDyer/SpydazWeb_AI_HumanAI_007,LeroyDyer/SpydazWeb_AI_HumanAI_007,LeroyDyer,0,True,,7.242,MistralForCausalLM,fine-tunedondomain-specificdatasets,False,False,base_removed
LeroyDyer/SpydazWeb_AI_HumanAI_009_CHAT,LeroyDyer/SpydazWeb_AI_HumanAI_009_CHAT,LeroyDyer,0,True,,7.242,MistralForCausalLM,fine-tunedondomain-specificdatasets,False,False,base_removed
LeroyDyer/SpydazWeb_AI_HumanAI_010_CHAT,LeroyDyer/SpydazWeb_AI_HumanAI_010_CHAT,LeroyDyer,0,True,,7.242,MistralForCausalLM,fine-tunedondomain-specificdatasets,False,False,base_removed
LeroyDyer/SpydazWeb_AI_HumanAI_011_INSTRUCT,LeroyDyer/SpydazWeb_AI_HumanAI_011_INSTRUCT,LeroyDyer,0,True,,7.242,MistralForCausalLM,fine-tunedondomain-specificdatasets,False,False,base_removed
LeroyDyer/SpydazWeb_AI_HumanAI_011_INSTRUCT_ML,LeroyDyer/SpydazWeb_AI_HumanAI_011_INSTRUCT_ML,LeroyDyer,0,True,,7.242,MistralForCausalLM,basemergesandmoerges,False,False,merge
LeroyDyer/SpydazWeb_AI_HumanAI_011_INSTRUCT_ML_r1,LeroyDyer/SpydazWeb_AI_HumanAI_011_INSTRUCT_ML_r1,LeroyDyer,0,True,,7.242,MistralForCausalLM,basemergesandmoerges,False,False,merge
LeroyDyer/SpydazWeb_AI_HumanAI_012_INSTRUCT_IA,LeroyDyer/SpydazWeb_AI_HumanAI_012_INSTRUCT_IA,LeroyDyer,0,True,,7.242,MistralForCausalLM,fine-tunedondomain-specificdatasets,False,False,base_removed
LeroyDyer/SpydazWeb_AI_HumanAI_012_INSTRUCT_MX,LeroyDyer/SpydazWeb_AI_HumanAI_012_INSTRUCT_MX,LeroyDyer,0,True,,7.242,MistralForCausalLM,basemergesandmoerges,False,False,merge
LeroyDyer/SpydazWeb_AI_HumanAI_012_INSTRUCT_XA,LeroyDyer/SpydazWeb_AI_HumanAI_012_INSTRUCT_XA,LeroyDyer,0,True,,7.242,MistralForCausalLM,fine-tunedondomain-specificdatasets,False,False,base_removed
LeroyDyer/SpydazWeb_AI_HumanAI_RP,LeroyDyer/SpydazWeb_AI_HumanAI_RP (Merge),LeroyDyer,1,False,2024-10,7.242,MistralForCausalLM,fine-tunedondomain-specificdatasets,False,False,merge
LeroyDyer/SpydazWeb_AI_HumanAI_TextVision,LeroyDyer/SpydazWeb_AI_HumanAI_TextVision,LeroyDyer,0,True,,7.242,MistralForCausalLM,fine-tunedondomain-specificdatasets,False,False,base_removed
LeroyDyer/SpydazWeb_HumanAI_M1,LeroyDyer/SpydazWeb_HumanAI_M1,LeroyDyer,0,True,,7.242,MistralForCausalLM,basemergesandmoerges,False,False,merge
LeroyDyer/SpydazWeb_HumanAI_M2,LeroyDyer/SpydazWeb_HumanAI_M2,LeroyDyer,0,True,,7.242,MistralForCausalLM,basemergesandmoerges,False,False,merge
LeroyDyer/SpydazWeb_HumanAI_M3,LeroyDyer/SpydazWeb_HumanAI_M3,LeroyDyer,0,True,,7.242,MistralForCausalLM,basemergesandmoerges,False,False,merge
LeroyDyer/_Spydaz_Web_AI_12,LeroyDyer/_Spydaz_Web_AI_12,LeroyDyer,0,True,,7.242,MistralForCausalLM,fine-tunedondomain-specificdatasets,False,False,base_removed
LeroyDyer/_Spydaz_Web_AI_14,LeroyDyer/_Spydaz_Web_AI_14,LeroyDyer,0,True,,7.242,MistralForCausalLM,fine-tunedondomain-specificdatasets,False,False,base_removed
LeroyDyer/_Spydaz_Web_AI_AGI_R1_001,LeroyDyer/_Spydaz_Web_AI_Mistral_R1_Base (Merge),LeroyDyer,1,False,2025-02,7.242,MistralForCausalLM,fine-tunedondomain-specificdatasets,False,False,merge
LeroyDyer/_Spydaz_Web_AI_AGI_R1_002,LeroyDyer/_Spydaz_Web_AI_Mistral_R1_Base (Merge),LeroyDyer,1,False,2025-02,7.242,MistralForCausalLM,fine-tunedondomain-specificdatasets,False,False,merge
LeroyDyer/_Spydaz_Web_AI_AGI_R1_MUSR,LeroyDyer/_Spydaz_Web_AI_AGI_R1_MUSR,LeroyDyer,0,True,,7.242,MistralForCausalLM,fine-tunedondomain-specificdatasets,False,False,base_removed
LeroyDyer/_Spydaz_Web_AI_AGI_R1_MasterCoder,LeroyDyer/_Spydaz_Web_AI_AGI_R1_MasterCoder,LeroyDyer,0,True,,7.242,MistralForCausalLM,fine-tunedondomain-specificdatasets,False,False,base_removed
LeroyDyer/_Spydaz_Web_AI_AGI_R1_Math_001,LeroyDyer/_Spydaz_Web_AI_AGI_R1_Math_001,LeroyDyer,0,True,,7.242,MistralForCausalLM,fine-tunedondomain-specificdatasets,False,False,base_removed
LeroyDyer/_Spydaz_Web_AI_AGI_R1_Math_003,LeroyDyer/_Spydaz_Web_AI_AGI_R1_Math_003,LeroyDyer,0,True,,7.242,MistralForCausalLM,fine-tunedondomain-specificdatasets,False,False,base_removed
LeroyDyer/_Spydaz_Web_AI_AGI_R1_Math_AdvancedStudent,LeroyDyer/_Spydaz_Web_AI_Mistral_R1_Base (Merge),LeroyDyer,1,False,2025-03,7.242,MistralForCausalLM,fine-tunedondomain-specificdatasets,False,False,merge
LeroyDyer/_Spydaz_Web_AI_AGI_R1_Math_Student,LeroyDyer/_Spydaz_Web_AI_AGI_R1_Math_Student,LeroyDyer,0,True,,7.242,MistralForCausalLM,fine-tunedondomain-specificdatasets,False,False,base_removed
LeroyDyer/_Spydaz_Web_AI_AGI_R1_Math_Teacher,LeroyDyer/_Spydaz_Web_AI_AGI_R1_Math_Teacher,LeroyDyer,0,True,,7.242,MistralForCausalLM,fine-tunedondomain-specificdatasets,False,False,base_removed
LeroyDyer/_Spydaz_Web_AI_AGI_R1_OmG_001,LeroyDyer/_Spydaz_Web_AI_AGI_R1_OmG_001,LeroyDyer,0,True,2025-03,7.242,MistralForCausalLM,fine-tunedondomain-specificdatasets,False,False,base_removed
LeroyDyer/_Spydaz_Web_AI_AGI_R1_OmG_002,LeroyDyer/_Spydaz_Web_AI_AGI_R1_OmG_002,LeroyDyer,0,True,,7.242,MistralForCausalLM,fine-tunedondomain-specificdatasets,False,False,base_removed
LeroyDyer/_Spydaz_Web_AI_AGI_R1_OmG_Coder,LeroyDyer/_Spydaz_Web_AI_AGI_R1_OmG_Coder,LeroyDyer,0,True,2025-03,7.242,MistralForCausalLM,fine-tunedondomain-specificdatasets,False,False,base_removed
LeroyDyer/_Spydaz_Web_AI_AGI_R1_OmG_Math,LeroyDyer/_Spydaz_Web_AI_AGI_R1_OmG_Math,LeroyDyer,0,True,,7.242,MistralForCausalLM,fine-tunedondomain-specificdatasets,False,False,base_removed
LeroyDyer/_Spydaz_Web_AI_AGI_R1_OmG_MathMaster,LeroyDyer/_Spydaz_Web_AI_AGI_R1_OmG_MathMaster,LeroyDyer,0,True,,7.242,MistralForCausalLM,fine-tunedondomain-specificdatasets,False,False,base_removed
LeroyDyer/_Spydaz_Web_AI_AGI_R1_Student_Coder,LeroyDyer/_Spydaz_Web_AI_AGI_R1_Student_Coder,LeroyDyer,0,True,,7.242,MistralForCausalLM,fine-tunedondomain-specificdatasets,False,False,base_removed
LeroyDyer/_Spydaz_Web_AI_AGI_R1_Teacher_Coder,LeroyDyer/_Spydaz_Web_AI_AGI_R1_Teacher_Coder,LeroyDyer,0,True,,7.242,MistralForCausalLM,fine-tunedondomain-specificdatasets,False,False,base_removed
LeroyDyer/_Spydaz_Web_AI_AGI_R1_Top_Student,LeroyDyer/_Spydaz_Web_AI_AGI_R1_Top_Student (Merge),LeroyDyer,1,False,2025-03,7.242,MistralForCausalLM,basemergesandmoerges,False,False,merge
LeroyDyer/_Spydaz_Web_AI_AGI_R1_X1,LeroyDyer/_Spydaz_Web_AI_AGI_R1_X1,LeroyDyer,0,True,,7.242,MistralForCausalLM,basemergesandmoerges,False,False,merge
LeroyDyer/_Spydaz_Web_AI_AGI_R1_X2,LeroyDyer/_Spydaz_Web_AI_AGI_R1_X2 (Merge),LeroyDyer,1,False,2025-02,7.242,MistralForCausalLM,basemergesandmoerges,False,False,merge
LeroyDyer/_Spydaz_Web_AI_AGI_RP_R1,LeroyDyer/_Spydaz_Web_AI_Mistral_R1_Base (Merge),LeroyDyer,1,False,2025-02,7.242,MistralForCausalLM,fine-tunedondomain-specificdatasets,False,False,merge
LeroyDyer/_Spydaz_Web_AI_BIBLE_002,LeroyDyer/_Spydaz_Web_AI_BIBLE_002,LeroyDyer,0,False,2024-09,7.242,MistralForCausalLM,fine-tunedondomain-specificdatasets,False,True,
LeroyDyer/_Spydaz_Web_AI_ChatML_002,LeroyDyer/_Spydaz_Web_AI_ChatML_002,LeroyDyer,0,True,,7.242,MistralForCausalLM,fine-tunedondomain-specificdatasets,False,False,base_removed
LeroyDyer/_Spydaz_Web_AI_ChatQA,LeroyDyer/_Spydaz_Web_AI_ChatQA,LeroyDyer,0,True,,7.242,MistralForCausalLM,fine-tunedondomain-specificdatasets,False,False,base_removed
LeroyDyer/_Spydaz_Web_AI_ChatQA_003,LeroyDyer/_Spydaz_Web_AI_ChatQA_003,LeroyDyer,0,True,,7.242,MistralForCausalLM,fine-tunedondomain-specificdatasets,False,False,base_removed
LeroyDyer/_Spydaz_Web_AI_TEMP_,LeroyDyer/_Spydaz_Web_AI_TEMP_ (Merge),LeroyDyer,1,False,2025-03,7.242,MistralForCausalLM,basemergesandmoerges,False,False,merge
LeroyDyer/_Spydaz_Web_AI_Top_Teacher_,LeroyDyer/_Spydaz_Web_AI_Top_Teacher_,LeroyDyer,0,True,,7.242,MistralForCausalLM,basemergesandmoerges,False,False,merge
LightningRodLabs/Flashlight-v1.0,microsoft/phi-4,microsoft,1,True,2025-01,14.66,LlamaForCausalLM,fine-tunedondomain-specificdatasets,False,True,
LightningRodLabs/Flashlight-v1.1,microsoft/phi-4,microsoft,1,True,2025-01,14.66,Phi3ForCausalLM,fine-tunedondomain-specificdatasets,False,True,
LightningRodLabs/Flashlight-v1.2,deepseek-ai/DeepSeek-R1-Distill-Qwen-14B,deepseek-ai,1,False,2025-01,14.766,Qwen2ForCausalLM,fine-tunedondomain-specificdatasets,False,True,
Lil-R/2_PRYMMAL-ECE-2B-SLERP-V1,Lil-R/2_PRYMMAL-ECE-2B-SLERP-V1 (Merge),Lil-R,1,False,2024-11,2.614,Gemma2ForCausalLM,basemergesandmoerges,False,False,merge
Lil-R/2_PRYMMAL-ECE-2B-SLERP-V2,Lil-R/2_PRYMMAL-ECE-2B-SLERP-V2 (Merge),Lil-R,1,False,2024-11,2.614,Gemma2ForCausalLM,basemergesandmoerges,False,False,merge
Lil-R/2_PRYMMAL-ECE-7B-SLERP,Lil-R/2_PRYMMAL-ECE-7B-SLERP (Merge),Lil-R,1,False,2024-11,7.616,Qwen2ForCausalLM,basemergesandmoerges,False,False,merge
Lil-R/2_PRYMMAL-ECE-7B-SLERP-V1,Lil-R/2_PRYMMAL-ECE-7B-SLERP-V1,Lil-R,0,False,2024-10,7.616,Qwen2ForCausalLM,basemergesandmoerges,False,False,merge
Lil-R/2_PRYMMAL-ECE-7B-SLERP-V2,Lil-R/2_PRYMMAL-ECE-7B-SLERP-V2,Lil-R,0,False,2024-10,7.616,Qwen2ForCausalLM,basemergesandmoerges,False,False,merge
Lil-R/2_PRYMMAL-ECE-7B-SLERP-V3,Lil-R/2_PRYMMAL-ECE-7B-SLERP-V3 (Merge),Lil-R,1,False,2024-10,7.616,Qwen2ForCausalLM,basemergesandmoerges,False,False,merge
Lil-R/PRYMMAL-ECE-1B-SLERP-V1,Lil-R/PRYMMAL-ECE-1B-SLERP-V1 (Merge),Lil-R,1,False,2024-10,1.777,Qwen2ForCausalLM,basemergesandmoerges,False,False,merge
Lil-R/PRYMMAL-ECE-7B-SLERP-V8,Lil-R/PRYMMAL-ECE-7B-SLERP-V8,Lil-R,0,False,2024-10,7.616,Qwen2ForCausalLM,basemergesandmoerges,False,False,merge
LilRg/10PRYMMAL-3B-slerp,LilRg/10PRYMMAL-3B-slerp (Merge),LilRg,1,False,2024-09,3.821,Phi3ForCausalLM,basemergesandmoerges,False,False,merge
LilRg/ECE-1B-merge-PRYMMAL,LilRg/ECE-1B-merge-PRYMMAL (Merge),LilRg,1,False,2024-10,1.777,Qwen2ForCausalLM,basemergesandmoerges,False,False,merge
LilRg/ECE_Finetunning,meta-llama/Meta-Llama-3.1-8B,meta-llama,1,False,2024-09,16.061,?,fine-tunedondomain-specificdatasets,False,True,
LilRg/PRYMMAL-6B-slerp,LilRg/PRYMMAL-6B-slerp (Merge),LilRg,1,False,2024-09,3.293,LlamaForCausalLM,basemergesandmoerges,False,False,merge
LilRg/PRYMMAL-ECE-7B-SLERP-V3,LilRg/PRYMMAL-ECE-7B-SLERP-V3 (Merge),LilRg,1,False,2024-10,7.616,Qwen2ForCausalLM,basemergesandmoerges,False,False,merge
LilRg/PRYMMAL-ECE-7B-SLERP-V4,LilRg/PRYMMAL-ECE-7B-SLERP-V4 (Merge),LilRg,1,False,2024-10,7.616,Qwen2ForCausalLM,basemergesandmoerges,False,False,merge
LilRg/PRYMMAL-ECE-7B-SLERP-V5,LilRg/PRYMMAL-ECE-7B-SLERP-V5 (Merge),LilRg,1,False,2024-10,7.616,Qwen2ForCausalLM,basemergesandmoerges,False,False,merge
LilRg/PRYMMAL-ECE-7B-SLERP-V6,LilRg/PRYMMAL-ECE-7B-SLERP-V6 (Merge),LilRg,1,False,2024-10,7.616,Qwen2ForCausalLM,basemergesandmoerges,False,False,merge
LilRg/PRYMMAL-ECE-7B-SLERP-V7,LilRg/PRYMMAL-ECE-7B-SLERP-V7 (Merge),LilRg,1,False,2024-10,7.616,Qwen2ForCausalLM,basemergesandmoerges,False,False,merge
LilRg/PRYMMAL-slerp-Merge,LilRg/PRYMMAL-slerp-Merge (Merge),LilRg,1,False,2024-09,3.821,Phi3ForCausalLM,basemergesandmoerges,False,False,merge
LimYeri/CodeMind-Llama3-8B-unsloth_v2-merged,LimYeri/CodeMind-Llama3-8B-unsloth_v2-merged,LimYeri,0,True,2024-06,8.03,LlamaForCausalLM,fine-tunedondomain-specificdatasets,False,False,base_removed
LimYeri/CodeMind-Llama3-8B-unsloth_v3-merged,LimYeri/CodeMind-Llama3-8B-unsloth_v3-merged,LimYeri,0,True,,8.03,LlamaForCausalLM,fine-tunedondomain-specificdatasets,False,False,base_removed
LimYeri/CodeMind-Llama3-8B-unsloth_v4-one-DPO-merged,LimYeri/CodeMind-Llama3-8B-unsloth_v4-one-DPO-merged,LimYeri,0,True,2024-06,8.03,LlamaForCausalLM,fine-tunedondomain-specificdatasets,False,False,base_removed
LimYeri/CodeMind-Llama3-8B-unsloth_v4-one-merged,LimYeri/CodeMind-Llama3-8B-unsloth_v4-one-merged,LimYeri,0,True,2024-06,8.03,LlamaForCausalLM,fine-tunedondomain-specificdatasets,False,False,base_removed
LimYeri/CodeMind-Llama3.1-8B-unsloth-merged,meta-llama/Meta-Llama-3.1-8B,meta-llama,1,False,2024-08,8.03,LlamaForCausalLM,fine-tunedondomain-specificdatasets,False,True,
Locutusque/CollectiveLM-Falcon-3-7B,Locutusque/CollectiveLM-Falcon-3-7B,Locutusque,0,True,,7.456,LlamaForCausalLM,chatmodels,False,False,base_removed
Locutusque/Hercules-6.0-Llama-3.1-8B,Locutusque/Hercules-6.0-Llama-3.1-8B,Locutusque,0,False,2024-09,8.03,LlamaForCausalLM,chatmodels,False,True,
Locutusque/Hercules-6.1-Llama-3.1-8B,Locutusque/Hercules-6.1-Llama-3.1-8B,Locutusque,0,False,2024-09,8.03,LlamaForCausalLM,fine-tunedondomain-specificdatasets,False,True,
Locutusque/Llama-3-NeuralHercules-5.0-8B,Locutusque/Llama-3-NeuralHercules-5.0-8B,Locutusque,0,False,2024-05,8.03,LlamaForCausalLM,chatmodels,False,True,
Locutusque/Llama-3-Yggdrasil-2.0-8B,Locutusque/Llama-3-Yggdrasil-2.0-8B (Merge),Locutusque,1,False,2024-06,8.03,LlamaForCausalLM,basemergesandmoerges,False,False,merge
Locutusque/TinyMistral-248M-v2.5,Locutusque/TinyMistral-248M-v2.5,Locutusque,0,True,2024-01,0.248,MistralForCausalLM,continuouslypretrained,False,False,merge
Luni/StarDust-12b-v1,Luni/StarDust-12b-v1 (Merge),Luni,1,False,2024-08,12.248,MistralForCausalLM,basemergesandmoerges,False,False,merge
Luni/StarDust-12b-v2,Luni/StarDust-12b-v2 (Merge),Luni,1,False,2024-09,12.248,MistralForCausalLM,basemergesandmoerges,False,False,merge
Lunzima/NQLSG-Qwen2.5-14B-MegaFusion-v3,Lunzima/NQLSG-Qwen2.5-14B-MegaFusion-v3 (Merge),Lunzima,1,False,2025-02,14.766,Qwen2ForCausalLM,basemergesandmoerges,False,False,merge
Lunzima/NQLSG-Qwen2.5-14B-MegaFusion-v4,Lunzima/NQLSG-Qwen2.5-14B-MegaFusion-v3 (Merge),Lunzima,1,False,2025-02,14.766,Qwen2ForCausalLM,fine-tunedondomain-specificdatasets,False,False,merge
Lunzima/NQLSG-Qwen2.5-14B-MegaFusion-v5,Lunzima/NQLSG-Qwen2.5-14B-MegaFusion-v3 (Merge),Lunzima,1,False,2025-02,14.766,Qwen2ForCausalLM,fine-tunedondomain-specificdatasets,False,False,merge
Lunzima/NQLSG-Qwen2.5-14B-MegaFusion-v6,Lunzima/NQLSG-Qwen2.5-14B-MegaFusion-v6 (Merge),Lunzima,1,False,2025-02,14.766,Qwen2ForCausalLM,fine-tunedondomain-specificdatasets,False,False,merge
Lunzima/NQLSG-Qwen2.5-14B-MegaFusion-v6-cpt,Lunzima/NQLSG-Qwen2.5-14B-MegaFusion-v6-cpt,Lunzima,0,True,,14.766,Qwen2ForCausalLM,fine-tunedondomain-specificdatasets,False,False,base_removed
Lunzima/NQLSG-Qwen2.5-14B-MegaFusion-v7,Lunzima/NQLSG-Qwen2.5-14B-MegaFusion-v7 (Merge),Lunzima,1,False,2025-02,14.766,Qwen2ForCausalLM,basemergesandmoerges,False,False,merge
Lunzima/NQLSG-Qwen2.5-14B-MegaFusion-v7-rebase,Lunzima/NQLSG-Qwen2.5-14B-MegaFusion-v7-rebase,Lunzima,0,True,,14.766,Qwen2ForCausalLM,basemergesandmoerges,False,False,merge
Lunzima/NQLSG-Qwen2.5-14B-MegaFusion-v8,Lunzima/NQLSG-Qwen2.5-14B-MegaFusion-v8 (Merge),Lunzima,1,False,2025-02,14.766,Qwen2ForCausalLM,basemergesandmoerges,False,False,merge
Lunzima/NQLSG-Qwen2.5-14B-MegaFusion-v8.5,Lunzima/NQLSG-Qwen2.5-14B-MegaFusion-v8.5,Lunzima,0,True,,14.766,Qwen2ForCausalLM,basemergesandmoerges,False,False,merge
Lunzima/NQLSG-Qwen2.5-14B-MegaFusion-v8.6,Lunzima/NQLSG-Qwen2.5-14B-MegaFusion-v8.6,Lunzima,0,True,,14.766,Qwen2ForCausalLM,basemergesandmoerges,False,False,merge
Lunzima/NQLSG-Qwen2.5-14B-MegaFusion-v8.7,Lunzima/NQLSG-Qwen2.5-14B-MegaFusion-v8.7 (Merge),Lunzima,1,False,2025-03,14.766,Qwen2ForCausalLM,basemergesandmoerges,False,False,merge
Lunzima/NQLSG-Qwen2.5-14B-MegaFusion-v8.8,Lunzima/NQLSG-Qwen2.5-14B-MegaFusion-v8.8 (Merge),Lunzima,1,False,2025-03,14.766,Qwen2ForCausalLM,basemergesandmoerges,False,False,merge
Lunzima/NQLSG-Qwen2.5-14B-MegaFusion-v8.9,Lunzima/NQLSG-Qwen2.5-14B-MegaFusion-v8.9,Lunzima,0,False,2025-03,14.766,Qwen2ForCausalLM,basemergesandmoerges,False,False,merge
Lunzima/NQLSG-Qwen2.5-14B-MegaFusion-v9,Lunzima/NQLSG-Qwen2.5-14B-MegaFusion-v9,Lunzima,0,True,,14.766,Qwen2ForCausalLM,basemergesandmoerges,False,False,merge
Lunzima/NQLSG-Qwen2.5-14B-MegaFusion-v9-stock,Lunzima/NQLSG-Qwen2.5-14B-MegaFusion-v9-stock,Lunzima,0,True,,14.766,Qwen2ForCausalLM,basemergesandmoerges,False,False,merge
Lunzima/NQLSG-Qwen2.5-14B-MegaFusion-v9.1,Lunzima/NQLSG-Qwen2.5-14B-MegaFusion-v9.1 (Merge),Lunzima,1,False,2025-03,14.766,Qwen2ForCausalLM,basemergesandmoerges,False,False,merge
Lunzima/NQLSG-Qwen2.5-14B-MegaFusion-v9.2,Lunzima/NQLSG-Qwen2.5-14B-MegaFusion-v9.2 (Merge),Lunzima,1,False,2025-03,14.766,Qwen2ForCausalLM,basemergesandmoerges,False,False,merge
Lunzima/NQLSG-Qwen2.5-14B-OriginalFusion,Lunzima/NQLSG-Qwen2.5-14B-OriginalFusion (Merge),Lunzima,1,False,2025-03,14.766,Qwen2ForCausalLM,basemergesandmoerges,False,False,merge
Lyte/Llama-3.1-8B-Instruct-Reasoner-1o1_v0.3,Lyte/Llama-3.1-8B-Instruct-Reasoner-1o1_v0.3,Lyte,0,True,,8.0,LlamaForCausalLM,fine-tunedondomain-specificdatasets,False,False,base_removed
Lyte/Llama-3.2-1B-Instruct-COT-RL-Expriement1-EP04,Lyte/Llama-3.2-1B-Instruct-COT-RL-Expriement1-EP04,Lyte,0,True,,1.236,LlamaForCausalLM,chatmodels,False,False,base_removed
Lyte/Llama-3.2-3B-Overthinker,meta-llama/Llama-3.2-3B-Instruct,meta-llama,1,False,2024-10,3.213,LlamaForCausalLM,fine-tunedondomain-specificdatasets,False,True,
M4-ai/TinyMistral-248M-v3,M4-ai/TinyMistral-248M-v3,M4-ai,0,True,2024-02,0.248,MistralForCausalLM,pretrained,False,True,
MEscriva/ECE-PRYMMAL-0.5B-FT-V5-MUSR-Mathis,MEscriva/ECE-PRYMMAL-0.5B-FT-V5-MUSR-Mathis,MEscriva,0,True,,0.63,?,fine-tunedondomain-specificdatasets,False,False,base_removed
MLP-KTLim/llama-3-Korean-Bllossom-8B,MLP-KTLim/llama-3-Korean-Bllossom-8B (Merge),MLP-KTLim,1,False,2024-04,8.03,LlamaForCausalLM,chatmodels,False,False,merge
MTSAIR/Cotype-Nano,MTSAIR/Cotype-Nano,MTSAIR,0,False,2024-11,1.544,Qwen2ForCausalLM,fine-tunedondomain-specificdatasets,False,True,
MTSAIR/MultiVerse_70B,MTSAIR/MultiVerse_70B,MTSAIR,0,False,2024-03,72.289,LlamaForCausalLM,chatmodels,False,True,
Magpie-Align/Llama-3-8B-Magpie-Align-SFT-v0.1,meta-llama/Meta-Llama-3-8B,meta-llama,1,True,2024-06,8.03,LlamaForCausalLM,fine-tunedondomain-specificdatasets,False,True,
Magpie-Align/Llama-3-8B-Magpie-Align-SFT-v0.3,meta-llama/Meta-Llama-3-8B,meta-llama,1,True,2024-07,8.03,LlamaForCausalLM,fine-tunedondomain-specificdatasets,False,True,
Magpie-Align/Llama-3-8B-Magpie-Align-v0.1,meta-llama/Meta-Llama-3-8B,meta-llama,1,True,2024-06,8.03,LlamaForCausalLM,chatmodels,False,True,
Magpie-Align/Llama-3-8B-Magpie-Align-v0.3,meta-llama/Meta-Llama-3-8B,meta-llama,1,True,2024-07,8.03,LlamaForCausalLM,chatmodels,False,True,
Magpie-Align/Llama-3.1-8B-Magpie-Align-SFT-v0.1,meta-llama/Meta-Llama-3.1-8B,meta-llama,1,False,2024-07,8.03,LlamaForCausalLM,fine-tunedondomain-specificdatasets,False,True,
Magpie-Align/Llama-3.1-8B-Magpie-Align-v0.1,meta-llama/Meta-Llama-3.1-8B,meta-llama,1,False,2024-07,8.03,LlamaForCausalLM,chatmodels,False,True,
Magpie-Align/MagpieLM-8B-Chat-v0.1,meta-llama/Meta-Llama-3.1-8B,meta-llama,1,False,2024-09,8.03,LlamaForCausalLM,chatmodels,False,True,
Magpie-Align/MagpieLM-8B-SFT-v0.1,meta-llama/Meta-Llama-3.1-8B,meta-llama,1,False,2024-09,8.03,LlamaForCausalLM,fine-tunedondomain-specificdatasets,False,True,
MagusCorp/grpo_lora_enem_llama3_7b,meta-llama/Meta-Llama-3.1-8B,meta-llama,1,False,2025-02,8.03,LlamaForCausalLM,basemergesandmoerges,False,False,merge
ManoloPueblo/ContentCuisine_1-7B-slerp,ManoloPueblo/ContentCuisine_1-7B-slerp (Merge),ManoloPueblo,1,False,2024-11,7.242,MistralForCausalLM,basemergesandmoerges,False,False,merge
ManoloPueblo/LLM_MERGE_CC2,ManoloPueblo/LLM_MERGE_CC2,ManoloPueblo,0,False,2024-11,7.242,MistralForCausalLM,basemergesandmoerges,False,False,merge
ManoloPueblo/LLM_MERGE_CC3,ManoloPueblo/LLM_MERGE_CC3,ManoloPueblo,0,False,2024-11,7.242,MistralForCausalLM,basemergesandmoerges,False,False,merge
MarinaraSpaghetti/NemoReRemix-12B,MarinaraSpaghetti/NemoReRemix-12B (Merge),MarinaraSpaghetti,1,False,2024-08,12.248,MistralForCausalLM,basemergesandmoerges,False,False,merge
MarinaraSpaghetti/Nemomix-v4.0-12B,MarinaraSpaghetti/Nemomix-v4.0-12B (Merge),MarinaraSpaghetti,1,False,2024-07,12.248,MistralForCausalLM,basemergesandmoerges,False,False,merge
Marsouuu/MiniMathExpert-2_61B-ECE-PRYMMAL-Martial,Marsouuu/MiniMathExpert-2_61B-ECE-PRYMMAL-Martial (Merge),Marsouuu,1,False,2024-10,2.614,Gemma2ForCausalLM,basemergesandmoerges,False,False,merge
Marsouuu/MiniQwenMathExpert-ECE-PRYMMAL-Martial,Marsouuu/MiniQwenMathExpert-ECE-PRYMMAL-Martial (Merge),Marsouuu,1,False,2024-10,1.777,Qwen2ForCausalLM,basemergesandmoerges,False,False,merge
Marsouuu/MistralBase-4x7B-MoE-ECE-PRYMMAL-Martial,Marsouuu/MistralBase-4x7B-MoE-ECE-PRYMMAL-Martial (Merge),Marsouuu,1,False,2024-10,24.16,MixtralForCausalLM,basemergesandmoerges,True,False,merge
Marsouuu/general3B-ECE-PRYMMAL-Martial,Marsouuu/general3B-ECE-PRYMMAL-Martial (Merge),Marsouuu,1,False,2024-10,3.821,Phi3ForCausalLM,basemergesandmoerges,False,False,merge
Marsouuu/general3Bv2-ECE-PRYMMAL-Martial,Marsouuu/general3Bv2-ECE-PRYMMAL-Martial (Merge),Marsouuu,1,False,2024-11,7.616,Qwen2ForCausalLM,fine-tunedondomain-specificdatasets,False,False,merge
Marsouuu/lareneg1_78B-ECE-PRYMMAL-Martial,Marsouuu/lareneg1_78B-ECE-PRYMMAL-Martial (Merge),Marsouuu,1,False,2024-10,1.777,Qwen2ForCausalLM,basemergesandmoerges,False,False,merge
Marsouuu/lareneg3B-ECE-PRYMMAL-Martial,Marsouuu/lareneg3B-ECE-PRYMMAL-Martial (Merge),Marsouuu,1,False,2024-11,3.821,Phi3ForCausalLM,basemergesandmoerges,False,False,merge
Marsouuu/lareneg3Bv2-ECE-PRYMMAL-Martial,Marsouuu/lareneg3Bv2-ECE-PRYMMAL-Martial (Merge),Marsouuu,1,False,2024-11,7.616,Qwen2ForCausalLM,basemergesandmoerges,False,False,merge
MaziyarPanahi/Calme-4x7B-MoE-v0.1,MaziyarPanahi/Calme-4x7B-MoE-v0.1,MaziyarPanahi,0,False,2024-03,24.154,MixtralForCausalLM,basemergesandmoerges,True,False,merge
MaziyarPanahi/Calme-4x7B-MoE-v0.2,MaziyarPanahi/Calme-4x7B-MoE-v0.2,MaziyarPanahi,0,False,2024-03,24.154,MixtralForCausalLM,basemergesandmoerges,True,False,merge
MaziyarPanahi/Llama-3-70B-Instruct-v0.1,meta-llama/Meta-Llama-3-70B,meta-llama,1,True,2024-05,70.554,LlamaForCausalLM,chatmodels,False,True,
MaziyarPanahi/Llama-3-8B-Instruct-v0.10,meta-llama/Meta-Llama-3-8B-Instruct,meta-llama,1,False,2024-06,8.03,LlamaForCausalLM,fine-tunedondomain-specificdatasets,False,True,
MaziyarPanahi/Llama-3-8B-Instruct-v0.8,meta-llama/Meta-Llama-3-8B-Instruct,meta-llama,1,False,2024-05,8.03,LlamaForCausalLM,fine-tunedondomain-specificdatasets,False,True,
MaziyarPanahi/Llama-3-8B-Instruct-v0.9,meta-llama/Meta-Llama-3-8B-Instruct,meta-llama,1,False,2024-05,8.03,LlamaForCausalLM,fine-tunedondomain-specificdatasets,False,True,
MaziyarPanahi/Qwen1.5-MoE-A2.7B-Wikihow,Qwen/Qwen1.5-MoE-A2.7B,Qwen,1,True,2024-03,14.316,Qwen2MoeForCausalLM,fine-tunedondomain-specificdatasets,True,True,
MaziyarPanahi/Qwen2-7B-Instruct-v0.1,Qwen/Qwen2-7B,Qwen,1,True,2024-06,7.616,Qwen2ForCausalLM,fine-tunedondomain-specificdatasets,False,True,
MaziyarPanahi/Qwen2-7B-Instruct-v0.8,Qwen/Qwen2-7B,Qwen,1,True,2024-06,7.616,Qwen2ForCausalLM,fine-tunedondomain-specificdatasets,False,True,
MaziyarPanahi/calme-2.1-llama3.1-70b,meta-llama/Meta-Llama-3.1-70B,meta-llama,1,False,2024-07,70.554,LlamaForCausalLM,chatmodels,False,True,
MaziyarPanahi/calme-2.1-phi3-4b,microsoft/Phi-3-mini-4k-instruct,microsoft,1,False,2024-05,3.821,Phi3ForCausalLM,chatmodels,False,True,
MaziyarPanahi/calme-2.1-phi3.5-4b,microsoft/Phi-3.5-mini-instruct,microsoft,1,False,2024-08,3.821,Phi3ForCausalLM,chatmodels,False,True,
MaziyarPanahi/calme-2.1-qwen2-72b,Qwen/Qwen2-72B,Qwen,1,True,2024-06,72.699,Qwen2ForCausalLM,chatmodels,False,True,
MaziyarPanahi/calme-2.1-qwen2-7b,Qwen/Qwen2-7B,Qwen,1,True,2024-06,7.616,Qwen2ForCausalLM,fine-tunedondomain-specificdatasets,False,True,
MaziyarPanahi/calme-2.1-qwen2.5-72b,Qwen/Qwen2.5-72B,Qwen,1,True,2024-09,72.7,Qwen2ForCausalLM,chatmodels,False,True,
MaziyarPanahi/calme-2.1-rys-78b,dnhkng/RYS-XLarge,dnhkng,1,False,2024-08,77.965,Qwen2ForCausalLM,chatmodels,False,True,
MaziyarPanahi/calme-2.2-llama3-70b,meta-llama/Meta-Llama-3-70B,meta-llama,1,True,2024-04,70.554,LlamaForCausalLM,chatmodels,False,True,
MaziyarPanahi/calme-2.2-llama3.1-70b,meta-llama/Meta-Llama-3.1-70B,meta-llama,1,False,2024-09,70.554,LlamaForCausalLM,chatmodels,False,True,
MaziyarPanahi/calme-2.2-phi3-4b,microsoft/Phi-3-mini-4k-instruct,microsoft,1,False,2024-05,3.821,Phi3ForCausalLM,chatmodels,False,True,
MaziyarPanahi/calme-2.2-qwen2-72b,Qwen/Qwen2-72B,Qwen,1,True,2024-07,72.706,Qwen2ForCausalLM,chatmodels,False,True,
MaziyarPanahi/calme-2.2-qwen2-7b,Qwen/Qwen2-7B,Qwen,1,True,2024-06,7.616,Qwen2ForCausalLM,fine-tunedondomain-specificdatasets,False,True,
MaziyarPanahi/calme-2.2-qwen2.5-72b,Qwen/Qwen2.5-72B,Qwen,1,True,2024-09,72.7,Qwen2ForCausalLM,chatmodels,False,True,
MaziyarPanahi/calme-2.2-rys-78b,dnhkng/RYS-XLarge,dnhkng,1,False,2024-08,77.965,Qwen2ForCausalLM,chatmodels,False,True,
MaziyarPanahi/calme-2.3-llama3-70b,meta-llama/Meta-Llama-3-70B,meta-llama,1,True,2024-04,70.554,LlamaForCausalLM,chatmodels,False,True,
MaziyarPanahi/calme-2.3-llama3.1-70b,meta-llama/Meta-Llama-3.1-70B,meta-llama,1,False,2024-09,70.554,LlamaForCausalLM,chatmodels,False,True,
MaziyarPanahi/calme-2.3-phi3-4b,microsoft/Phi-3-mini-4k-instruct,microsoft,1,False,2024-05,3.821,Phi3ForCausalLM,chatmodels,False,True,
MaziyarPanahi/calme-2.3-qwen2-72b,Qwen/Qwen2-72B,Qwen,1,True,2024-08,72.706,Qwen2ForCausalLM,chatmodels,False,True,
MaziyarPanahi/calme-2.3-qwen2-7b,Qwen/Qwen2-7B,Qwen,1,True,2024-06,7.616,Qwen2ForCausalLM,fine-tunedondomain-specificdatasets,False,True,
MaziyarPanahi/calme-2.3-rys-78b,dnhkng/RYS-XLarge,dnhkng,1,False,2024-08,77.965,Qwen2ForCausalLM,chatmodels,False,True,
MaziyarPanahi/calme-2.4-llama3-70b,meta-llama/Meta-Llama-3-70B,meta-llama,1,True,2024-04,70.554,LlamaForCausalLM,chatmodels,False,True,
MaziyarPanahi/calme-2.4-qwen2-7b,Qwen/Qwen2-7B,Qwen,1,True,2024-06,7.616,Qwen2ForCausalLM,fine-tunedondomain-specificdatasets,False,True,
MaziyarPanahi/calme-2.4-rys-78b,dnhkng/RYS-XLarge,dnhkng,1,False,2024-08,77.965,Qwen2ForCausalLM,chatmodels,False,True,
MaziyarPanahi/calme-2.5-qwen2-7b,Qwen/Qwen2-7B,Qwen,1,True,2024-06,7.616,Qwen2ForCausalLM,fine-tunedondomain-specificdatasets,False,True,
MaziyarPanahi/calme-2.6-qwen2-7b,Qwen/Qwen2-7B,Qwen,1,True,2024-06,7.616,Qwen2ForCausalLM,fine-tunedondomain-specificdatasets,False,True,
MaziyarPanahi/calme-2.7-qwen2-7b,Qwen/Qwen2-7B,Qwen,1,True,2024-06,7.616,Qwen2ForCausalLM,fine-tunedondomain-specificdatasets,False,True,
MaziyarPanahi/calme-3.1-baguette-3b,Qwen/Qwen2.5-3B,Qwen,1,True,2024-11,3.085,Qwen2ForCausalLM,fine-tunedondomain-specificdatasets,False,True,
MaziyarPanahi/calme-3.1-instruct-3b,Qwen/Qwen2.5-3B,Qwen,1,True,2024-11,3.085,Qwen2ForCausalLM,fine-tunedondomain-specificdatasets,False,True,
MaziyarPanahi/calme-3.1-instruct-78b,MaziyarPanahi/calme-3.1-instruct-78b,MaziyarPanahi,0,True,2024-11,77.965,Qwen2ForCausalLM,chatmodels,False,False,base_removed
MaziyarPanahi/calme-3.1-llamaloi-3b,meta-llama/Llama-3.2-3B,meta-llama,1,True,2024-11,3.213,LlamaForCausalLM,fine-tunedondomain-specificdatasets,False,True,
MaziyarPanahi/calme-3.2-baguette-3b,Qwen/Qwen2.5-3B,Qwen,1,True,2024-11,3.085,Qwen2ForCausalLM,fine-tunedondomain-specificdatasets,False,True,
MaziyarPanahi/calme-3.2-instruct-3b,Qwen/Qwen2.5-3B,Qwen,1,True,2024-11,3.086,Qwen2ForCausalLM,fine-tunedondomain-specificdatasets,False,True,
MaziyarPanahi/calme-3.2-instruct-78b,MaziyarPanahi/calme-3.2-instruct-78b,MaziyarPanahi,0,True,2024-11,77.965,Qwen2ForCausalLM,fine-tunedondomain-specificdatasets,False,False,base_removed
MaziyarPanahi/calme-3.3-baguette-3b,Qwen/Qwen2.5-3B,Qwen,1,True,2024-11,3.086,Qwen2ForCausalLM,fine-tunedondomain-specificdatasets,False,True,
MaziyarPanahi/calme-3.3-instruct-3b,Qwen/Qwen2.5-3B,Qwen,1,True,2024-11,3.086,Qwen2ForCausalLM,fine-tunedondomain-specificdatasets,False,True,
Minami-su/Amara-o1-7B-Qwen,Minami-su/Amara-o1-7B-Qwen,Minami-su,0,False,2025-01,7.616,Qwen2ForCausalLM,fine-tunedondomain-specificdatasets,False,True,
Minami-su/Amara-o2-7B-Qwen,Minami-su/Amara-o2-7B-Qwen,Minami-su,0,False,2025-01,7.616,Qwen2ForCausalLM,fine-tunedondomain-specificdatasets,False,True,
Minami-su/test-7B-00,Minami-su/test-7B-00,Minami-su,0,True,,7.616,Qwen2ForCausalLM,fine-tunedondomain-specificdatasets,False,False,base_removed
Minami-su/test-7B-01,Minami-su/test-7B-01,Minami-su,0,True,,7.616,Qwen2ForCausalLM,fine-tunedondomain-specificdatasets,False,False,base_removed
Minami-su/test-v2-7B-00,Minami-su/test-v2-7B-00,Minami-su,0,True,,7.616,Qwen2ForCausalLM,fine-tunedondomain-specificdatasets,False,False,base_removed
ModelCloud/Llama-3.2-1B-Instruct-gptqmodel-4bit-vortex-v1,ModelCloud/Llama-3.2-1B-Instruct-gptqmodel-4bit-vortex-v1 (Merge),ModelCloud,1,False,2024-10,5.453,LlamaForCausalLM,chatmodels,False,False,merge
ModelSpace/GemmaX2-28-9B-v0.1,ModelSpace/GemmaX2-28-9B-v0.1 (Merge),ModelSpace,1,False,2024-11,10.159,Gemma2ForCausalLM,fine-tunedondomain-specificdatasets,False,False,merge
MoonRide/Llama-3.2-3B-Khelavaster,MoonRide/Llama-3.2-3B-Khelavaster (Merge),MoonRide,1,False,2025-03,3.607,LlamaForCausalLM,basemergesandmoerges,False,False,merge
Mostafa8Mehrabi/llama-3.2-1b-Insomnia-ChatBot-merged,Mostafa8Mehrabi/llama-3.2-1b-Insomnia-ChatBot-merged,Mostafa8Mehrabi,0,False,2025-03,1.236,LlamaForCausalLM,basemergesandmoerges,False,False,merge
MrRobotoAI/MrRoboto-ProLong-8b-v4i,MrRobotoAI/MrRoboto-ProLong-8b-v4i,MrRobotoAI,0,True,,4.015,LlamaForCausalLM,basemergesandmoerges,False,False,merge
MrRobotoAI/MrRoboto-ProLongBASE-pt8-unaligned-8b,MrRobotoAI/MrRoboto-ProLongBASE-pt8-unaligned-8b,MrRobotoAI,0,True,,4.015,LlamaForCausalLM,basemergesandmoerges,False,False,merge
MultivexAI/Gladiator-Mini-Exp-1211-3B,MultivexAI/Gladiator-Mini-Exp-1211-3B (Merge),MultivexAI,1,False,2024-12,3.213,LlamaForCausalLM,fine-tunedondomain-specificdatasets,False,False,merge
MultivexAI/Gladiator-Mini-Exp-1221-3B-Instruct,MultivexAI/Gladiator-Mini-Exp-1221-3B-Instruct (Merge),MultivexAI,1,False,2024-12,3.213,LlamaForCausalLM,fine-tunedondomain-specificdatasets,False,False,merge
MultivexAI/Gladiator-Mini-Exp-1221-3B-Instruct-V2,MultivexAI/Gladiator-Mini-Exp-1221-3B-Instruct-V2 (Merge),MultivexAI,1,False,2024-12,3.213,LlamaForCausalLM,fine-tunedondomain-specificdatasets,False,False,merge
MultivexAI/Gladiator-Mini-Exp-1222-3B-Instruct,MultivexAI/Gladiator-Mini-Exp-1222-3B-Instruct (Merge),MultivexAI,1,False,2024-12,3.213,LlamaForCausalLM,fine-tunedondomain-specificdatasets,False,False,merge
MultivexAI/Phi-3.5-Mini-Instruct-MultiVex-v0.25-GGUF,MultivexAI/Phi-3.5-Mini-Instruct-MultiVex-v0.25-GGUF,MultivexAI,0,True,,3.821,LlamaForCausalLM,chatmodels,False,False,base_removed
Mxode/NanoLM-0.3B-Instruct-v1,Mxode/NanoLM-0.3B-Instruct-v1,Mxode,0,False,2024-09,0.315,Qwen2ForCausalLM,fine-tunedondomain-specificdatasets,False,True,
Mxode/NanoLM-0.3B-Instruct-v1.1,Mxode/NanoLM-0.3B-Instruct-v1.1,Mxode,0,False,2024-09,0.315,Qwen2ForCausalLM,fine-tunedondomain-specificdatasets,False,True,
Mxode/NanoLM-0.3B-Instruct-v2,Mxode/NanoLM-0.3B-Instruct-v2,Mxode,0,False,2024-09,0.315,Qwen2ForCausalLM,fine-tunedondomain-specificdatasets,False,True,
Mxode/NanoLM-1B-Instruct-v1.1,Mxode/NanoLM-1B-Instruct-v1.1,Mxode,0,False,2024-09,1.076,Qwen2ForCausalLM,fine-tunedondomain-specificdatasets,False,True,
Mxode/NanoLM-1B-Instruct-v2,Mxode/NanoLM-1B-Instruct-v2,Mxode,0,False,2024-09,1.076,Qwen2ForCausalLM,fine-tunedondomain-specificdatasets,False,True,
NAPS-ai/naps-gemma-2-27b-v-0.1.0,NAPS-ai/naps-gemma-2-27b-v-0.1.0 (Merge),NAPS-ai,1,False,2024-11,27.227,Gemma2ForCausalLM,fine-tunedondomain-specificdatasets,False,False,merge
NAPS-ai/naps-gemma-2-27b-v0.1.0,NAPS-ai/naps-gemma-2-27b-v0.1.0 (Merge),NAPS-ai,1,False,2024-11,27.227,Gemma2ForCausalLM,fine-tunedondomain-specificdatasets,False,False,merge
NAPS-ai/naps-llama-3_1-8b-instruct-v0.3,NAPS-ai/naps-llama-3_1-8b-instruct-v0.3,NAPS-ai,0,False,2024-09,8.03,LlamaForCausalLM,fine-tunedondomain-specificdatasets,False,True,
NAPS-ai/naps-llama-3_1-8b-instruct-v0.4,NAPS-ai/naps-llama-3_1-8b-instruct-v0.4 (Merge),NAPS-ai,1,False,2024-09,8.03,LlamaForCausalLM,chatmodels,False,False,merge
NAPS-ai/naps-llama-3_1-instruct-v0.5.0,NAPS-ai/naps-llama-3_1-instruct-v0.5.0,NAPS-ai,0,False,2024-09,8.03,LlamaForCausalLM,chatmodels,False,True,
NAPS-ai/naps-llama-3_1_instruct-v0.6.0,NAPS-ai/naps-llama-3_1_instruct-v0.6.0 (Merge),NAPS-ai,1,False,2024-10,8.03,LlamaForCausalLM,fine-tunedondomain-specificdatasets,False,False,merge
NAPS-ai/naps-llama3.1-70B-v0.2-fp16,NAPS-ai/naps-llama3.1-70B-v0.2-fp16 (Merge),NAPS-ai,1,False,2024-12,70.761,LlamaForCausalLM,fine-tunedondomain-specificdatasets,False,False,merge
NCSOFT/Llama-VARCO-8B-Instruct,NCSOFT/Llama-VARCO-8B-Instruct (Merge),NCSOFT,1,False,2024-09,8.03,LlamaForCausalLM,chatmodels,False,False,merge
NJS26/NJS_777,NJS26/NJS_777 (Merge),NJS26,1,False,2025-02,10.362,Qwen2ForCausalLM,basemergesandmoerges,False,False,merge
NLPark/AnFeng_v3.1-Avocet,NLPark/AnFeng_v3.1-Avocet,NLPark,0,False,2024-08,34.393,LlamaForCausalLM,fine-tunedondomain-specificdatasets,False,True,
NLPark/B-and-W_Flycatcher-3AD1E,NLPark/B-and-W_Flycatcher-3AD1E,NLPark,0,False,2024-09,14.77,LlamaForCausalLM,chatmodels,False,True,
NLPark/Shi-Ci-Robin-Test_3AD80,NLPark/Shi-Ci-Robin-Test_3AD80 (Merge),NLPark,1,False,2024-10,70.554,LlamaForCausalLM,chatmodels,False,False,merge
NTQAI/NxMobileLM-1.5B-SFT,NTQAI/NxMobileLM-1.5B-SFT (Merge),NTQAI,1,False,2025-01,1.544,Qwen2ForCausalLM,fine-tunedondomain-specificdatasets,False,False,merge
NTQAI/Nxcode-CQ-7B-orpo,NTQAI/Nxcode-CQ-7B-orpo,NTQAI,0,False,2024-04,7.25,Qwen2ForCausalLM,chatmodels,False,True,
NYTK/PULI-GPTrio,NYTK/PULI-GPTrio,NYTK,0,True,2023-06,7.673,GPTNeoXForCausalLM,pretrained,False,True,
NYTK/PULI-LlumiX-32K,NYTK/PULI-LlumiX-32K,NYTK,0,True,2024-03,6.738,LlamaForCausalLM,continuouslypretrained,False,True,
Naveenpoliasetty/llama3-8B-V2,Naveenpoliasetty/llama3-8B-V2 (Merge),Naveenpoliasetty,1,False,2024-06,8.03,LlamaForCausalLM,fine-tunedondomain-specificdatasets,False,False,merge
NbAiLab/nb-llama-3.1-8B-Instruct,NbAiLab/nb-llama-3.1-8B-Instruct,NbAiLab,0,True,,8.03,LlamaForCausalLM,fine-tunedondomain-specificdatasets,False,False,base_removed
NbAiLab/nb-llama-3.1-8B-sft,NbAiLab/nb-llama-3.1-8B-sft,NbAiLab,0,False,2024-11,8.03,LlamaForCausalLM,fine-tunedondomain-specificdatasets,False,True,
Nekochu/Llama-3.1-8B-German-ORPO,meta-llama/Meta-Llama-3.1-8B,meta-llama,1,False,2024-09,8.03,LlamaForCausalLM,fine-tunedondomain-specificdatasets,False,True,
Nekochu/Llama-3.1-8B-french-DPO,NousResearch/Meta-Llama-3.1-8B-Instruct,NousResearch,1,False,2024-08,8.03,LlamaForCausalLM,fine-tunedondomain-specificdatasets,False,True,
Nekochu/Luminia-13B-v3,meta-llama/Llama-2-13b-chat-hf,meta-llama,1,False,2024-03,13.016,LlamaForCausalLM,fine-tunedondomain-specificdatasets,False,True,
Nekochu/Luminia-8B-RP,meta-llama/Meta-Llama-3.1-8B,meta-llama,1,False,2024-09,8.03,LlamaForCausalLM,fine-tunedondomain-specificdatasets,False,True,
NeverSleep/Lumimaid-v0.2-12B,NeverSleep/Lumimaid-v0.2-12B,NeverSleep,0,False,2024-07,12.248,MistralForCausalLM,fine-tunedondomain-specificdatasets,False,True,
NeverSleep/Lumimaid-v0.2-8B,NeverSleep/Lumimaid-v0.2-8B,NeverSleep,0,False,2024-07,8.03,LlamaForCausalLM,fine-tunedondomain-specificdatasets,False,True,
Nexesenex/Dolphin3.0-Llama3.1-1B-abliterated,Nexesenex/Dolphin3.0-Llama3.1-1B-abliterated (Merge),Nexesenex,1,False,2025-03,1.236,LlamaForCausalLM,basemergesandmoerges,False,False,merge
Nexesenex/Llama_3.1_8b_DeepDive_3_Prev_v1.0,Nexesenex/Llama_3.1_8b_DeepDive_3_Prev_v1.0 (Merge),Nexesenex,1,False,2025-02,8.03,LlamaForCausalLM,basemergesandmoerges,False,False,merge
Nexesenex/Llama_3.1_8b_DeepDive_3_R1_Prev_v1.0,Nexesenex/Llama_3.1_8b_DeepDive_3_R1_Prev_v1.0 (Merge),Nexesenex,1,False,2025-02,8.03,LlamaForCausalLM,basemergesandmoerges,False,False,merge
Nexesenex/Llama_3.1_8b_DobHerWild_R1_v1.1R,Nexesenex/Llama_3.1_8b_DobHerWild_R1_v1.1R (Merge),Nexesenex,1,False,2025-02,8.03,LlamaForCausalLM,basemergesandmoerges,False,False,merge
Nexesenex/Llama_3.1_8b_DoberWild_v2.01,Nexesenex/Llama_3.1_8b_DoberWild_v2.01 (Merge),Nexesenex,1,False,2025-02,8.031,LlamaForCausalLM,basemergesandmoerges,False,False,merge
Nexesenex/Llama_3.1_8b_DoberWild_v2.02,Nexesenex/Llama_3.1_8b_DoberWild_v2.02 (Merge),Nexesenex,1,False,2025-02,8.03,LlamaForCausalLM,basemergesandmoerges,False,False,merge
Nexesenex/Llama_3.1_8b_DoberWild_v2.03,Nexesenex/Llama_3.1_8b_DoberWild_v2.03 (Merge),Nexesenex,1,False,2025-02,8.03,LlamaForCausalLM,basemergesandmoerges,False,False,merge
Nexesenex/Llama_3.1_8b_DodoWild_v2.01,Nexesenex/Llama_3.1_8b_DodoWild_v2.01 (Merge),Nexesenex,1,False,2025-02,8.031,LlamaForCausalLM,basemergesandmoerges,False,False,merge
Nexesenex/Llama_3.1_8b_DodoWild_v2.02,Nexesenex/Llama_3.1_8b_DodoWild_v2.02 (Merge),Nexesenex,1,False,2025-02,8.03,LlamaForCausalLM,basemergesandmoerges,False,False,merge
Nexesenex/Llama_3.1_8b_DodoWild_v2.03,Nexesenex/Llama_3.1_8b_DodoWild_v2.03 (Merge),Nexesenex,1,False,2025-02,8.03,LlamaForCausalLM,basemergesandmoerges,False,False,merge
Nexesenex/Llama_3.1_8b_DodoWild_v2.10,Nexesenex/Llama_3.1_8b_DodoWild_v2.10 (Merge),Nexesenex,1,False,2025-02,8.03,LlamaForCausalLM,basemergesandmoerges,False,False,merge
Nexesenex/Llama_3.1_8b_Dolermed_R1_V1.01,Nexesenex/Llama_3.1_8b_Dolermed_R1_V1.01 (Merge),Nexesenex,1,False,2025-02,8.03,LlamaForCausalLM,basemergesandmoerges,False,False,merge
Nexesenex/Llama_3.1_8b_Dolermed_R1_V1.03,Nexesenex/Llama_3.1_8b_Dolermed_R1_V1.03 (Merge),Nexesenex,1,False,2025-02,8.03,LlamaForCausalLM,basemergesandmoerges,False,False,merge
Nexesenex/Llama_3.1_8b_Dolermed_V1.01,Nexesenex/Llama_3.1_8b_Dolermed_V1.01 (Merge),Nexesenex,1,False,2025-02,8.031,LlamaForCausalLM,basemergesandmoerges,False,False,merge
Nexesenex/Llama_3.1_8b_Dolerstormed_V1.04,Nexesenex/Llama_3.1_8b_Dolerstormed_V1.04 (Merge),Nexesenex,1,False,2025-02,8.03,LlamaForCausalLM,basemergesandmoerges,False,False,merge
Nexesenex/Llama_3.1_8b_Hermedash_R1_V1.04,Nexesenex/Llama_3.1_8b_Hermedash_R1_V1.04 (Merge),Nexesenex,1,False,2025-02,8.03,LlamaForCausalLM,basemergesandmoerges,False,False,merge
Nexesenex/Llama_3.1_8b_Hermedive_R1_V1.01,Nexesenex/Llama_3.1_8b_Hermedive_R1_V1.01 (Merge),Nexesenex,1,False,2025-02,8.03,LlamaForCausalLM,basemergesandmoerges,False,False,merge
Nexesenex/Llama_3.1_8b_Hermedive_R1_V1.03,Nexesenex/Llama_3.1_8b_Hermedive_R1_V1.03 (Merge),Nexesenex,1,False,2025-02,8.03,LlamaForCausalLM,basemergesandmoerges,False,False,merge
Nexesenex/Llama_3.1_8b_Hermedive_V1.01,Nexesenex/Llama_3.1_8b_Hermedive_V1.01 (Merge),Nexesenex,1,False,2025-02,8.031,LlamaForCausalLM,basemergesandmoerges,False,False,merge
Nexesenex/Llama_3.1_8b_Mediver_V1.01,Nexesenex/Llama_3.1_8b_Mediver_V1.01 (Merge),Nexesenex,1,False,2025-02,8.031,LlamaForCausalLM,basemergesandmoerges,False,False,merge
Nexesenex/Llama_3.1_8b_Medusa_v1.01,Nexesenex/Llama_3.1_8b_Medusa_v1.01 (Merge),Nexesenex,1,False,2025-02,8.031,LlamaForCausalLM,basemergesandmoerges,False,False,merge
Nexesenex/Llama_3.1_8b_Smarteaz_0.2_R1,Nexesenex/Llama_3.1_8b_Smarteaz_0.2_R1 (Merge),Nexesenex,1,False,2025-02,8.03,LlamaForCausalLM,basemergesandmoerges,False,False,merge
Nexesenex/Llama_3.1_8b_Smarteaz_V1.01,Nexesenex/Llama_3.1_8b_Smarteaz_V1.01 (Merge),Nexesenex,1,False,2025-02,8.03,LlamaForCausalLM,basemergesandmoerges,False,False,merge
Nexesenex/Llama_3.1_8b_Stormeder_v1.04,Nexesenex/Llama_3.1_8b_Stormeder_v1.04 (Merge),Nexesenex,1,False,2025-02,8.03,LlamaForCausalLM,basemergesandmoerges,False,False,merge
Nexesenex/Llama_3.1_8b_Typhoon_v1.03,Nexesenex/Llama_3.1_8b_Typhoon_v1.03 (Merge),Nexesenex,1,False,2025-02,8.03,LlamaForCausalLM,basemergesandmoerges,False,False,merge
Nexesenex/Llama_3.2_1b_AquaSyn_0.1,Nexesenex/Llama_3.2_1b_AquaSyn_0.1 (Merge),Nexesenex,1,False,2025-02,1.498,LlamaForCausalLM,basemergesandmoerges,False,False,merge
Nexesenex/Llama_3.2_1b_AquaSyn_0.11,Nexesenex/Llama_3.2_1b_AquaSyn_0.11 (Merge),Nexesenex,1,False,2025-02,1.498,LlamaForCausalLM,basemergesandmoerges,False,False,merge
Nexesenex/Llama_3.2_1b_Dolto_0.1,Nexesenex/Llama_3.2_1b_Dolto_0.1 (Merge),Nexesenex,1,False,2025-02,1.498,LlamaForCausalLM,basemergesandmoerges,False,False,merge
Nexesenex/Llama_3.2_1b_Odyssea_V1,Nexesenex/Llama_3.2_1b_Odyssea_V1 (Merge),Nexesenex,1,False,2025-02,1.498,LlamaForCausalLM,basemergesandmoerges,False,False,merge
Nexesenex/Llama_3.2_1b_Odyssea_V1.01,Nexesenex/Llama_3.2_1b_Odyssea_V1.01 (Merge),Nexesenex,1,False,2025-02,1.498,LlamaForCausalLM,basemergesandmoerges,False,False,merge
Nexesenex/Llama_3.2_1b_OpenTree_R1_0.1,Nexesenex/Llama_3.2_1b_OpenTree_R1_0.1 (Merge),Nexesenex,1,False,2025-02,1.498,LlamaForCausalLM,basemergesandmoerges,False,False,merge
Nexesenex/Llama_3.2_1b_OrcaSun_V1,Nexesenex/Llama_3.2_1b_OrcaSun_V1 (Merge),Nexesenex,1,False,2025-03,1.498,LlamaForCausalLM,basemergesandmoerges,False,False,merge
Nexesenex/Llama_3.2_1b_RandomLego_RP_R1_0.1,Nexesenex/Llama_3.2_1b_RandomLego_RP_R1_0.1 (Merge),Nexesenex,1,False,2025-02,1.498,LlamaForCausalLM,basemergesandmoerges,False,False,merge
Nexesenex/Llama_3.2_1b_SunOrca_V1,Nexesenex/Llama_3.2_1b_SunOrca_V1 (Merge),Nexesenex,1,False,2025-03,1.498,LlamaForCausalLM,basemergesandmoerges,False,False,merge
Nexesenex/Llama_3.2_1b_Sydonia_0.1,Nexesenex/Llama_3.2_1b_Sydonia_0.1 (Merge),Nexesenex,1,False,2025-02,1.498,LlamaForCausalLM,basemergesandmoerges,False,False,merge
Nexesenex/Llama_3.2_1b_Syneridol_0.2,Nexesenex/Llama_3.2_1b_Syneridol_0.2 (Merge),Nexesenex,1,False,2025-02,1.498,LlamaForCausalLM,basemergesandmoerges,False,False,merge
Nexesenex/Llama_3.2_1b_Synopsys_0.1,Nexesenex/Llama_3.2_1b_Synopsys_0.1 (Merge),Nexesenex,1,False,2025-02,1.498,LlamaForCausalLM,basemergesandmoerges,False,False,merge
Nexesenex/Llama_3.2_1b_Synopsys_0.11,Nexesenex/Llama_3.2_1b_Synopsys_0.11 (Merge),Nexesenex,1,False,2025-02,1.498,LlamaForCausalLM,basemergesandmoerges,False,False,merge
Nexesenex/Llama_3.2_3b_Kermes_v1,Nexesenex/Llama_3.2_3b_Kermes_v1 (Merge),Nexesenex,1,False,2025-02,3.213,LlamaForCausalLM,basemergesandmoerges,False,False,merge
Nexesenex/Llama_3.2_3b_Kermes_v2,Nexesenex/Llama_3.2_3b_Kermes_v2 (Merge),Nexesenex,1,False,2025-02,3.213,LlamaForCausalLM,basemergesandmoerges,False,False,merge
Nexesenex/Llama_3.2_3b_Kermes_v2.1,Nexesenex/Llama_3.2_3b_Kermes_v2.1 (Merge),Nexesenex,1,False,2025-02,3.213,LlamaForCausalLM,basemergesandmoerges,False,False,merge
Nexesenex/Nemotron_W_4b_Halo_0.1,Nexesenex/Nemotron_W_4b_Halo_0.1 (Merge),Nexesenex,1,False,2025-02,4.513,LlamaForCausalLM,basemergesandmoerges,False,False,merge
Nexesenex/Nemotron_W_4b_MagLight_0.1,Nexesenex/Nemotron_W_4b_MagLight_0.1 (Merge),Nexesenex,1,False,2025-02,4.513,LlamaForCausalLM,basemergesandmoerges,False,False,merge
Nexesenex/Qwen_2.5_3b_Smarteaz_0.01a,Nexesenex/Qwen_2.5_3b_Smarteaz_0.01a (Merge),Nexesenex,1,False,2025-02,3.085,Qwen2ForCausalLM,basemergesandmoerges,False,False,merge
Nexesenex/pankajmathur_orca_mini_v9_6_1B-instruct-Abliterated-LPL,Nexesenex/pankajmathur_orca_mini_v9_6_1B-instruct-Abliterated-LPL (Merge),Nexesenex,1,False,2025-03,1.236,LlamaForCausalLM,basemergesandmoerges,False,False,merge
Nexusflow/NexusRaven-V2-13B,codellama/CodeLlama-13b-Instruct-hf,codellama,1,False,2023-12,13.0,LlamaForCausalLM,fine-tunedondomain-specificdatasets,False,True,
NikolaSigmoid/AceMath-1.5B-Instruct-1epoch,NikolaSigmoid/AceMath-1.5B-Instruct-1epoch,NikolaSigmoid,0,False,2025-03,1.791,Qwen2ForCausalLM,fine-tunedondomain-specificdatasets,False,True,
NikolaSigmoid/AceMath-1.5B-Instruct-dolphin-r1-200,nvidia/AceMath-1.5B-Instruct,nvidia,1,False,2025-03,0.928,Qwen2ForCausalLM,fine-tunedondomain-specificdatasets,False,True,
NikolaSigmoid/DeepSeek-R1-Distill-Qwen-1.5B-500,deepseek-ai/DeepSeek-R1-Distill-Qwen-1.5B,deepseek-ai,1,False,2025-03,1.157,Qwen2ForCausalLM,fine-tunedondomain-specificdatasets,False,True,
NikolaSigmoid/acemath-200,nvidia/AceMath-1.5B-Instruct,nvidia,1,False,2025-03,1.791,Qwen2ForCausalLM,fine-tunedondomain-specificdatasets,False,True,
NikolaSigmoid/phi-4-14b,microsoft/phi-4,microsoft,1,True,2025-02,14.704,,fine-tunedondomain-specificdatasets,False,True,
NikolaSigmoid/phi-4-1steps,microsoft/phi-4,microsoft,1,True,2025-03,14.704,,fine-tunedondomain-specificdatasets,False,True,
NikolaSigmoid/phi-4-300steps,microsoft/phi-4,microsoft,1,True,2025-03,14.704,,fine-tunedondomain-specificdatasets,False,True,
Nitral-AI/Captain-Eris-BMO_Violent-GRPO-v0.420,Nitral-AI/Captain-Eris-BMO_Violent-GRPO-v0.420 (Merge),Nitral-AI,1,False,2025-02,12.248,MistralForCausalLM,basemergesandmoerges,False,False,merge
Nitral-AI/Captain-Eris_BMO-Violent-12B,Nitral-AI/Captain-Eris_BMO-Violent-12B (Merge),Nitral-AI,1,False,2025-02,12.248,MistralForCausalLM,basemergesandmoerges,False,False,merge
Nitral-AI/Captain-Eris_Violet-GRPO-v0.420,Nitral-AI/Captain-Eris_Violet-GRPO-v0.420 (Merge),Nitral-AI,1,False,2025-02,12.248,MistralForCausalLM,fine-tunedondomain-specificdatasets,False,False,merge
Nitral-AI/Captain-Eris_Violet-V0.420-12B,Nitral-AI/Captain-Eris_Violet-V0.420-12B (Merge),Nitral-AI,1,False,2024-12,12.248,MistralForCausalLM,basemergesandmoerges,False,False,merge
Nitral-AI/Captain_BMO-12B,Nitral-AI/Captain_BMO-12B,Nitral-AI,0,False,2024-11,12.248,MistralForCausalLM,fine-tunedondomain-specificdatasets,False,True,
Nitral-AI/Hathor_Stable-v0.2-L3-8B,Nitral-AI/Hathor_Stable-v0.2-L3-8B,Nitral-AI,0,False,2024-06,8.03,LlamaForCausalLM,fine-tunedondomain-specificdatasets,False,True,
Nitral-AI/Hathor_Tahsin-L3-8B-v0.85,Nitral-AI/Hathor_Tahsin-L3-8B-v0.85,Nitral-AI,0,False,2024-07,8.03,LlamaForCausalLM,fine-tunedondomain-specificdatasets,False,True,
Nitral-AI/Nera_Noctis-12B,Nitral-AI/Nera_Noctis-12B,Nitral-AI,0,False,2025-01,12.248,MistralForCausalLM,fine-tunedondomain-specificdatasets,False,True,
Nohobby/MS-Schisandra-22B-v0.1,Nohobby/MS-Schisandra-22B-v0.1 (Merge),Nohobby,1,False,2024-10,22.247,MistralForCausalLM,basemergesandmoerges,False,False,merge
Nohobby/MS-Schisandra-22B-v0.2,Nohobby/MS-Schisandra-22B-v0.2 (Merge),Nohobby,1,False,2024-11,22.247,MistralForCausalLM,basemergesandmoerges,False,False,merge
Norquinal/Alpha,Norquinal/Alpha,Norquinal,0,True,,8.03,LlamaForCausalLM,chatmodels,False,False,base_removed
Norquinal/Bravo,Norquinal/Bravo,Norquinal,0,True,,8.03,LlamaForCausalLM,chatmodels,False,False,base_removed
Norquinal/Charlie,Norquinal/Charlie,Norquinal,0,True,,8.03,LlamaForCausalLM,chatmodels,False,False,base_removed
Norquinal/Delta,Norquinal/Delta,Norquinal,0,True,,8.03,LlamaForCausalLM,chatmodels,False,False,base_removed
Norquinal/Echo,Norquinal/Echo,Norquinal,0,True,,8.03,LlamaForCausalLM,chatmodels,False,False,base_removed
Norquinal/Foxtrot,Norquinal/Foxtrot,Norquinal,0,True,,8.03,LlamaForCausalLM,chatmodels,False,False,base_removed
Norquinal/Golf,Norquinal/Golf,Norquinal,0,True,,8.03,LlamaForCausalLM,chatmodels,False,False,base_removed
Norquinal/Hotel,Norquinal/Hotel,Norquinal,0,True,,8.03,LlamaForCausalLM,chatmodels,False,False,base_removed
NotASI/FineTome-Llama3.2-1B-0929,meta-llama/Llama-3.2-1B-Instruct,meta-llama,1,False,2024-09,1.236,LlamaForCausalLM,fine-tunedondomain-specificdatasets,False,True,
NotASI/FineTome-Llama3.2-3B-1002,meta-llama/Llama-3.2-3B-Instruct,meta-llama,1,False,2024-10,3.0,LlamaForCausalLM,fine-tunedondomain-specificdatasets,False,True,
NotASI/FineTome-v1.5-Llama3.2-1B-1007,NotASI/FineTome-v1.5-Llama3.2-1B-1007 (Merge),NotASI,1,False,2024-10,1.236,LlamaForCausalLM,fine-tunedondomain-specificdatasets,False,False,merge
NotASI/FineTome-v1.5-Llama3.2-3B-1007,NotASI/FineTome-v1.5-Llama3.2-3B-1007 (Merge),NotASI,1,False,2024-10,3.213,LlamaForCausalLM,fine-tunedondomain-specificdatasets,False,False,merge
NousResearch/DeepHermes-3-Mistral-24B-Preview,mistralai/Mistral-Small-24B-Base-2501,mistralai,1,True,2025-03,23.572,MistralForCausalLM,fine-tunedondomain-specificdatasets,False,True,
NousResearch/Hermes-2-Pro-Llama-3-8B,NousResearch/Meta-Llama-3-8B,NousResearch,1,False,2024-04,8.031,LlamaForCausalLM,chatmodels,False,True,
NousResearch/Hermes-2-Pro-Mistral-7B,mistralai/Mistral-7B-v0.1,mistralai,1,True,2024-03,7.242,MistralForCausalLM,chatmodels,False,True,
NousResearch/Hermes-2-Theta-Llama-3-8B,NousResearch/Meta-Llama-3-8B,NousResearch,1,False,2024-05,8.03,LlamaForCausalLM,fine-tunedondomain-specificdatasets,False,True,
NousResearch/Hermes-3-Llama-3.1-70B,meta-llama/Meta-Llama-3.1-70B,meta-llama,1,False,2024-07,70.554,LlamaForCausalLM,chatmodels,False,True,
NousResearch/Hermes-3-Llama-3.1-8B,meta-llama/Meta-Llama-3.1-8B,meta-llama,1,False,2024-07,8.03,LlamaForCausalLM,chatmodels,False,True,
NousResearch/Hermes-3-Llama-3.2-3B,NousResearch/Hermes-3-Llama-3.2-3B,NousResearch,0,True,2024-12,3.213,LlamaForCausalLM,chatmodels,False,False,base_removed
NousResearch/Nous-Hermes-2-Mistral-7B-DPO,mistralai/Mistral-7B-v0.1,mistralai,1,True,2024-02,7.242,MistralForCausalLM,chatmodels,False,True,
NousResearch/Nous-Hermes-2-Mixtral-8x7B-DPO,mistralai/Mixtral-8x7B-v0.1,mistralai,1,True,2024-01,46.703,MixtralForCausalLM,chatmodels,True,True,
NousResearch/Nous-Hermes-2-Mixtral-8x7B-SFT,mistralai/Mixtral-8x7B-v0.1,mistralai,1,True,2023-12,46.703,MixtralForCausalLM,chatmodels,True,True,
NousResearch/Nous-Hermes-2-SOLAR-10.7B,upstage/SOLAR-10.7B-v1.0,upstage,1,True,2024-01,10.732,LlamaForCausalLM,chatmodels,False,True,
NousResearch/Nous-Hermes-llama-2-7b,NousResearch/Nous-Hermes-llama-2-7b,NousResearch,0,False,2023-07,6.738,LlamaForCausalLM,fine-tunedondomain-specificdatasets,False,True,
NousResearch/Yarn-Llama-2-13b-128k,NousResearch/Yarn-Llama-2-13b-128k,NousResearch,0,True,2023-08,13.0,LlamaForCausalLM,continuouslypretrained,False,True,
NousResearch/Yarn-Llama-2-7b-128k,NousResearch/Yarn-Llama-2-7b-128k,NousResearch,0,True,2023-08,7.0,LlamaForCausalLM,continuouslypretrained,False,True,
NousResearch/Yarn-Llama-2-7b-64k,NousResearch/Yarn-Llama-2-7b-64k,NousResearch,0,True,2023-08,7.0,LlamaForCausalLM,continuouslypretrained,False,True,
NousResearch/Yarn-Mistral-7b-128k,NousResearch/Yarn-Mistral-7b-128k,NousResearch,0,True,2023-10,7.0,MistralForCausalLM,continuouslypretrained,False,True,
NousResearch/Yarn-Mistral-7b-64k,NousResearch/Yarn-Mistral-7b-64k,NousResearch,0,True,2023-10,7.0,MistralForCausalLM,continuouslypretrained,False,True,
NousResearch/Yarn-Solar-10b-32k,NousResearch/Yarn-Solar-10b-32k,NousResearch,0,True,2024-01,10.0,LlamaForCausalLM,continuouslypretrained,False,True,
NousResearch/Yarn-Solar-10b-64k,NousResearch/Yarn-Solar-10b-64k,NousResearch,0,True,2024-01,10.0,LlamaForCausalLM,continuouslypretrained,False,True,
Novaciano/ASTAROTH-3.2-1B,Novaciano/ASTAROTH-3.2-1B (Merge),Novaciano,1,False,2025-03,1.498,LlamaForCausalLM,basemergesandmoerges,False,False,merge
Novaciano/BLAST_PROCESSING-3.2-1B,Novaciano/BLAST_PROCESSING-3.2-1B (Merge),Novaciano,1,False,2025-03,1.498,LlamaForCausalLM,basemergesandmoerges,False,False,merge
Novaciano/Cerberus-3.2-1B,Novaciano/Cerberus-3.2-1B (Merge),Novaciano,1,False,2025-03,1.236,LlamaForCausalLM,basemergesandmoerges,False,False,merge
Novaciano/Cultist-3.2-1B,Novaciano/Cultist-3.2-1B (Merge),Novaciano,1,False,2025-03,1.498,LlamaForCausalLM,basemergesandmoerges,False,False,merge
Novaciano/FuseChat-3.2-1B-GRPO_Creative_RP,Novaciano/FuseChat-3.2-1B-GRPO_Creative_RP (Merge),Novaciano,1,False,2025-03,1.236,LlamaForCausalLM,basemergesandmoerges,False,False,merge
Novaciano/Fusetrix-3.2-1B-GRPO_RP_Creative,Novaciano/Fusetrix-3.2-1B-GRPO_RP_Creative (Merge),Novaciano,1,False,2025-03,1.236,LlamaForCausalLM,basemergesandmoerges,False,False,merge
Novaciano/Fusetrix-Dolphin-3.2-1B-GRPO_Creative_RP,Novaciano/Fusetrix-Dolphin-3.2-1B-GRPO_Creative_RP (Merge),Novaciano,1,False,2025-03,1.236,LlamaForCausalLM,basemergesandmoerges,False,False,merge
Novaciano/HarmfulProject-3.2-1B,Novaciano/HarmfulProject-3.2-1B (Merge),Novaciano,1,False,2025-03,1.498,LlamaForCausalLM,basemergesandmoerges,False,False,merge
Novaciano/LEWD-Mental-Cultist-3.2-1B,Novaciano/LEWD-Mental-Cultist-3.2-1B (Merge),Novaciano,1,False,2025-03,1.498,LlamaForCausalLM,basemergesandmoerges,False,False,merge
Novaciano/La_Mejor_Mezcla-3.2-1B,Novaciano/La_Mejor_Mezcla-3.2-1B (Merge),Novaciano,1,False,2025-03,1.498,LlamaForCausalLM,basemergesandmoerges,False,False,merge
Novaciano/Sigil-Of-Satan-3.2-1B,Novaciano/Sigil-Of-Satan-3.2-1B (Merge),Novaciano,1,False,2025-03,1.498,LlamaForCausalLM,basemergesandmoerges,False,False,merge
NucleusAI/nucleus-22B-token-500B,NucleusAI/nucleus-22B-token-500B,NucleusAI,0,True,2023-10,21.828,LlamaForCausalLM,pretrained,False,True,
NyxKrage/Microsoft_Phi-4,NyxKrage/Microsoft_Phi-4,NyxKrage,0,False,2024-12,14.66,Phi3ForCausalLM,chatmodels,False,True,
OEvortex/Emotional-llama-8B,OEvortex/Emotional-llama-8B,OEvortex,0,False,2024-05,8.03,LlamaForCausalLM,basemergesandmoerges,False,False,merge
OEvortex/HelpingAI-15B,OEvortex/HelpingAI-15B,OEvortex,0,True,2024-07,15.323,LlamaForCausalLM,pretrained,False,True,
OEvortex/HelpingAI-3B-reloaded,OEvortex/HelpingAI-3B-reloaded,OEvortex,0,True,2024-10,2.81,LlamaForCausalLM,continuouslypretrained,False,True,
OEvortex/HelpingAI2-9B,OEvortex/HelpingAI2-9B,OEvortex,0,True,2024-08,8.903,LlamaForCausalLM,pretrained,False,True,
OEvortex/HelpingAI2.5-10B,OEvortex/HelpingAI2.5-10B,OEvortex,0,True,2024-11,10.211,LlamaForCausalLM,continuouslypretrained,False,True,
OliveiraJLT/Sagui-7B-Instruct-v0.1,maritaca-ai/sabia-7b,maritaca-ai,1,False,2024-07,6.738,LlamaForCausalLM,fine-tunedondomain-specificdatasets,False,True,
Omkar1102/code-yi,Omkar1102/code-yi,Omkar1102,0,True,,2.084,LlamaForCausalLM,basemergesandmoerges,False,False,merge
OmnicromsBrain/NeuralStar_FusionWriter_4x7b,OmnicromsBrain/NeuralStar_FusionWriter_4x7b (Merge),OmnicromsBrain,1,False,2024-06,24.154,MixtralForCausalLM,basemergesandmoerges,True,False,merge
OnlyCheeini/greesychat-turbo,OnlyCheeini/greesychat-turbo,OnlyCheeini,0,True,2024-08,8.03,LlamaForCausalLM,fine-tunedondomain-specificdatasets,False,False,base_removed
Open-Orca/Mistral-7B-OpenOrca,Open-Orca/Mistral-7B-OpenOrca,Open-Orca,0,False,2023-09,7.0,MistralForCausalLM,chatmodels,False,True,
OpenAssistant/oasst-sft-1-pythia-12b,OpenAssistant/oasst-sft-1-pythia-12b,OpenAssistant,0,False,2023-03,12.0,GPTNeoXForCausalLM,fine-tunedondomain-specificdatasets,False,True,
OpenBuddy/openbuddy-falcon3-10b-v24.2-131k,tiiuae/Falcon3-10B-Base,tiiuae,1,True,2025-01,10.34,LlamaForCausalLM,chatmodels,False,True,
OpenBuddy/openbuddy-llama3-70b-v21.2-32k,OpenBuddy/openbuddy-llama3-70b-v21.2-32k,OpenBuddy,0,False,2024-06,70.554,LlamaForCausalLM,chatmodels,False,True,
OpenBuddy/openbuddy-llama3-8b-v21.1-8k,OpenBuddy/openbuddy-llama3-8b-v21.1-8k,OpenBuddy,0,False,2024-04,8.03,LlamaForCausalLM,chatmodels,False,True,
OpenBuddy/openbuddy-llama3-8b-v21.2-32k,OpenBuddy/openbuddy-llama3-8b-v21.2-32k,OpenBuddy,0,False,2024-06,8.03,LlamaForCausalLM,chatmodels,False,True,
OpenBuddy/openbuddy-llama3.1-70b-v22.1-131k,OpenBuddy/openbuddy-llama3.1-70b-v22.1-131k,OpenBuddy,0,False,2024-08,70.554,LlamaForCausalLM,chatmodels,False,True,
OpenBuddy/openbuddy-llama3.1-8b-v22.2-131k,OpenBuddy/openbuddy-llama3.1-8b-v22.2-131k,OpenBuddy,0,False,2024-07,8.03,LlamaForCausalLM,chatmodels,False,True,
OpenBuddy/openbuddy-llama3.1-8b-v22.3-131k,OpenBuddy/openbuddy-llama3.1-8b-v22.3-131k,OpenBuddy,0,False,2024-08,8.03,LlamaForCausalLM,chatmodels,False,True,
OpenBuddy/openbuddy-llama3.2-1b-v23.1-131k,OpenBuddy/openbuddy-llama3.2-1b-v23.1-131k,OpenBuddy,0,False,2024-10,1.498,LlamaForCausalLM,chatmodels,False,True,
OpenBuddy/openbuddy-llama3.2-3b-v23.2-131k,OpenBuddy/openbuddy-llama3.2-3b-v23.2-131k,OpenBuddy,0,False,2024-10,3.607,LlamaForCausalLM,chatmodels,False,True,
OpenBuddy/openbuddy-llama3.3-70b-v24.1-131k,OpenBuddy/openbuddy-llama3.3-70b-v24.1-131k,OpenBuddy,0,False,2024-12,70.554,LlamaForCausalLM,chatmodels,False,True,
OpenBuddy/openbuddy-mixtral-7bx8-v18.1-32k,OpenBuddy/openbuddy-mixtral-7bx8-v18.1-32k,OpenBuddy,0,False,2024-02,46.741,MixtralForCausalLM,chatmodels,True,True,
OpenBuddy/openbuddy-nemotron-70b-v23.1-131k,meta-llama/Meta-Llama-3.1-70B,meta-llama,1,False,2024-10,70.554,LlamaForCausalLM,chatmodels,False,True,
OpenBuddy/openbuddy-nemotron-70b-v23.2-131k,meta-llama/Meta-Llama-3.1-70B,meta-llama,1,False,2024-10,70.554,LlamaForCausalLM,chatmodels,False,True,
OpenBuddy/openbuddy-qwen2.5llamaify-14b-v23.1-200k,OpenBuddy/openbuddy-qwen2.5llamaify-14b-v23.1-200k,OpenBuddy,0,False,2024-09,14.77,LlamaForCausalLM,chatmodels,False,True,
OpenBuddy/openbuddy-qwen2.5llamaify-14b-v23.3-200k,OpenBuddy/openbuddy-qwen2.5llamaify-14b-v23.3-200k,OpenBuddy,0,False,2024-10,14.77,LlamaForCausalLM,chatmodels,False,True,
OpenBuddy/openbuddy-qwen2.5llamaify-7b-v23.1-200k,Qwen/Qwen2.5-7B,Qwen,1,True,2024-10,7.615,LlamaForCausalLM,chatmodels,False,True,
OpenBuddy/openbuddy-qwq-32b-v24.1-200k,Qwen/Qwen2.5-32B,Qwen,1,True,2024-12,32.764,Qwen2ForCausalLM,chatmodels,False,True,
OpenBuddy/openbuddy-qwq-32b-v24.2-200k,Qwen/Qwen2.5-32B,Qwen,1,True,2024-12,32.764,Qwen2ForCausalLM,chatmodels,False,True,
OpenBuddy/openbuddy-yi1.5-34b-v21.3-32k,OpenBuddy/openbuddy-yi1.5-34b-v21.3-32k (Merge),OpenBuddy,1,False,2024-06,34.407,LlamaForCausalLM,chatmodels,False,False,merge
OpenBuddy/openbuddy-zero-14b-v22.3-32k,OpenBuddy/openbuddy-zero-14b-v22.3-32k,OpenBuddy,0,False,2024-07,14.022,LlamaForCausalLM,chatmodels,False,True,
OpenBuddy/openbuddy-zero-3b-v21.2-32k,OpenBuddy/openbuddy-zero-3b-v21.2-32k,OpenBuddy,0,False,2024-06,4.769,LlamaForCausalLM,chatmodels,False,True,
OpenBuddy/openbuddy-zero-56b-v21.2-32k,OpenBuddy/openbuddy-zero-56b-v21.2-32k,OpenBuddy,0,False,2024-06,56.707,LlamaForCausalLM,basemergesandmoerges,False,False,merge
OpenGenerativeAI/Bifrost,OpenGenerativeAI/Bifrost (Merge),OpenGenerativeAI,1,False,2025-03,14.66,LlamaForCausalLM,fine-tunedondomain-specificdatasets,False,False,merge
OpenGenerativeAI/Bifrost-14B,OpenGenerativeAI/Bifrost-14B (Merge),OpenGenerativeAI,1,False,2025-03,14.66,LlamaForCausalLM,fine-tunedondomain-specificdatasets,False,False,merge
OpenLLM-France/Lucie-7B,OpenLLM-France/Lucie-7B,OpenLLM-France,0,True,2024-10,6.707,LlamaForCausalLM,pretrained,False,True,
OpenLLM-France/Lucie-7B-Instruct,OpenLLM-France/Lucie-7B-Instruct,OpenLLM-France,0,True,,6.707,LlamaForCausalLM,fine-tunedondomain-specificdatasets,False,False,base_removed
OpenLLM-France/Lucie-7B-Instruct-human-data,OpenLLM-France/Lucie-7B-Instruct-human-data (Merge),OpenLLM-France,1,False,2025-01,6.707,LlamaForCausalLM,fine-tunedondomain-specificdatasets,False,False,merge
OpenLLM-France/Lucie-7B-Instruct-v1.1,OpenLLM-France/Lucie-7B-Instruct-v1.1 (Merge),OpenLLM-France,1,False,2025-02,6.707,LlamaForCausalLM,fine-tunedondomain-specificdatasets,False,False,merge
OpenLeecher/llama3-8b-lima,OpenLeecher/llama3-8b-lima,OpenLeecher,0,True,,8.03,LlamaForCausalLM,chatmodels,False,False,base_removed
OpenScholar/Llama-3.1_OpenScholar-8B,OpenScholar/Llama-3.1_OpenScholar-8B (Merge),OpenScholar,1,False,2024-11,8.0,LlamaForCausalLM,fine-tunedondomain-specificdatasets,False,False,merge
Orenguteng/Llama-3.1-8B-Lexi-Uncensored,Orenguteng/Llama-3.1-8B-Lexi-Uncensored,Orenguteng,0,False,2024-07,8.03,LlamaForCausalLM,fine-tunedondomain-specificdatasets,False,True,
Orenguteng/Llama-3.1-8B-Lexi-Uncensored-V2,Orenguteng/Llama-3.1-8B-Lexi-Uncensored-V2,Orenguteng,0,False,2024-08,8.03,LlamaForCausalLM,fine-tunedondomain-specificdatasets,False,True,
Orion-zhen/Qwen2.5-7B-Instruct-Uncensored,Orion-zhen/Qwen2.5-7B-Instruct-Uncensored (Merge),Orion-zhen,1,False,2024-09,7.616,Qwen2ForCausalLM,chatmodels,False,False,merge
Orion-zhen/phi-4-abliterated,Orion-zhen/phi-4-abliterated (Merge),Orion-zhen,1,False,2024-12,14.66,Phi3ForCausalLM,fine-tunedondomain-specificdatasets,False,False,merge
P0x0/Astra-v1-12B,mistralai/Mistral-Nemo-Base-2407,mistralai,1,True,2024-09,12.248,MistralForCausalLM,fine-tunedondomain-specificdatasets,False,True,
PJMixers/LLaMa-3-CursedStock-v2.0-8B,PJMixers/LLaMa-3-CursedStock-v2.0-8B (Merge),PJMixers,1,False,2024-06,8.03,LlamaForCausalLM,basemergesandmoerges,False,False,merge
PJMixers-Dev/L3.2-Instruct-Thinking-v0.1-1B,PJMixers-Dev/L3.2-Instruct-Thinking-v0.1-1B,PJMixers-Dev,0,True,,1.236,LlamaForCausalLM,chatmodels,False,False,base_removed
PJMixers-Dev/LLaMa-3.1-Instruct-Interleaved-Zeroed-13B,PJMixers-Dev/LLaMa-3.1-Instruct-Interleaved-Zeroed-13B (Merge),PJMixers-Dev,1,False,2024-12,13.047,LlamaForCausalLM,chatmodels,False,False,merge
PJMixers-Dev/LLaMa-3.1-RomboTiesTest-8B,PJMixers-Dev/LLaMa-3.1-RomboTiesTest-8B,PJMixers-Dev,0,True,,4.015,LlamaForCausalLM,basemergesandmoerges,False,False,merge
PJMixers-Dev/LLaMa-3.1-RomboTiesTest2-8B,PJMixers-Dev/LLaMa-3.1-RomboTiesTest2-8B,PJMixers-Dev,0,True,,4.015,LlamaForCausalLM,basemergesandmoerges,False,False,merge
PJMixers-Dev/LLaMa-3.2-Instruct-JankMix-v0.1-SFT-3B,PJMixers-Dev/LLaMa-3.2-Instruct-JankMix-v0.1-SFT-3B (Merge),PJMixers-Dev,1,False,2024-10,3.213,LlamaForCausalLM,chatmodels,False,False,merge
PJMixers-Dev/LLaMa-3.2-Instruct-JankMix-v0.2-SFT-3B,PJMixers-Dev/LLaMa-3.2-Instruct-JankMix-v0.2-SFT-3B (Merge),PJMixers-Dev,1,False,2024-10,3.213,LlamaForCausalLM,chatmodels,False,False,merge
PJMixers-Dev/LLaMa-3.2-Instruct-JankMix-v0.2-SFT-HailMary-v0.1-KTO-3B,PJMixers-Dev/LLaMa-3.2-Instruct-JankMix-v0.2-SFT-HailMary-v0.1-KTO-3B (Merge),PJMixers-Dev,1,False,2024-10,3.213,LlamaForCausalLM,chatmodels,False,False,merge
PJMixers-Dev/LLaMa-3.2-Instruct-JankMixBread-v0.1-3B,PJMixers-Dev/LLaMa-3.2-Instruct-JankMixBread-v0.1-3B (Merge),PJMixers-Dev,1,False,2024-10,3.213,LlamaForCausalLM,basemergesandmoerges,False,False,merge
PJMixers-Dev/Qwen2.5-RomboTiesTest-7B,PJMixers-Dev/Qwen2.5-RomboTiesTest-7B,PJMixers-Dev,0,True,,3.808,Qwen2ForCausalLM,basemergesandmoerges,False,False,merge
Parissa3/test-model,Parissa3/test-model (Merge),Parissa3,1,False,2024-11,7.242,MistralForCausalLM,basemergesandmoerges,False,False,merge
Pinkstack/PARM-V1.5-base-QwQ-Qwen-2.5-o1-3B,Pinkstack/PARM-V1.5-base-QwQ-Qwen-2.5-o1-3B (Merge),Pinkstack,1,False,2024-12,3.086,Qwen2ForCausalLM,fine-tunedondomain-specificdatasets,False,False,merge
Pinkstack/SuperThoughts-CoT-14B-16k-o1-QwQ,Pinkstack/SuperThoughts-CoT-14B-16k-o1-QwQ (Merge),Pinkstack,1,False,2025-01,14.66,LlamaForCausalLM,fine-tunedondomain-specificdatasets,False,False,merge
Pinkstack/Superthoughts-lite-1.8B-experimental-o1,HuggingFaceTB/SmolLM2-1.7B-Instruct (Merge),HuggingFaceTB,1,False,2025-01,1.812,LlamaForCausalLM,continuouslypretrained,False,False,merge
Pinkstack/Superthoughts-lite-v1,Pinkstack/Superthoughts-lite-v1 (Merge),Pinkstack,1,False,2025-02,1.711,LlamaForCausalLM,fine-tunedondomain-specificdatasets,False,False,merge
PocketDoc/Dans-Instruct-CoreCurriculum-12b,PocketDoc/Dans-Instruct-CoreCurriculum-12b,PocketDoc,0,True,,12.0,MistralForCausalLM,fine-tunedondomain-specificdatasets,False,False,base_removed
PocketDoc/Dans-PersonalityEngine-V1.1.0-12b,PocketDoc/Dans-PersonalityEngine-V1.1.0-12b (Merge),PocketDoc,1,False,2024-12,12.248,MistralForCausalLM,fine-tunedondomain-specificdatasets,False,False,merge
PocketDoc/Dans-PersonalityEngine-V1.2.0-24b,PocketDoc/Dans-PersonalityEngine-V1.2.0-24b (Merge),PocketDoc,1,False,2025-02,23.572,MistralForCausalLM,fine-tunedondomain-specificdatasets,False,False,merge
PocketDoc/Dans-PersonalityEngine-v1.0.0-8b,PocketDoc/Dans-PersonalityEngine-v1.0.0-8b (Merge),PocketDoc,1,False,2024-10,8.03,LlamaForCausalLM,fine-tunedondomain-specificdatasets,False,False,merge
PocketDoc/Dans-SakuraKaze-V1.0.0-12b,PocketDoc/Dans-SakuraKaze-V1.0.0-12b (Merge),PocketDoc,1,False,2025-02,12.248,MistralForCausalLM,fine-tunedondomain-specificdatasets,False,False,merge
PowerInfer/SmallThinker-3B-Preview,PowerInfer/SmallThinker-3B-Preview (Merge),PowerInfer,1,False,2024-12,3.397,Qwen2ForCausalLM,fine-tunedondomain-specificdatasets,False,False,merge
PranavHarshan/LaMistral-V4,PranavHarshan/LaMistral-V4 (Merge),PranavHarshan,1,False,2024-10,8.03,LlamaForCausalLM,fine-tunedondomain-specificdatasets,False,False,merge
PranavHarshan/MedNarra-X1,PranavHarshan/MedNarra-X1 (Merge),PranavHarshan,1,False,2024-10,8.03,LlamaForCausalLM,fine-tunedondomain-specificdatasets,False,False,merge
Pretergeek/OpenChat-3.5-0106_10.7B_48Layers-Appended,Pretergeek/OpenChat-3.5-0106_10.7B_48Layers-Appended (Merge),Pretergeek,1,False,2024-07,10.732,MistralForCausalLM,basemergesandmoerges,False,False,merge
Pretergeek/OpenChat-3.5-0106_10.7B_48Layers-Interleaved,Pretergeek/OpenChat-3.5-0106_10.7B_48Layers-Interleaved (Merge),Pretergeek,1,False,2024-08,10.732,MistralForCausalLM,fine-tunedondomain-specificdatasets,False,False,merge
Pretergeek/OpenChat-3.5-0106_32K-PoSE,Pretergeek/OpenChat-3.5-0106_32K-PoSE (Merge),Pretergeek,1,False,2024-11,7.242,MistralForCausalLM,fine-tunedondomain-specificdatasets,False,False,merge
Pretergeek/OpenChat-3.5-0106_8.11B_36Layers-Appended,Pretergeek/OpenChat-3.5-0106_8.11B_36Layers-Appended (Merge),Pretergeek,1,False,2024-07,8.114,MistralForCausalLM,basemergesandmoerges,False,False,merge
Pretergeek/OpenChat-3.5-0106_8.11B_36Layers-Interleaved,Pretergeek/OpenChat-3.5-0106_8.11B_36Layers-Interleaved (Merge),Pretergeek,1,False,2024-08,8.114,MistralForCausalLM,fine-tunedondomain-specificdatasets,False,False,merge
Pretergeek/OpenChat-3.5-0106_8.99B_40Layers-Appended,Pretergeek/OpenChat-3.5-0106_8.99B_40Layers-Appended (Merge),Pretergeek,1,False,2024-07,8.987,MistralForCausalLM,basemergesandmoerges,False,False,merge
Pretergeek/OpenChat-3.5-0106_8.99B_40Layers-Interleaved,Pretergeek/OpenChat-3.5-0106_8.99B_40Layers-Interleaved (Merge),Pretergeek,1,False,2024-08,8.987,MistralForCausalLM,fine-tunedondomain-specificdatasets,False,False,merge
Pretergeek/OpenChat-3.5-0106_9.86B_44Layers-Appended,Pretergeek/OpenChat-3.5-0106_9.86B_44Layers-Appended (Merge),Pretergeek,1,False,2024-07,9.859,MistralForCausalLM,basemergesandmoerges,False,False,merge
Pretergeek/openchat-3.5-0106_Rebased_Mistral-7B-v0.2,Pretergeek/openchat-3.5-0106_Rebased_Mistral-7B-v0.2,Pretergeek,0,False,2024-07,7.242,MistralForCausalLM,fine-tunedondomain-specificdatasets,False,True,
PrimeIntellect/INTELLECT-1,PrimeIntellect/INTELLECT-1,PrimeIntellect,0,True,2024-11,10.211,LlamaForCausalLM,pretrained,False,True,
PrimeIntellect/INTELLECT-1-Instruct,PrimeIntellect/INTELLECT-1-Instruct (Merge),PrimeIntellect,1,False,2024-11,10.211,LlamaForCausalLM,chatmodels,False,False,merge
PuxAI/LUA_model,PuxAI/LUA_model,PuxAI,0,False,2024-12,7.386,MistralForCausalLM,fine-tunedondomain-specificdatasets,False,True,
PygmalionAI/pygmalion-6b,PygmalionAI/pygmalion-6b,PygmalionAI,0,False,2023-01,6.0,GPTJForCausalLM,fine-tunedondomain-specificdatasets,False,True,
Q-bert/MetaMath-1B,Q-bert/MetaMath-1B,Q-bert,0,True,,1.236,LlamaForCausalLM,fine-tunedondomain-specificdatasets,False,False,base_removed
Quazim0t0/1up-14b,Quazim0t0/1up-14b,Quazim0t0,0,True,,14.66,LlamaForCausalLM,basemergesandmoerges,False,False,merge
Quazim0t0/Adamant-14B-sce,Quazim0t0/Adamant-14B-sce,Quazim0t0,0,False,2025-02,14.66,LlamaForCausalLM,basemergesandmoerges,False,False,merge
Quazim0t0/Alice-14B,Quazim0t0/Alice-14B,Quazim0t0,0,True,,14.66,LlamaForCausalLM,basemergesandmoerges,False,False,merge
Quazim0t0/Alien-CoT-14B-sce,Quazim0t0/Alien-CoT-14B-sce,Quazim0t0,0,False,2025-02,14.66,LlamaForCausalLM,basemergesandmoerges,False,False,merge
Quazim0t0/Aura-8B-Linear,Quazim0t0/Aura-8B-Linear,Quazim0t0,0,True,,8.03,LlamaForCausalLM,basemergesandmoerges,False,False,merge
Quazim0t0/Casa-14b-sce,Quazim0t0/Casa-14b-sce,Quazim0t0,0,False,2025-02,14.66,LlamaForCausalLM,fine-tunedondomain-specificdatasets,False,True,
Quazim0t0/Charlie-8B-Linear,Quazim0t0/Charlie-8B-Linear,Quazim0t0,0,True,,8.03,LlamaForCausalLM,basemergesandmoerges,False,False,merge
Quazim0t0/Chromatic-8b-sce,Quazim0t0/Chromatic-8b-sce,Quazim0t0,0,True,,8.03,LlamaForCausalLM,basemergesandmoerges,False,False,merge
Quazim0t0/CoT_Phi,Quazim0t0/CoT_Phi,Quazim0t0,0,True,,14.66,LlamaForCausalLM,basemergesandmoerges,False,False,merge
Quazim0t0/Dyson-14b,Quazim0t0/Dyson-14b (Merge),Quazim0t0,1,False,2025-03,14.66,LlamaForCausalLM,basemergesandmoerges,False,False,merge
Quazim0t0/Edu-14B-Linear,Quazim0t0/Edu-14B-Linear,Quazim0t0,0,True,,14.66,LlamaForCausalLM,basemergesandmoerges,False,False,merge
Quazim0t0/Fugazi14b,Quazim0t0/Fugazi14b (Merge),Quazim0t0,1,False,2025-02,14.66,LlamaForCausalLM,basemergesandmoerges,False,False,merge
Quazim0t0/GZA-14B-sce,Quazim0t0/GZA-14B-sce,Quazim0t0,0,False,2025-01,14.66,LlamaForCausalLM,basemergesandmoerges,False,False,merge
Quazim0t0/Geedorah-14B,Quazim0t0/Geedorah-14B,Quazim0t0,0,True,,14.66,LlamaForCausalLM,basemergesandmoerges,False,False,merge
Quazim0t0/GivingTree-8b-sce,Quazim0t0/GivingTree-8b-sce,Quazim0t0,0,True,,8.03,LlamaForCausalLM,basemergesandmoerges,False,False,merge
Quazim0t0/GuiltySpark-14B-ties,Quazim0t0/GuiltySpark-14B-ties (Merge),Quazim0t0,1,False,2025-02,14.66,LlamaForCausalLM,basemergesandmoerges,False,False,merge
Quazim0t0/Halo-14B-sce,Quazim0t0/Halo-14B-sce,Quazim0t0,0,False,2025-02,14.66,LlamaForCausalLM,basemergesandmoerges,False,False,merge
Quazim0t0/Heretic1.5b,Quazim0t0/Heretic1.5b,Quazim0t0,0,True,,1.73,Qwen2ForCausalLM,basemergesandmoerges,False,False,merge
Quazim0t0/Hyde-14b-sce,Quazim0t0/Hyde-14b-sce,Quazim0t0,0,True,,14.66,LlamaForCausalLM,basemergesandmoerges,False,False,merge
Quazim0t0/Imagine-v0.5-16bit,microsoft/phi-4,microsoft,1,True,2025-03,14.66,LlamaForCausalLM,fine-tunedondomain-specificdatasets,False,True,
Quazim0t0/Imbue-14b,Quazim0t0/Imbue-14b,Quazim0t0,0,True,,14.66,LlamaForCausalLM,basemergesandmoerges,False,False,merge
Quazim0t0/Insom,Quazim0t0/Insom,Quazim0t0,0,True,,14.66,LlamaForCausalLM,basemergesandmoerges,False,False,merge
Quazim0t0/InspectorDeck-14B-sce,Quazim0t0/InspectorDeck-14B-sce,Quazim0t0,0,False,2025-02,14.66,LlamaForCausalLM,basemergesandmoerges,False,False,merge
Quazim0t0/Jekyl-8b-sce,Quazim0t0/Jekyl-8b-sce,Quazim0t0,0,True,,8.03,LlamaForCausalLM,basemergesandmoerges,False,False,merge
Quazim0t0/Jigsaw-14B-Linear,Quazim0t0/Jigsaw-14B-Linear,Quazim0t0,0,True,,14.66,LlamaForCausalLM,basemergesandmoerges,False,False,merge
Quazim0t0/Katana-8b-sce,Quazim0t0/Katana-8b-sce,Quazim0t0,0,True,,8.03,LlamaForCausalLM,basemergesandmoerges,False,False,merge
Quazim0t0/Knot-CoT-14B-sce,Quazim0t0/Knot-CoT-14B-sce,Quazim0t0,0,True,,14.66,LlamaForCausalLM,basemergesandmoerges,False,False,merge
Quazim0t0/Lineage-14B,Quazim0t0/Lineage-14B (Merge),Quazim0t0,1,False,2025-03,14.66,LlamaForCausalLM,basemergesandmoerges,False,False,merge
Quazim0t0/Lo-Phi-14b,Quazim0t0/Lo-Phi-14b,Quazim0t0,0,True,,14.66,LlamaForCausalLM,basemergesandmoerges,False,False,merge
Quazim0t0/Loke-14B-sce,Quazim0t0/Loke-14B-sce,Quazim0t0,0,False,2025-02,14.66,LlamaForCausalLM,basemergesandmoerges,False,False,merge
Quazim0t0/MFDOOM-14B,Quazim0t0/MFDOOM-14B (Merge),Quazim0t0,1,False,2025-03,14.66,LlamaForCausalLM,basemergesandmoerges,False,False,merge
Quazim0t0/MFGRIMM-14B,Quazim0t0/MFGRIMM-14B (Merge),Quazim0t0,1,False,2025-03,14.66,LlamaForCausalLM,basemergesandmoerges,False,False,merge
Quazim0t0/Math_Phi4_Reason,Quazim0t0/Math_Phi4_Reason,Quazim0t0,0,True,,14.66,LlamaForCausalLM,basemergesandmoerges,False,False,merge
Quazim0t0/Mithril-14B-sce,Quazim0t0/Mithril-14B-sce,Quazim0t0,0,False,2025-02,14.66,LlamaForCausalLM,basemergesandmoerges,False,False,merge
Quazim0t0/Mononoke-14B-sce,Quazim0t0/Mononoke-14B-sce,Quazim0t0,0,True,,14.66,LlamaForCausalLM,basemergesandmoerges,False,False,merge
Quazim0t0/Motion-8B-Linear,Quazim0t0/Motion-8B-Linear,Quazim0t0,0,True,,8.03,LlamaForCausalLM,basemergesandmoerges,False,False,merge
Quazim0t0/Mouse-9B,Quazim0t0/Mouse-9B,Quazim0t0,0,True,,9.207,LlamaForCausalLM,basemergesandmoerges,False,False,merge
Quazim0t0/Nova-14b-sce,Quazim0t0/Nova-14b-sce,Quazim0t0,0,False,2025-02,14.66,LlamaForCausalLM,fine-tunedondomain-specificdatasets,False,True,
Quazim0t0/NovaScotia-14b-stock,Quazim0t0/NovaScotia-14b-stock (Merge),Quazim0t0,1,False,2025-02,14.66,LlamaForCausalLM,basemergesandmoerges,False,False,merge
Quazim0t0/ODB-14B-sce,Quazim0t0/ODB-14B-sce,Quazim0t0,0,True,,0.0,Unknown,❓other,False,False,base_removed
Quazim0t0/ODB-14b-sce,Quazim0t0/ODB-14b-sce,Quazim0t0,0,True,,14.66,LlamaForCausalLM,basemergesandmoerges,False,False,merge
Quazim0t0/Oasis-14B-ties,Quazim0t0/Oasis-14B-ties (Merge),Quazim0t0,1,False,2025-02,14.66,LlamaForCausalLM,basemergesandmoerges,False,False,merge
Quazim0t0/Origami-14B-sce,Quazim0t0/Origami-14B-sce,Quazim0t0,0,True,,14.66,LlamaForCausalLM,basemergesandmoerges,False,False,merge
Quazim0t0/Phi4.Turn.R1Distill.16bit,microsoft/phi-4,microsoft,1,True,2025-01,14.66,LlamaForCausalLM,fine-tunedondomain-specificdatasets,False,True,
Quazim0t0/Phi4.Turn.R1Distill_v1.5.1-Tensors,microsoft/phi-4,microsoft,1,True,2025-01,14.66,LlamaForCausalLM,fine-tunedondomain-specificdatasets,False,True,
Quazim0t0/Phi4Basis-14B-sce,Quazim0t0/Phi4Basis-14B-sce,Quazim0t0,0,True,,14.66,LlamaForCausalLM,basemergesandmoerges,False,False,merge
Quazim0t0/Ponder-14B-linear,Quazim0t0/Ponder-14B-linear (Merge),Quazim0t0,1,False,2025-02,14.66,LlamaForCausalLM,basemergesandmoerges,False,False,merge
Quazim0t0/RZA-14B-sce,Quazim0t0/RZA-14B-sce,Quazim0t0,0,False,2025-01,14.66,LlamaForCausalLM,basemergesandmoerges,False,False,merge
Quazim0t0/Rosemary-14b,Quazim0t0/Rosemary-14b (Merge),Quazim0t0,1,False,2025-02,14.66,LlamaForCausalLM,basemergesandmoerges,False,False,merge
Quazim0t0/Rune-14b,Quazim0t0/Rune-14b (Merge),Quazim0t0,1,False,2025-03,14.66,LlamaForCausalLM,basemergesandmoerges,False,False,merge
Quazim0t0/SZA-14B-sce,Quazim0t0/SZA-14B-sce,Quazim0t0,0,True,,14.66,LlamaForCausalLM,basemergesandmoerges,False,False,merge
Quazim0t0/Sake-20b,Quazim0t0/Sake-20b,Quazim0t0,0,True,,21.475,LlamaForCausalLM,basemergesandmoerges,False,False,merge
Quazim0t0/Spok-14b-sce,Quazim0t0/Spok-14b-sce,Quazim0t0,0,True,,14.66,LlamaForCausalLM,basemergesandmoerges,False,False,merge
Quazim0t0/Sumatra-20b,Quazim0t0/Sumatra-20b,Quazim0t0,0,True,,21.475,LlamaForCausalLM,basemergesandmoerges,False,False,merge
Quazim0t0/SuperNova14b,Quazim0t0/SuperNova14b,Quazim0t0,0,True,,14.66,LlamaForCausalLM,basemergesandmoerges,False,False,merge
Quazim0t0/TB0-8B-sce,Quazim0t0/TB0-8B-sce,Quazim0t0,0,True,,8.03,LlamaForCausalLM,basemergesandmoerges,False,False,merge
Quazim0t0/TBL-8B-sce,Quazim0t0/TBL-8B-sce,Quazim0t0,0,True,,8.03,LlamaForCausalLM,basemergesandmoerges,False,False,merge
Quazim0t0/ThinkPhi1.1-Tensors,microsoft/phi-4,microsoft,1,True,2025-01,14.66,LlamaForCausalLM,fine-tunedondomain-specificdatasets,False,True,
Quazim0t0/Venti-20b,Quazim0t0/Venti-20b,Quazim0t0,0,True,,21.475,LlamaForCausalLM,basemergesandmoerges,False,False,merge
Quazim0t0/Venti-Blend-sce,Quazim0t0/Venti-Blend-sce,Quazim0t0,0,True,,21.475,LlamaForCausalLM,basemergesandmoerges,False,False,merge
Quazim0t0/Vine-14b-sce,Quazim0t0/Vine-14b-sce,Quazim0t0,0,False,2025-02,14.66,LlamaForCausalLM,basemergesandmoerges,False,False,merge
Quazim0t0/Wendy-14B,Quazim0t0/Wendy-14B,Quazim0t0,0,True,,14.66,LlamaForCausalLM,basemergesandmoerges,False,False,merge
Quazim0t0/Wu-14b-sce,Quazim0t0/Wu-14b-sce,Quazim0t0,0,False,2025-02,14.66,LlamaForCausalLM,basemergesandmoerges,False,False,merge
Quazim0t0/bloom-14b-stock,Quazim0t0/bloom-14b-stock,Quazim0t0,0,False,2025-02,14.66,LlamaForCausalLM,basemergesandmoerges,False,False,merge
Quazim0t0/caramel-14B,Quazim0t0/caramel-14B,Quazim0t0,0,True,,14.66,LlamaForCausalLM,basemergesandmoerges,False,False,merge
Quazim0t0/graphite-14b-sce,Quazim0t0/graphite-14b-sce,Quazim0t0,0,False,2025-02,14.66,LlamaForCausalLM,basemergesandmoerges,False,False,merge
Quazim0t0/mocha-14B,Quazim0t0/mocha-14B,Quazim0t0,0,True,,14.66,LlamaForCausalLM,basemergesandmoerges,False,False,merge
Quazim0t0/mosaic-14b-sce,Quazim0t0/mosaic-14b-sce,Quazim0t0,0,False,2025-02,14.66,LlamaForCausalLM,basemergesandmoerges,False,False,merge
Quazim0t0/tesseract-14b-stock,Quazim0t0/tesseract-14b-stock,Quazim0t0,0,False,2025-02,14.66,LlamaForCausalLM,basemergesandmoerges,False,False,merge
Quazim0t0/time-14b-stock,Quazim0t0/time-14b-stock (Merge),Quazim0t0,1,False,2025-02,14.66,LlamaForCausalLM,basemergesandmoerges,False,False,merge
Qwen/QwQ-32B,Qwen/Qwen2.5-32B,Qwen,1,True,2025-03,32.764,Qwen2ForCausalLM,fine-tunedondomain-specificdatasets,False,True,
Qwen/QwQ-32B-Preview,Qwen/Qwen2.5-32B,Qwen,1,True,2024-11,32.764,Qwen2ForCausalLM,chatmodels,False,True,
Qwen/Qwen1.5-0.5B,Qwen/Qwen1.5-0.5B,Qwen,0,True,2024-01,0.62,Qwen2ForCausalLM,pretrained,False,True,
Qwen/Qwen1.5-0.5B-Chat,Qwen/Qwen1.5-0.5B-Chat,Qwen,0,False,2024-01,0.62,Qwen2ForCausalLM,chatmodels,False,True,
Qwen/Qwen1.5-1.8B,Qwen/Qwen1.5-1.8B,Qwen,0,True,2024-01,1.837,Qwen2ForCausalLM,pretrained,False,True,
Qwen/Qwen1.5-1.8B-Chat,Qwen/Qwen1.5-1.8B-Chat,Qwen,0,False,2024-01,1.837,Qwen2ForCausalLM,chatmodels,False,True,
Qwen/Qwen1.5-110B,Qwen/Qwen1.5-110B,Qwen,0,True,2024-04,111.21,Qwen2ForCausalLM,pretrained,False,True,
Qwen/Qwen1.5-110B-Chat,Qwen/Qwen1.5-110B-Chat,Qwen,0,False,2024-04,111.21,Qwen2ForCausalLM,chatmodels,False,True,
Qwen/Qwen1.5-14B,Qwen/Qwen1.5-14B,Qwen,0,True,2024-01,14.167,Qwen2ForCausalLM,pretrained,False,True,
Qwen/Qwen1.5-14B-Chat,Qwen/Qwen1.5-14B-Chat,Qwen,0,False,2024-01,14.167,Qwen2ForCausalLM,chatmodels,False,True,
Qwen/Qwen1.5-32B,Qwen/Qwen1.5-32B,Qwen,0,True,2024-04,32.512,Qwen2ForCausalLM,pretrained,False,True,
Qwen/Qwen1.5-32B-Chat,Qwen/Qwen1.5-32B-Chat,Qwen,0,False,2024-04,32.512,Qwen2ForCausalLM,chatmodels,False,True,
Qwen/Qwen1.5-4B,Qwen/Qwen1.5-4B,Qwen,0,True,2024-01,3.95,Qwen2ForCausalLM,pretrained,False,True,
Qwen/Qwen1.5-4B-Chat,Qwen/Qwen1.5-4B-Chat,Qwen,0,False,2024-01,3.95,Qwen2ForCausalLM,chatmodels,False,True,
Qwen/Qwen1.5-7B,Qwen/Qwen1.5-7B,Qwen,0,True,2024-01,7.721,Qwen2ForCausalLM,pretrained,False,True,
Qwen/Qwen1.5-7B-Chat,Qwen/Qwen1.5-7B-Chat,Qwen,0,False,2024-01,7.721,Qwen2ForCausalLM,chatmodels,False,True,
Qwen/Qwen1.5-MoE-A2.7B,Qwen/Qwen1.5-MoE-A2.7B,Qwen,0,True,2024-02,14.316,Qwen2MoeForCausalLM,pretrained,True,True,
Qwen/Qwen1.5-MoE-A2.7B-Chat,Qwen/Qwen1.5-MoE-A2.7B-Chat,Qwen,0,False,2024-03,14.316,Qwen2MoeForCausalLM,chatmodels,True,True,
Qwen/Qwen2-0.5B,Qwen/Qwen2-0.5B,Qwen,0,True,2024-05,0.494,Qwen2ForCausalLM,pretrained,False,True,
Qwen/Qwen2-0.5B-Instruct,Qwen/Qwen2-0.5B,Qwen,1,True,2024-06,0.494,Qwen2ForCausalLM,chatmodels,False,True,
Qwen/Qwen2-1.5B,Qwen/Qwen2-1.5B,Qwen,0,True,2024-05,1.544,Qwen2ForCausalLM,pretrained,False,True,
Qwen/Qwen2-1.5B-Instruct,Qwen/Qwen2-1.5B-Instruct,Qwen,0,False,2024-06,1.544,Qwen2ForCausalLM,chatmodels,False,True,
Qwen/Qwen2-57B-A14B,Qwen/Qwen2-57B-A14B,Qwen,0,True,2024-05,57.409,Qwen2MoeForCausalLM,pretrained,True,True,
Qwen/Qwen2-57B-A14B-Instruct,Qwen/Qwen2-57B-A14B,Qwen,1,True,2024-06,57.409,Qwen2MoeForCausalLM,chatmodels,False,True,
Qwen/Qwen2-72B,Qwen/Qwen2-72B,Qwen,0,True,2024-05,72.706,Qwen2ForCausalLM,pretrained,False,True,
Qwen/Qwen2-72B-Instruct,Qwen/Qwen2-72B,Qwen,1,True,2024-05,72.706,Qwen2ForCausalLM,chatmodels,False,True,
Qwen/Qwen2-7B,Qwen/Qwen2-7B,Qwen,0,True,2024-06,7.616,Qwen2ForCausalLM,pretrained,False,True,
Qwen/Qwen2-7B-Instruct,Qwen/Qwen2-7B,Qwen,1,True,2024-06,7.616,Qwen2ForCausalLM,chatmodels,False,True,
Qwen/Qwen2-Math-72B-Instruct,Qwen/Qwen2-Math-72B-Instruct,Qwen,0,False,2024-08,72.706,Qwen2ForCausalLM,chatmodels,False,True,
Qwen/Qwen2-Math-7B,Qwen/Qwen2-Math-7B,Qwen,0,False,2024-08,7.616,Qwen2ForCausalLM,fine-tunedondomain-specificdatasets,False,True,
Qwen/Qwen2-VL-72B-Instruct,Qwen/Qwen2-VL-72B-Instruct (Merge),Qwen,1,False,2024-09,73.406,Qwen2VLForConditionalGeneration,multimodal,False,False,merge
Qwen/Qwen2-VL-7B-Instruct,Qwen/Qwen2-VL-7B-Instruct (Merge),Qwen,1,False,2024-08,8.291,Qwen2VLForConditionalGeneration,multimodal,False,False,merge
Qwen/Qwen2.5-0.5B,Qwen/Qwen2.5-0.5B,Qwen,0,True,2024-09,0.5,Qwen2ForCausalLM,pretrained,False,True,
Qwen/Qwen2.5-0.5B-Instruct,Qwen/Qwen2.5-0.5B,Qwen,1,True,2024-09,0.5,Qwen2ForCausalLM,chatmodels,False,True,
Qwen/Qwen2.5-1.5B,Qwen/Qwen2.5-1.5B,Qwen,0,True,2024-09,1.5,Qwen2ForCausalLM,pretrained,False,True,
Qwen/Qwen2.5-1.5B-Instruct,Qwen/Qwen2.5-1.5B,Qwen,1,True,2024-09,1.5,Qwen2ForCausalLM,chatmodels,False,True,
Qwen/Qwen2.5-14B,Qwen/Qwen2.5-14B,Qwen,0,True,2024-09,14.77,Qwen2ForCausalLM,pretrained,False,True,
Qwen/Qwen2.5-14B-Instruct,Qwen/Qwen2.5-14B,Qwen,1,True,2024-09,14.77,Qwen2ForCausalLM,chatmodels,False,True,
Qwen/Qwen2.5-14B-Instruct-1M,Qwen/Qwen2.5-14B,Qwen,1,True,2025-01,14.77,Qwen2ForCausalLM,fine-tunedondomain-specificdatasets,False,True,
Qwen/Qwen2.5-32B,Qwen/Qwen2.5-32B,Qwen,0,True,2024-09,32.764,Qwen2ForCausalLM,pretrained,False,True,
Qwen/Qwen2.5-32B-Instruct,Qwen/Qwen2.5-32B,Qwen,1,True,2024-09,32.764,Qwen2ForCausalLM,chatmodels,False,True,
Qwen/Qwen2.5-3B,Qwen/Qwen2.5-3B,Qwen,0,True,2024-09,3.086,Qwen2ForCausalLM,pretrained,False,True,
Qwen/Qwen2.5-3B-Instruct,Qwen/Qwen2.5-3B,Qwen,1,True,2024-09,3.0,Qwen2ForCausalLM,chatmodels,False,True,
Qwen/Qwen2.5-72B,Qwen/Qwen2.5-72B,Qwen,0,True,2024-09,72.706,Qwen2ForCausalLM,pretrained,False,True,
Qwen/Qwen2.5-72B-Instruct,Qwen/Qwen2.5-72B,Qwen,1,True,2024-09,72.706,Qwen2ForCausalLM,chatmodels,False,True,
Qwen/Qwen2.5-7B,Qwen/Qwen2.5-7B,Qwen,0,True,2024-09,7.616,Qwen2ForCausalLM,pretrained,False,True,
Qwen/Qwen2.5-7B-Instruct,Qwen/Qwen2.5-7B,Qwen,1,True,2024-09,7.616,Qwen2ForCausalLM,chatmodels,False,True,
Qwen/Qwen2.5-7B-Instruct-1M,Qwen/Qwen2.5-7B,Qwen,1,True,2025-01,7.616,Qwen2ForCausalLM,fine-tunedondomain-specificdatasets,False,True,
Qwen/Qwen2.5-Coder-14B,Qwen/Qwen2.5-Coder-14B (Merge),Qwen,1,False,2024-11,14.77,Qwen2ForCausalLM,pretrained,False,False,merge
Qwen/Qwen2.5-Coder-14B-Instruct,Qwen/Qwen2.5-Coder-14B-Instruct (Merge),Qwen,1,False,2024-11,14.77,Qwen2ForCausalLM,chatmodels,False,False,merge
Qwen/Qwen2.5-Coder-32B,Qwen/Qwen2.5-Coder-32B (Merge),Qwen,1,False,2024-11,32.764,Qwen2ForCausalLM,pretrained,False,False,merge
Qwen/Qwen2.5-Coder-32B-Instruct,Qwen/Qwen2.5-Coder-32B-Instruct (Merge),Qwen,1,False,2024-11,32.764,Qwen2ForCausalLM,chatmodels,False,False,merge
Qwen/Qwen2.5-Coder-7B,Qwen/Qwen2.5-Coder-7B (Merge),Qwen,1,False,2024-09,7.616,Qwen2ForCausalLM,pretrained,False,False,merge
Qwen/Qwen2.5-Coder-7B-Instruct,Qwen/Qwen2.5-Coder-7B-Instruct (Merge),Qwen,1,False,2024-09,7.616,Qwen2ForCausalLM,chatmodels,False,False,merge
Qwen/Qwen2.5-Math-1.5B-Instruct,Qwen/Qwen2.5-1.5B,Qwen,1,True,2024-09,1.544,Qwen2ForCausalLM,fine-tunedondomain-specificdatasets,False,True,
Qwen/Qwen2.5-Math-72B-Instruct,Qwen/Qwen2.5-72B,Qwen,1,True,2024-09,72.706,Qwen2ForCausalLM,chatmodels,False,True,
Qwen/Qwen2.5-Math-7B,Qwen/Qwen2.5-7B,Qwen,1,True,2024-09,7.616,Qwen2ForCausalLM,continuouslypretrained,False,True,
Qwen/Qwen2.5-Math-7B-Instruct,Qwen/Qwen2.5-7B,Qwen,1,True,2024-09,7.0,Qwen2ForCausalLM,chatmodels,False,True,
RDson/WomboCombo-R1-Coder-14B-Preview,RDson/WomboCombo-R1-Coder-14B-Preview (Merge),RDson,1,False,2025-01,14.77,Qwen2ForCausalLM,basemergesandmoerges,False,False,merge
RESMPDEV/EVA-Qwen2.5-1.5B-FRFR,RESMPDEV/EVA-Qwen2.5-1.5B-FRFR,RESMPDEV,0,False,2024-12,1.544,Qwen2ForCausalLM,fine-tunedondomain-specificdatasets,False,True,
RESMPDEV/Qwen2-Wukong-0.5B,RESMPDEV/Qwen2-Wukong-0.5B,RESMPDEV,0,False,2024-06,0.63,Qwen2ForCausalLM,fine-tunedondomain-specificdatasets,False,True,
RLHFlow/ArmoRM-Llama3-8B-v0.1,RLHFlow/ArmoRM-Llama3-8B-v0.1,RLHFlow,0,False,2024-05,7.511,LlamaForRewardModelWithGating,chatmodels,False,True,
RLHFlow/LLaMA3-iterative-DPO-final,RLHFlow/LLaMA3-iterative-DPO-final,RLHFlow,0,False,2024-05,8.03,LlamaForCausalLM,fine-tunedondomain-specificdatasets,False,True,
RWKV/rwkv-raven-14b,RWKV/rwkv-raven-14b,RWKV,0,False,2023-05,14.0,RwkvForCausalLM,fine-tunedondomain-specificdatasets,False,True,
Rakuten/RakutenAI-2.0-mini-instruct,Rakuten/RakutenAI-2.0-mini-instruct (Merge),Rakuten,1,False,2025-02,1.535,MistralForCausalLM,fine-tunedondomain-specificdatasets,False,False,merge
Rakuten/RakutenAI-7B,Rakuten/RakutenAI-7B (Merge),Rakuten,1,False,2024-03,7.373,MistralForCausalLM,fine-tunedondomain-specificdatasets,False,False,merge
Rakuten/RakutenAI-7B-chat,Rakuten/RakutenAI-7B-chat (Merge),Rakuten,1,False,2024-03,7.373,MistralForCausalLM,fine-tunedondomain-specificdatasets,False,False,merge
Replete-AI/L3-Pneuma-8B,meta-llama/Meta-Llama-3-8B,meta-llama,1,True,2024-10,8.03,LlamaForCausalLM,fine-tunedondomain-specificdatasets,False,True,
Replete-AI/L3.1-Pneuma-8B,meta-llama/Meta-Llama-3.1-8B,meta-llama,1,False,2024-11,8.03,LlamaForCausalLM,fine-tunedondomain-specificdatasets,False,True,
Replete-AI/Llama3-8B-Instruct-Replete-Adapted,Replete-AI/Llama3-8B-Instruct-Replete-Adapted,Replete-AI,0,True,,8.0,LlamaForCausalLM,fine-tunedondomain-specificdatasets,False,False,base_removed
Replete-AI/Replete-Coder-Instruct-8b-Merged,Replete-AI/Replete-Coder-Instruct-8b-Merged,Replete-AI,0,True,,8.03,LlamaForCausalLM,basemergesandmoerges,False,False,merge
Replete-AI/Replete-Coder-Llama3-8B,Replete-AI/Replete-Coder-Llama3-8B,Replete-AI,0,True,,8.03,LlamaForCausalLM,fine-tunedondomain-specificdatasets,False,False,base_removed
Replete-AI/Replete-Coder-Qwen2-1.5b,Replete-AI/Replete-Coder-Qwen2-1.5b,Replete-AI,0,True,,1.544,Qwen2ForCausalLM,fine-tunedondomain-specificdatasets,False,False,base_removed
Replete-AI/Replete-LLM-Qwen2-7b,Replete-AI/Replete-LLM-Qwen2-7b,Replete-AI,0,True,,7.616,Qwen2ForCausalLM,fine-tunedondomain-specificdatasets,False,False,base_removed
Replete-AI/Replete-LLM-Qwen2-7b_Beta-Preview,Replete-AI/Replete-LLM-Qwen2-7b_Beta-Preview,Replete-AI,0,True,,7.616,Qwen2ForCausalLM,fine-tunedondomain-specificdatasets,False,False,base_removed
Replete-AI/Replete-LLM-V2-Llama-3.1-8b,Replete-AI/Replete-LLM-V2-Llama-3.1-8b,Replete-AI,0,True,,8.03,LlamaForCausalLM,fine-tunedondomain-specificdatasets,False,False,base_removed
RezVortex/JAJUKA-WEWILLNEVERFORGETYOU-3B,RezVortex/JAJUKA-WEWILLNEVERFORGETYOU-3B,RezVortex,0,True,,3.213,LlamaForCausalLM,basemergesandmoerges,False,False,merge
RezVortex/Jajuka-3b,RezVortex/Jajuka-3b,RezVortex,0,True,,3.213,LlamaForCausalLM,basemergesandmoerges,False,False,merge
Ro-xe/FMixIA-7B-DARE-0,Ro-xe/FMixIA-7B-DARE-0,Ro-xe,0,False,2024-12,7.242,MistralForCausalLM,basemergesandmoerges,False,False,merge
Ro-xe/FMixIA-7B-SLERP-27,Ro-xe/FMixIA-7B-SLERP-27,Ro-xe,0,False,2024-12,7.242,MistralForCausalLM,basemergesandmoerges,False,False,merge
Ro-xe/FMixIA-7B-TIES-1,Ro-xe/FMixIA-7B-TIES-1,Ro-xe,0,False,2024-12,7.242,MistralForCausalLM,basemergesandmoerges,False,False,merge
Ro-xe/FMixIA-FrankenMerge-9.5B-PT-9,Ro-xe/FMixIA-FrankenMerge-9.5B-PT-9,Ro-xe,0,False,2024-12,14.141,Qwen2ForCausalLM,basemergesandmoerges,False,False,merge
Rombo-Org/Rombo-LLM-V2.5-Qwen-7b,Rombo-Org/Rombo-LLM-V2.5-Qwen-7b (Merge),Rombo-Org,1,False,2025-01,7.616,Qwen2ForCausalLM,basemergesandmoerges,False,False,merge
RubielLabarta/LogoS-7Bx2-MoE-13B-v0.2,RubielLabarta/LogoS-7Bx2-MoE-13B-v0.2 (Merge),RubielLabarta,1,False,2024-01,12.879,MixtralForCausalLM,basemergesandmoerges,True,False,merge
SaisExperiments/Evil-Alpaca-3B-L3.2,SaisExperiments/Evil-Alpaca-3B-L3.2 (Merge),SaisExperiments,1,False,2024-09,3.213,LlamaForCausalLM,fine-tunedondomain-specificdatasets,False,False,merge
SaisExperiments/Gemma-2-2B-Opus-Instruct,google/gemma-2-2b,google,1,True,2024-09,2.614,Gemma2ForCausalLM,fine-tunedondomain-specificdatasets,False,True,
SaisExperiments/Gemma-2-2B-Stheno-Filtered,google/gemma-2-2b,google,1,True,2024-09,2.614,Gemma2ForCausalLM,fine-tunedondomain-specificdatasets,False,True,
SaisExperiments/Not-So-Small-Alpaca-24B,SaisExperiments/Not-So-Small-Alpaca-24B (Merge),SaisExperiments,1,False,2025-02,23.572,MistralForCausalLM,chatmodels,False,False,merge
SaisExperiments/QwOwO-7B-V1,SaisExperiments/QwOwO-7B-V1 (Merge),SaisExperiments,1,False,2025-02,7.616,Qwen2ForCausalLM,fine-tunedondomain-specificdatasets,False,False,merge
SaisExperiments/RightSheep-Llama3.2-3B,SaisExperiments/RightSheep-Llama3.2-3B (Merge),SaisExperiments,1,False,2025-01,3.213,LlamaForCausalLM,chatmodels,False,False,merge
Sakalti/Anemoi-3B,Sakalti/Anemoi-3B (Merge),Sakalti,1,False,2025-01,3.397,Qwen2ForCausalLM,fine-tunedondomain-specificdatasets,False,False,merge
Sakalti/Euphrates-14B,Sakalti/Euphrates-14B (Merge),Sakalti,1,False,2025-01,14.77,Qwen2ForCausalLM,basemergesandmoerges,False,False,merge
Sakalti/Llama3.2-3B-Uranus-1,AXCXEPT/EZO-Llama-3.2-3B-Instruct-dpoE (Merge),AXCXEPT,1,False,2025-01,3.213,LlamaForCausalLM,fine-tunedondomain-specificdatasets,False,False,merge
Sakalti/Magro-7B-v1.1,Sakalti/Magro-7B-v1.1 (Merge),Sakalti,1,False,2024-12,7.242,MistralForCausalLM,basemergesandmoerges,False,False,merge
Sakalti/Neptuno-3B,Sakalti/Neptuno-3B (Merge),Sakalti,1,False,2025-01,3.397,Qwen2ForCausalLM,fine-tunedondomain-specificdatasets,False,False,merge
Sakalti/Neptuno-Alpha,Sakalti/Neptuno-Alpha (Merge),Sakalti,1,False,2025-01,3.397,Qwen2ForCausalLM,fine-tunedondomain-specificdatasets,False,False,merge
Sakalti/Oxyge1-33B,Sakalti/Oxyge1-33B (Merge),Sakalti,1,False,2024-12,32.764,Qwen2ForCausalLM,fine-tunedondomain-specificdatasets,False,False,merge
Sakalti/Phi3.5-Comets-3.8B,Sakalti/Phi3.5-Comets-3.8B (Merge),Sakalti,1,False,2024-12,3.821,Phi3ForCausalLM,basemergesandmoerges,False,False,merge
Sakalti/Qwen2.5-1B-Instruct,Sakalti/Qwen2.5-1B-Instruct (Merge),Sakalti,1,False,2025-01,0.988,Qwen2ForCausalLM,fine-tunedondomain-specificdatasets,False,False,merge
Sakalti/QwenTest-7,Sakalti/QwenTest-7 (Merge),Sakalti,1,False,2025-01,0.988,Qwen2ForCausalLM,fine-tunedondomain-specificdatasets,False,False,merge
Sakalti/SJT-0.5B,Sakalti/SJT-0.5B (Merge),Sakalti,1,False,2025-01,0.63,Qwen2ForCausalLM,fine-tunedondomain-specificdatasets,False,False,merge
Sakalti/SJT-1.5B-Alpha,Sakalti/SJT-1.5B-Alpha (Merge),Sakalti,1,False,2025-01,1.777,Qwen2ForCausalLM,fine-tunedondomain-specificdatasets,False,False,merge
Sakalti/SJT-1.5B-Alpha-1.1,Sakalti/SJT-1.5B-Alpha-1.1 (Merge),Sakalti,1,False,2025-01,1.777,Qwen2ForCausalLM,fine-tunedondomain-specificdatasets,False,False,merge
Sakalti/SJT-1.7B,Sakalti/Qwen2.5-test-2 (Merge),Sakalti,1,False,2025-01,1.684,Qwen2ForCausalLM,fine-tunedondomain-specificdatasets,False,False,merge
Sakalti/SJT-14B,Sakalti/SJT-14B (Merge),Sakalti,1,False,2025-01,14.766,Qwen2ForCausalLM,basemergesandmoerges,False,False,merge
Sakalti/SJT-2.4B,Sakalti/SJT-2.4B (Merge),Sakalti,1,False,2025-01,2.432,Qwen2ForCausalLM,fine-tunedondomain-specificdatasets,False,False,merge
Sakalti/SJT-24B-Alpha,Sakalti/SJT-24B-Alpha (Merge),Sakalti,1,False,2025-02,24.125,Qwen2ForCausalLM,fine-tunedondomain-specificdatasets,False,False,merge
Sakalti/SJT-2B,Sakalti/SJT-2B (Merge),Sakalti,1,False,2025-01,2.614,Gemma2ForCausalLM,fine-tunedondomain-specificdatasets,False,False,merge
Sakalti/SJT-2B-V1.1,Sakalti/SJT-2B-V1.1 (Merge),Sakalti,1,False,2025-02,2.614,Gemma2ForCausalLM,fine-tunedondomain-specificdatasets,False,False,merge
Sakalti/SJT-3.7B,Sakalti/SJT-3.7B (Merge),Sakalti,1,False,2025-01,3.783,LlamaForCausalLM,fine-tunedondomain-specificdatasets,False,False,merge
Sakalti/SJT-4B,microsoft/Phi-3.5-mini-instruct,microsoft,1,False,2025-01,3.821,LlamaForCausalLM,fine-tunedondomain-specificdatasets,False,True,
Sakalti/SJT-7.5B,Sakalti/SJT-7.5B (Merge),Sakalti,1,False,2025-02,7.456,LlamaForCausalLM,fine-tunedondomain-specificdatasets,False,False,merge
Sakalti/SJT-7B-V1.1,Sakalti/SJT-7B-V1.1 (Merge),Sakalti,1,False,2025-02,7.613,Qwen2ForCausalLM,fine-tunedondomain-specificdatasets,False,False,merge
Sakalti/SJT-7B-V1.1-Multilingal,Sakalti/SJT-7B-V1.1-Multilingal (Merge),Sakalti,1,False,2025-02,7.613,Qwen2ForCausalLM,fine-tunedondomain-specificdatasets,False,False,merge
Sakalti/SJT-8B,Sakalti/SJT-8B (Merge),Sakalti,1,False,2025-02,8.548,Qwen2ForCausalLM,fine-tunedondomain-specificdatasets,False,False,merge
Sakalti/SJT-8B-V1.1,Sakalti/SJT-8B-V1.1 (Merge),Sakalti,1,False,2025-02,8.545,Qwen2ForCausalLM,fine-tunedondomain-specificdatasets,False,False,merge
Sakalti/SJT-900M,Sakalti/SJT-900M (Merge),Sakalti,1,False,2025-01,0.899,Qwen2ForCausalLM,fine-tunedondomain-specificdatasets,False,False,merge
Sakalti/SJT-Moe2x7.5B,Sakalti/SJT-Moe2x7.5B (Merge),Sakalti,1,False,2025-02,13.401,MixtralForCausalLM,fine-tunedondomain-specificdatasets,True,False,merge
Sakalti/SJTPass-2,Sakalti/SJTPass-2 (Merge),Sakalti,1,False,2025-01,0.63,Qwen2ForCausalLM,fine-tunedondomain-specificdatasets,False,False,merge
Sakalti/SJTPass-4,Sakalti/SJTPass-4 (Merge),Sakalti,1,False,2025-01,1.167,Qwen2ForCausalLM,fine-tunedondomain-specificdatasets,False,False,merge
Sakalti/SJTPass-5,Sakalti/SJTPass-5 (Merge),Sakalti,1,False,2025-01,0.809,Qwen2ForCausalLM,fine-tunedondomain-specificdatasets,False,False,merge
Sakalti/Saba-Passthrough-2,Sakalti/Saba-Passthrough-2 (Merge),Sakalti,1,False,2024-12,3.087,Qwen2ForCausalLM,basemergesandmoerges,False,False,merge
Sakalti/Saba1-1.8B,Sakalti/Saba1-1.8B (Merge),Sakalti,1,False,2024-12,1.777,Qwen2ForCausalLM,fine-tunedondomain-specificdatasets,False,False,merge
Sakalti/Saba1-7B,Sakalti/Saba1-7B (Merge),Sakalti,1,False,2024-12,7.616,Qwen2ForCausalLM,fine-tunedondomain-specificdatasets,False,False,merge
Sakalti/Saba1.5-1.5B,Sakalti/Saba1.5-1.5B,Sakalti,0,False,2024-09,1.544,Qwen2ForCausalLM,fine-tunedondomain-specificdatasets,False,True,
Sakalti/Saba1.5-Pro-3B,Sakalti/Saba1.5-Pro-3B (Merge),Sakalti,1,False,2024-12,2.9,Qwen2ForCausalLM,basemergesandmoerges,False,False,merge
Sakalti/Saba2-14B-Preview,Sakalti/Saba2-14B-Preview (Merge),Sakalti,1,False,2024-12,14.77,Qwen2ForCausalLM,basemergesandmoerges,False,False,merge
Sakalti/Saba2-3B,Qwen/Qwen2.5-3B,Qwen,1,True,2025-01,3.086,Qwen2ForCausalLM,fine-tunedondomain-specificdatasets,False,True,
Sakalti/Sailor-japanese,Sakalti/Sailor-japanese,Sakalti,0,True,,0.494,Qwen2ForCausalLM,fine-tunedondomain-specificdatasets,False,False,base_removed
Sakalti/Saka-1.5B,Sakalti/Saka-1.5B (Merge),Sakalti,1,False,2025-02,1.777,Qwen2ForCausalLM,fine-tunedondomain-specificdatasets,False,False,merge
Sakalti/Saka-14B,Sakalti/Saka-14B (Merge),Sakalti,1,False,2025-02,14.766,Qwen2ForCausalLM,fine-tunedondomain-specificdatasets,False,False,merge
Sakalti/Saka-24B,Sakalti/Saka-24B,Sakalti,0,True,,23.572,MistralForCausalLM,fine-tunedondomain-specificdatasets,False,False,base_removed
Sakalti/Saka-7.2B,llm-jp/llm-jp-3-7.2b-instruct3,llm-jp,1,False,2025-02,7.292,LlamaForCausalLM,fine-tunedondomain-specificdatasets,False,True,
Sakalti/Saka-7.6B,Sakalti/Saka-7.6B (Merge),Sakalti,1,False,2025-02,7.616,Qwen2ForCausalLM,fine-tunedondomain-specificdatasets,False,False,merge
Sakalti/SakaMoe-3x1.6B-Instruct,Sakalti/SakaMoe-3x1.6B-Instruct (Merge),Sakalti,1,False,2024-09,1.572,Qwen2MoeForCausalLM,fine-tunedondomain-specificdatasets,True,False,merge
Sakalti/SakalFusion-7B-Alpha,Sakalti/SakalFusion-7B-Alpha (Merge),Sakalti,1,False,2025-01,7.616,Qwen2ForCausalLM,fine-tunedondomain-specificdatasets,False,False,merge
Sakalti/SakalFusion-7B-Beta,Sakalti/SakalFusion-7B-Beta (Merge),Sakalti,1,False,2025-01,7.613,Qwen2ForCausalLM,basemergesandmoerges,False,False,merge
Sakalti/Tara-3.8B-v1.1,microsoft/Phi-3.5-mini-instruct,microsoft,1,False,2025-01,3.821,LlamaForCausalLM,fine-tunedondomain-specificdatasets,False,True,
Sakalti/light-1.1-3B,Sakalti/light-3B,Sakalti,1,False,2025-01,3.086,Qwen2ForCausalLM,fine-tunedondomain-specificdatasets,False,True,
Sakalti/light-3B,Sakalti/light-3B,Sakalti,0,False,2025-01,3.397,Qwen2ForCausalLM,basemergesandmoerges,False,False,merge
Sakalti/light-3b-beta,Sakalti/light-3b-beta (Merge),Sakalti,1,False,2025-01,3.397,Qwen2ForCausalLM,fine-tunedondomain-specificdatasets,False,False,merge
Sakalti/light-7b-beta,Sakalti/light-7b-beta (Merge),Sakalti,1,False,2025-01,7.616,Qwen2ForCausalLM,fine-tunedondomain-specificdatasets,False,False,merge
Sakalti/llama-3-yanyuedao-8b-instruct,Sakalti/llama-3-yanyuedao-8b-instruct (Merge),Sakalti,1,False,2024-12,8.03,LlamaForCausalLM,basemergesandmoerges,False,False,merge
Sakalti/magro-7B,mistralai/Mistral-7B-v0.1,mistralai,1,True,2024-12,7.242,MistralForCausalLM,fine-tunedondomain-specificdatasets,False,True,
Sakalti/mergekit-01,Sakalti/mergekit-01 (Merge),Sakalti,1,False,2025-02,7.616,Qwen2ForCausalLM,fine-tunedondomain-specificdatasets,False,False,merge
Sakalti/mergekit-della_linear-vmeykci,Sakalti/mergekit-della_linear-vmeykci (Merge),Sakalti,1,False,2025-02,7.613,Qwen2ForCausalLM,fine-tunedondomain-specificdatasets,False,False,merge
Sakalti/model-3,Sakalti/model-3 (Merge),Sakalti,1,False,2024-12,7.616,Qwen2ForCausalLM,fine-tunedondomain-specificdatasets,False,False,merge
Sakalti/qwen2.5-2.3B,Sakalti/qwen2.5-2.3B,Sakalti,0,False,2025-01,2.339,Qwen2Model,fine-tunedondomain-specificdatasets,False,True,
Sakalti/tara-3.8B,microsoft/Phi-3.5-mini-instruct,microsoft,1,False,2025-01,3.821,LlamaForCausalLM,fine-tunedondomain-specificdatasets,False,True,
Sakalti/ultiima-14B,Sakalti/ultiima-14B (Merge),Sakalti,1,False,2025-01,14.77,Qwen2ForCausalLM,fine-tunedondomain-specificdatasets,False,False,merge
Sakalti/ultiima-14B-v0.2,Sakalti/ultiima-14B-v0.2 (Merge),Sakalti,1,False,2025-01,14.766,Qwen2ForCausalLM,fine-tunedondomain-specificdatasets,False,False,merge
Sakalti/ultiima-14B-v0.3,Sakalti/ultiima-14B-v0.3 (Merge),Sakalti,1,False,2025-01,14.766,Qwen2ForCausalLM,fine-tunedondomain-specificdatasets,False,False,merge
Sakalti/ultiima-14B-v0.4,Sakalti/ultiima-14B-v0.4 (Merge),Sakalti,1,False,2025-02,14.766,Qwen2ForCausalLM,fine-tunedondomain-specificdatasets,False,False,merge
Sakalti/ultiima-32B,Sakalti/ultiima-32B (Merge),Sakalti,1,False,2024-12,32.764,Qwen2ForCausalLM,basemergesandmoerges,False,False,merge
Sakalti/ultiima-72B,Sakalti/ultiima-72B (Merge),Sakalti,1,False,2025-01,72.706,Qwen2ForCausalLM,fine-tunedondomain-specificdatasets,False,False,merge
Sakalti/ultiima-72B-v1.5,Sakalti/ultiima-72B-v1.5 (Merge),Sakalti,1,False,2025-01,72.706,Qwen2ForCausalLM,fine-tunedondomain-specificdatasets,False,False,merge
Salesforce/LLaMA-3-8B-SFR-Iterative-DPO-R,Salesforce/LLaMA-3-8B-SFR-Iterative-DPO-R,Salesforce,0,False,2024-05,8.03,LlamaForCausalLM,fine-tunedondomain-specificdatasets,False,True,
SanjiWatsuki/Kunoichi-DPO-v2-7B,SanjiWatsuki/Kunoichi-DPO-v2-7B,SanjiWatsuki,0,False,2024-01,7.242,MistralForCausalLM,fine-tunedondomain-specificdatasets,False,True,
SanjiWatsuki/Silicon-Maid-7B,SanjiWatsuki/Silicon-Maid-7B,SanjiWatsuki,0,False,2023-12,7.242,MistralForCausalLM,basemergesandmoerges,False,False,merge
Sao10K/70B-L3.3-Cirrus-x1,Sao10K/70B-L3.3-Cirrus-x1 (Merge),Sao10K,1,False,2025-01,70.554,LlamaForCausalLM,fine-tunedondomain-specificdatasets,False,False,merge
Sao10K/Fimbulvetr-11B-v2,Sao10K/Fimbulvetr-11B-v2,Sao10K,0,False,2024-02,10.732,LlamaForCausalLM,fine-tunedondomain-specificdatasets,False,True,
Sao10K/L3-70B-Euryale-v2.1,Sao10K/L3-70B-Euryale-v2.1,Sao10K,0,False,2024-06,70.554,LlamaForCausalLM,fine-tunedondomain-specificdatasets,False,True,
Sao10K/L3-8B-Lunaris-v1,Sao10K/L3-8B-Lunaris-v1,Sao10K,0,False,2024-06,8.03,LlamaForCausalLM,basemergesandmoerges,False,False,merge
Sao10K/L3-8B-Niitama-v1,Sao10K/L3-8B-Niitama-v1,Sao10K,0,False,2024-07,8.03,LlamaForCausalLM,fine-tunedondomain-specificdatasets,False,True,
Sao10K/L3-8B-Stheno-v3.2,Sao10K/L3-8B-Stheno-v3.2,Sao10K,0,False,2024-06,8.03,LlamaForCausalLM,fine-tunedondomain-specificdatasets,False,True,
Sao10K/L3-8B-Stheno-v3.3-32K,Sao10K/L3-8B-Stheno-v3.3-32K,Sao10K,0,False,2024-06,8.03,LlamaForCausalLM,fine-tunedondomain-specificdatasets,False,True,
Sao10K/MN-12B-Lyra-v3,Sao10K/MN-12B-Lyra-v3,Sao10K,0,False,2024-08,12.248,MistralForCausalLM,fine-tunedondomain-specificdatasets,False,True,
Saxo/Linkbricks-Horizon-AI-Avengers-V1-32B,Qwen/Qwen2.5-32B,Qwen,1,True,2024-12,32.76,Qwen2ForCausalLM,fine-tunedondomain-specificdatasets,False,True,
Saxo/Linkbricks-Horizon-AI-Avengers-V2-32B,Qwen/Qwen2.5-32B,Qwen,1,True,2024-12,32.76,Qwen2ForCausalLM,fine-tunedondomain-specificdatasets,False,True,
Saxo/Linkbricks-Horizon-AI-Avengers-V3-32B,Qwen/Qwen2.5-32B,Qwen,1,True,2024-12,32.764,Qwen2ForCausalLM,fine-tunedondomain-specificdatasets,False,True,
Saxo/Linkbricks-Horizon-AI-Avengers-V4-32B,Qwen/Qwen2.5-32B,Qwen,1,True,2024-12,32.764,Qwen2ForCausalLM,fine-tunedondomain-specificdatasets,False,True,
Saxo/Linkbricks-Horizon-AI-Avengers-V5-32B,Qwen/Qwen2.5-32B,Qwen,1,True,2024-12,32.764,Qwen2ForCausalLM,fine-tunedondomain-specificdatasets,False,True,
Saxo/Linkbricks-Horizon-AI-Avengers-V6-32B,Qwen/Qwen2.5-32B,Qwen,1,True,2025-01,32.76,Qwen2ForCausalLM,fine-tunedondomain-specificdatasets,False,True,
Saxo/Linkbricks-Horizon-AI-Korean-Avengers-V2-27B,google/gemma-2-27b,google,1,True,2024-12,27.227,Gemma2ForCausalLM,fine-tunedondomain-specificdatasets,False,True,
Saxo/Linkbricks-Horizon-AI-Korean-Avengers-V3-27B,google/gemma-2-27b,google,1,True,2024-12,27.227,Gemma2ForCausalLM,fine-tunedondomain-specificdatasets,False,True,
Saxo/Linkbricks-Horizon-AI-Korean-Superb-22B,mistralai/Mistral-Small-Instruct-2409,mistralai,1,False,2024-11,22.247,MistralForCausalLM,fine-tunedondomain-specificdatasets,False,True,
Saxo/Linkbricks-Horizon-AI-Korean-Superb-27B,google/gemma-2-27b,google,1,True,2024-11,27.227,Gemma2ForCausalLM,fine-tunedondomain-specificdatasets,False,True,
Saxo/Linkbricks-Horizon-AI-Superb-27B,google/gemma-2-27b,google,1,True,2024-12,27.227,Gemma2ForCausalLM,fine-tunedondomain-specificdatasets,False,True,
SeaLLMs/SeaLLM-7B-v2,SeaLLMs/SeaLLM-7B-v2,SeaLLMs,0,False,2024-01,7.376,MistralForCausalLM,fine-tunedondomain-specificdatasets,False,True,
SeaLLMs/SeaLLM-7B-v2.5,SeaLLMs/SeaLLM-7B-v2.5,SeaLLMs,0,False,2024-04,8.538,GemmaForCausalLM,fine-tunedondomain-specificdatasets,False,True,
SeaLLMs/SeaLLMs-v3-7B-Chat,SeaLLMs/SeaLLMs-v3-7B-Chat,SeaLLMs,0,False,2024-07,7.616,Qwen2ForCausalLM,chatmodels,False,True,
SenseLLM/ReflectionCoder-CL-34B,SenseLLM/ReflectionCoder-CL-34B,SenseLLM,0,False,2024-05,33.744,LlamaForCausalLM,chatmodels,False,True,
SenseLLM/ReflectionCoder-DS-33B,SenseLLM/ReflectionCoder-DS-33B,SenseLLM,0,False,2024-05,33.34,LlamaForCausalLM,chatmodels,False,True,
SentientAGI/Dobby-Mini-Leashed-Llama-3.1-8B,meta-llama/Meta-Llama-3.1-8B,meta-llama,1,False,2025-01,8.03,LlamaForCausalLM,fine-tunedondomain-specificdatasets,False,True,
SentientAGI/Dobby-Mini-Unhinged-Llama-3.1-8B,meta-llama/Meta-Llama-3.1-8B,meta-llama,1,False,2025-01,8.03,LlamaForCausalLM,fine-tunedondomain-specificdatasets,False,True,
SeppeV/SmolLM_pretrained_with_sft_trained_with_1pc_data_on_a_preference_dpo,SeppeV/SmolLM_pretrained_with_sft_trained_with_1pc_data_on_a_preference_dpo,SeppeV,0,True,,0.135,LlamaForCausalLM,chatmodels,False,False,base_removed
Sharathhebbar24/SSH_355M,Sharathhebbar24/SSH_355M,Sharathhebbar24,0,False,2024-02,0.355,GPT2LMHeadModel,fine-tunedondomain-specificdatasets,False,True,
Sharathhebbar24/chat_gpt2_dpo,Sharathhebbar24/chat_gpt2_dpo,Sharathhebbar24,0,False,2024-01,0.124,GPT2LMHeadModel,fine-tunedondomain-specificdatasets,False,True,
Shreyash2010/Uma-4x4B-Instruct-v0.1,Shreyash2010/Uma-4x4B-Instruct-v0.1,Shreyash2010,0,True,,3.821,?,basemergesandmoerges,False,False,merge
Sicarius-Prototyping/Brainy_LLAMA,Sicarius-Prototyping/Brainy_LLAMA,Sicarius-Prototyping,0,False,2024-12,8.03,LlamaForCausalLM,fine-tunedondomain-specificdatasets,False,True,
Sicarius-Prototyping/Micropenis_1B,Sicarius-Prototyping/Micropenis_1B,Sicarius-Prototyping,0,True,,0.618,LlamaForCausalLM,fine-tunedondomain-specificdatasets,False,False,base_removed
Sicarius-Prototyping/bacon_and_food,Sicarius-Prototyping/bacon_and_food (Merge),Sicarius-Prototyping,1,False,2024-11,8.03,LlamaForCausalLM,chatmodels,False,False,merge
SicariusSicariiStuff/2B-ad,SicariusSicariiStuff/2B-ad,SicariusSicariiStuff,0,False,2024-08,3.204,Gemma2ForCausalLM,fine-tunedondomain-specificdatasets,False,True,
SicariusSicariiStuff/2B_or_not_2B,SicariusSicariiStuff/2B_or_not_2B,SicariusSicariiStuff,0,False,2024-08,2.506,GemmaForCausalLM,fine-tunedondomain-specificdatasets,False,True,
SicariusSicariiStuff/Dusk_Rainbow,SicariusSicariiStuff/Dusk_Rainbow,SicariusSicariiStuff,0,False,2024-08,8.03,LlamaForCausalLM,fine-tunedondomain-specificdatasets,False,True,
SicariusSicariiStuff/Eximius_Persona_5B,SicariusSicariiStuff/Eximius_Persona_5B (Merge),SicariusSicariiStuff,1,False,2025-01,5.821,LlamaForCausalLM,basemergesandmoerges,False,False,merge
SicariusSicariiStuff/Impish_LLAMA_3B,SicariusSicariiStuff/Impish_LLAMA_3B (Merge),SicariusSicariiStuff,1,False,2024-10,3.213,LlamaForCausalLM,fine-tunedondomain-specificdatasets,False,False,merge
SicariusSicariiStuff/Impish_Mind_8B,SicariusSicariiStuff/Impish_Mind_8B,SicariusSicariiStuff,0,False,2024-12,8.03,LlamaForCausalLM,fine-tunedondomain-specificdatasets,False,True,
SicariusSicariiStuff/Impish_QWEN_14B-1M,SicariusSicariiStuff/Impish_QWEN_14B-1M (Merge),SicariusSicariiStuff,1,False,2025-01,14.77,Qwen2ForCausalLM,fine-tunedondomain-specificdatasets,False,False,merge
SicariusSicariiStuff/Impish_QWEN_7B-1M,SicariusSicariiStuff/Impish_QWEN_7B-1M (Merge),SicariusSicariiStuff,1,False,2025-01,7.616,Qwen2ForCausalLM,fine-tunedondomain-specificdatasets,False,False,merge
SicariusSicariiStuff/LLAMA-3_8B_Unaligned_BETA,SicariusSicariiStuff/LLAMA-3_8B_Unaligned_BETA,SicariusSicariiStuff,0,False,2024-10,8.03,LlamaForCausalLM,fine-tunedondomain-specificdatasets,False,True,
SicariusSicariiStuff/Phi-Line_14B,SicariusSicariiStuff/Phi-Line_14B (Merge),SicariusSicariiStuff,1,False,2025-02,14.66,LlamaForCausalLM,fine-tunedondomain-specificdatasets,False,False,merge
SicariusSicariiStuff/Phi-lthy4,SicariusSicariiStuff/Phi-lthy4 (Merge),SicariusSicariiStuff,1,False,2025-02,11.933,LlamaForCausalLM,fine-tunedondomain-specificdatasets,False,False,merge
SicariusSicariiStuff/Qwen2.5-14B_Uncencored,SicariusSicariiStuff/Qwen2.5-14B_Uncencored,SicariusSicariiStuff,0,True,,14.0,Qwen2ForCausalLM,fine-tunedondomain-specificdatasets,False,False,base_removed
SicariusSicariiStuff/Qwen2.5-14B_Uncensored,SicariusSicariiStuff/Qwen2.5-14B_Uncensored,SicariusSicariiStuff,0,True,,14.0,Qwen2ForCausalLM,fine-tunedondomain-specificdatasets,False,False,base_removed
SicariusSicariiStuff/Qwen2.5-14B_Uncensored_Instruct,SicariusSicariiStuff/Qwen2.5-14B_Uncensored_Instruct,SicariusSicariiStuff,0,True,,14.77,Qwen2ForCausalLM,chatmodels,False,False,base_removed
SicariusSicariiStuff/Redemption_Wind_24B,SicariusSicariiStuff/Redemption_Wind_24B,SicariusSicariiStuff,0,False,2025-02,23.572,MistralForCausalLM,fine-tunedondomain-specificdatasets,False,True,
SicariusSicariiStuff/Winged_Imp_8B,SicariusSicariiStuff/Winged_Imp_8B,SicariusSicariiStuff,0,True,,8.03,LlamaForCausalLM,basemergesandmoerges,False,False,merge
SicariusSicariiStuff/Wingless_Imp_8B,SicariusSicariiStuff/Wingless_Imp_8B (Merge),SicariusSicariiStuff,1,False,2025-01,8.03,LlamaForCausalLM,fine-tunedondomain-specificdatasets,False,False,merge
SicariusSicariiStuff/Zion_Alpha,SicariusSicariiStuff/Zion_Alpha,SicariusSicariiStuff,0,False,2024-05,7.242,MistralForCausalLM,fine-tunedondomain-specificdatasets,False,True,
SicariusSicariiStuff/dn_ep02,SicariusSicariiStuff/dn_ep02,SicariusSicariiStuff,0,True,,8.03,LlamaForCausalLM,fine-tunedondomain-specificdatasets,False,False,base_removed
SkyOrbis/SKY-Ko-Llama3.1-8B-lora,SkyOrbis/SKY-Ko-Llama3.1-8B-lora (Merge),SkyOrbis,1,False,2024-12,8.03,LlamaForCausalLM,fine-tunedondomain-specificdatasets,False,False,merge
SkyOrbis/SKY-Ko-Llama3.1-8B-lora-epoch1,SkyOrbis/SKY-Ko-Llama3.1-8B-lora-epoch1 (Merge),SkyOrbis,1,False,2025-01,8.03,LlamaForCausalLM,fine-tunedondomain-specificdatasets,False,False,merge
SkyOrbis/SKY-Ko-Llama3.2-1B-lora-epoch3,SkyOrbis/SKY-Ko-Llama3.2-1B-lora-epoch3 (Merge),SkyOrbis,1,False,2024-12,1.236,LlamaForCausalLM,fine-tunedondomain-specificdatasets,False,False,merge
SkyOrbis/SKY-Ko-Llama3.2-1B-lora-epoch5,SkyOrbis/SKY-Ko-Llama3.2-1B-lora-epoch5 (Merge),SkyOrbis,1,False,2024-12,1.236,LlamaForCausalLM,fine-tunedondomain-specificdatasets,False,False,merge
SkyOrbis/SKY-Ko-Llama3.2-1B-lora-v2-epoch3,SkyOrbis/SKY-Ko-Llama3.2-1B-lora-v2-epoch3 (Merge),SkyOrbis,1,False,2024-12,1.236,LlamaForCausalLM,fine-tunedondomain-specificdatasets,False,False,merge
SkyOrbis/SKY-Ko-Llama3.2-1B-lora-v2-epoch5,SkyOrbis/SKY-Ko-Llama3.2-1B-lora-v2-epoch5 (Merge),SkyOrbis,1,False,2024-12,1.236,LlamaForCausalLM,fine-tunedondomain-specificdatasets,False,False,merge
SkyOrbis/SKY-Ko-Llama3.2-3B-lora-epoch1,SkyOrbis/SKY-Ko-Llama3.2-3B-lora-epoch1 (Merge),SkyOrbis,1,False,2024-12,3.213,LlamaForCausalLM,fine-tunedondomain-specificdatasets,False,False,merge
SkyOrbis/SKY-Ko-Llama3.2-3B-lora-epoch2,SkyOrbis/SKY-Ko-Llama3.2-3B-lora-epoch2 (Merge),SkyOrbis,1,False,2024-12,3.213,LlamaForCausalLM,fine-tunedondomain-specificdatasets,False,False,merge
SkyOrbis/SKY-Ko-Llama3.2-3B-lora-epoch3,SkyOrbis/SKY-Ko-Llama3.2-3B-lora-epoch3 (Merge),SkyOrbis,1,False,2024-12,3.213,LlamaForCausalLM,fine-tunedondomain-specificdatasets,False,False,merge
SkyOrbis/SKY-Ko-Qwen2.5-3B-Instruct,SkyOrbis/SKY-Ko-Qwen2.5-3B-Instruct (Merge),SkyOrbis,1,False,2025-01,3.086,Qwen2ForCausalLM,fine-tunedondomain-specificdatasets,False,False,merge
SkyOrbis/SKY-Ko-Qwen2.5-7B-Instruct-SFT-step-15000,SkyOrbis/SKY-Ko-Qwen2.5-7B-Instruct-SFT-step-15000 (Merge),SkyOrbis,1,False,2025-01,7.616,Qwen2ForCausalLM,fine-tunedondomain-specificdatasets,False,False,merge
SkyOrbis/SKY-Ko-Qwen2.5-7B-Instruct-SFT-step-5000,SkyOrbis/SKY-Ko-Qwen2.5-7B-Instruct-SFT-step-5000 (Merge),SkyOrbis,1,False,2025-01,7.616,Qwen2ForCausalLM,fine-tunedondomain-specificdatasets,False,False,merge
Skywork/Skywork-Reward-Gemma-2-27B-v0.2,google/gemma-2-27b,google,1,True,2024-10,27.227,Gemma2ForSequenceClassification,fine-tunedondomain-specificdatasets,False,True,
Skywork/Skywork-o1-Open-Llama-3.1-8B,meta-llama/Meta-Llama-3.1-8B,meta-llama,1,False,2024-11,8.03,LlamaForCausalLM,fine-tunedondomain-specificdatasets,False,True,
Solshine/Brimful-merged-replete,Solshine/Brimful-merged-replete (Merge),Solshine,1,False,2024-10,12.277,Qwen2ForCausalLM,basemergesandmoerges,False,False,merge
Solshine/Llama-3-1-big-thoughtful-passthrough-merge-2,Solshine/Llama-3-1-big-thoughtful-passthrough-merge-2 (Merge),Solshine,1,False,2024-09,18.5,LlamaForCausalLM,basemergesandmoerges,False,False,merge
Sorawiz/Gemma-9B-Base,Sorawiz/Gemma-9B-Base (Merge),Sorawiz,1,False,2025-02,10.159,Gemma2ForCausalLM,basemergesandmoerges,False,False,merge
Sorawiz/Gemma-Creative-9B-Base,Sorawiz/Gemma-Creative-9B-Base (Merge),Sorawiz,1,False,2025-02,10.159,Gemma2ForCausalLM,basemergesandmoerges,False,False,merge
Sourjayon/DeepSeek-R1-8b-Sify,deepseek-ai/DeepSeek-R1-Distill-Llama-8B,deepseek-ai,1,False,2025-02,8.03,LlamaForCausalLM,fine-tunedondomain-specificdatasets,False,True,
Sourjayon/DeepSeek-R1-ForumNXT,deepseek-ai/DeepSeek-R1-Distill-Qwen-1.5B,deepseek-ai,1,False,2025-01,1.777,Qwen2ForCausalLM,fine-tunedondomain-specificdatasets,False,True,
SpaceYL/ECE_Poirot,SpaceYL/ECE_Poirot (Merge),SpaceYL,1,False,2025-02,1.544,Qwen2ForCausalLM,basemergesandmoerges,False,False,merge
Spestly/Athena-1-3B,Qwen/Qwen2.5-3B,Qwen,1,True,2024-12,3.086,Qwen2ForCausalLM,fine-tunedondomain-specificdatasets,False,True,
Spestly/Atlas-Pro-1.5B-Preview,Spestly/Atlas-R1-1.5B-Preview (Merge),Spestly,1,False,2025-01,1.777,Qwen2ForCausalLM,fine-tunedondomain-specificdatasets,False,False,merge
Spestly/Atlas-Pro-7B-Preview,Spestly/Atlas-R1-7B-Preview (Merge),Spestly,1,False,2025-01,7.616,Qwen2ForCausalLM,chatmodels,False,False,merge
Stark2008/GutenLaserPi,Stark2008/GutenLaserPi (Merge),Stark2008,1,False,2024-07,7.242,MistralForCausalLM,basemergesandmoerges,False,False,merge
Stark2008/LayleleFlamPi,Stark2008/LayleleFlamPi (Merge),Stark2008,1,False,2024-07,7.242,MistralForCausalLM,basemergesandmoerges,False,False,merge
Stark2008/VisFlamCat,Stark2008/VisFlamCat (Merge),Stark2008,1,False,2024-07,7.242,MistralForCausalLM,basemergesandmoerges,False,False,merge
Steelskull/L3.3-MS-Nevoria-70b,Steelskull/L3.3-MS-Nevoria-70b (Merge),Steelskull,1,False,2025-01,70.554,LlamaForCausalLM,basemergesandmoerges,False,False,merge
Steelskull/L3.3-Nevoria-R1-70b,Steelskull/L3.3-Nevoria-R1-70b (Merge),Steelskull,1,False,2025-01,70.554,LlamaForCausalLM,basemergesandmoerges,False,False,merge
StelleX/Qwen2.5_Math_7B_Cot,StelleX/Qwen2.5_Math_7B_Cot,StelleX,0,True,,7.616,Qwen2ForCausalLM,fine-tunedondomain-specificdatasets,False,False,base_removed
StelleX/Vorisatex-7B-preview,StelleX/Vorisatex-7B-preview,StelleX,0,True,,7.613,Qwen2ForCausalLM,fine-tunedondomain-specificdatasets,False,False,base_removed
SultanR/SmolTulu-1.7b-Instruct,SultanR/SmolTulu-1.7b-Instruct (Merge),SultanR,1,False,2024-12,1.711,LlamaForCausalLM,chatmodels,False,False,merge
SultanR/SmolTulu-1.7b-Reinforced,SultanR/SmolTulu-1.7b-Reinforced (Merge),SultanR,1,False,2024-12,1.711,LlamaForCausalLM,chatmodels,False,False,merge
SultanR/SmolTulu-1.7b-it-v0,SultanR/SmolTulu-1.7b-it-v0 (Merge),SultanR,1,False,2024-12,1.711,LlamaForCausalLM,chatmodels,False,False,merge
Supichi/BBA-123,Supichi/BBA-123 (Merge),Supichi,1,False,2025-02,17.161,Qwen2ForCausalLM,fine-tunedondomain-specificdatasets,False,False,merge
Supichi/BBA99,Supichi/BBA99 (Merge),Supichi,1,False,2025-02,17.161,Qwen2ForCausalLM,fine-tunedondomain-specificdatasets,False,False,merge
Supichi/BBAIK29,Supichi/BBAIK29 (Merge),Supichi,1,False,2025-02,7.616,Qwen2ForCausalLM,basemergesandmoerges,False,False,merge
Supichi/BBAI_135_Gemma,Supichi/BBAI_135_Gemma (Merge),Supichi,1,False,2025-02,19.3,Gemma2ForCausalLM,basemergesandmoerges,False,False,merge
Supichi/BBAI_250_Xia0_gZ,Supichi/BBAI_250_Xia0_gZ (Merge),Supichi,1,False,2025-02,7.616,Qwen2ForCausalLM,basemergesandmoerges,False,False,merge
Supichi/BBAI_275_Tsunami_gZ,Supichi/BBAI_275_Tsunami_gZ (Merge),Supichi,1,False,2025-02,7.616,Qwen2ForCausalLM,basemergesandmoerges,False,False,merge
Supichi/BBAI_525_Tsu_gZ_Xia0,Supichi/BBAI_525_Tsu_gZ_Xia0 (Merge),Supichi,1,False,2025-02,7.616,Qwen2ForCausalLM,basemergesandmoerges,False,False,merge
Supichi/BBAI_78B_Calme_3_1_Ties,Supichi/BBAI_78B_Calme_3_1_Ties (Merge),Supichi,1,False,2025-02,27.06,Qwen2ForCausalLM,basemergesandmoerges,False,False,merge
Supichi/BBAI_QWEEN_V000000_LUMEN_14B,Supichi/BBAI_QWEEN_V000000_LUMEN_14B (Merge),Supichi,1,False,2025-02,10.366,Qwen2ForCausalLM,fine-tunedondomain-specificdatasets,False,False,merge
Supichi/HF_TOKEN,Supichi/HF_TOKEN (Merge),Supichi,1,False,2025-02,17.161,Qwen2ForCausalLM,basemergesandmoerges,False,False,merge
Supichi/NJS26,Supichi/NJS26 (Merge),Supichi,1,False,2025-02,7.242,MistralForCausalLM,basemergesandmoerges,False,False,merge
Svak/MN-12B-Inferor-v0.0,Svak/MN-12B-Inferor-v0.0 (Merge),Svak,1,False,2024-11,12.248,MistralForCausalLM,basemergesandmoerges,False,False,merge
Svak/MN-12B-Inferor-v0.1,Svak/MN-12B-Inferor-v0.1 (Merge),Svak,1,False,2024-11,12.248,MistralForCausalLM,basemergesandmoerges,False,False,merge
Syed-Hasan-8503/Phi-3-mini-4K-instruct-cpo-simpo,Syed-Hasan-8503/Phi-3-mini-4K-instruct-cpo-simpo,Syed-Hasan-8503,0,False,2024-06,3.821,Phi3ForCausalLM,chatmodels,False,True,
T145/KRONOS-8B-V1-P1,T145/KRONOS-8B-V1-P1 (Merge),T145,1,False,2024-12,8.03,LlamaForCausalLM,fine-tunedondomain-specificdatasets,False,False,merge
T145/KRONOS-8B-V1-P2,T145/KRONOS-8B-V1-P2 (Merge),T145,1,False,2024-12,8.03,LlamaForCausalLM,fine-tunedondomain-specificdatasets,False,False,merge
T145/KRONOS-8B-V1-P3,T145/KRONOS-8B-V1-P3 (Merge),T145,1,False,2024-12,8.03,LlamaForCausalLM,fine-tunedondomain-specificdatasets,False,False,merge
T145/KRONOS-8B-V2,T145/KRONOS-8B-V2 (Merge),T145,1,False,2024-12,8.03,LlamaForCausalLM,chatmodels,False,False,merge
T145/KRONOS-8B-V3,T145/KRONOS-8B-V3 (Merge),T145,1,False,2024-12,8.03,LlamaForCausalLM,chatmodels,False,False,merge
T145/KRONOS-8B-V4,T145/KRONOS-8B-V4 (Merge),T145,1,False,2024-12,8.03,LlamaForCausalLM,chatmodels,False,False,merge
T145/KRONOS-8B-V5,T145/KRONOS-8B-V5 (Merge),T145,1,False,2024-12,8.03,LlamaForCausalLM,chatmodels,False,False,merge
T145/KRONOS-8B-V6,T145/KRONOS-8B-V6 (Merge),T145,1,False,2024-12,8.03,LlamaForCausalLM,chatmodels,False,False,merge
T145/KRONOS-8B-V7,T145/KRONOS-8B-V7,T145,0,True,,4.015,LlamaForCausalLM,chatmodels,False,False,base_removed
T145/KRONOS-8B-V8,T145/KRONOS-8B-V8 (Merge),T145,1,False,2025-02,8.03,LlamaForCausalLM,basemergesandmoerges,False,False,merge
T145/KRONOS-8B-V9,T145/KRONOS-8B-V9 (Merge),T145,1,False,2025-02,8.03,LlamaForCausalLM,basemergesandmoerges,False,False,merge
T145/Llama-3.1-8B-Instruct-Zeus,T145/Llama-3.1-8B-Instruct-Zeus (Merge),T145,1,False,2024-11,8.03,LlamaForCausalLM,chatmodels,False,False,merge
T145/Llama-3.1-8B-Zeus,T145/Llama-3.1-8B-Zeus,T145,0,True,,8.03,LlamaForCausalLM,chatmodels,False,False,base_removed
T145/Meta-Llama-3.1-8B-Instruct-TIES,T145/Meta-Llama-3.1-8B-Instruct-TIES (Merge),T145,1,False,2024-12,8.03,LlamaForCausalLM,chatmodels,False,False,merge
T145/ZEUS-8B-V10,T145/ZEUS-8B-V10 (Merge),T145,1,False,2024-12,8.03,LlamaForCausalLM,chatmodels,False,False,merge
T145/ZEUS-8B-V11,T145/ZEUS-8B-V11 (Merge),T145,1,False,2024-12,8.03,LlamaForCausalLM,chatmodels,False,False,merge
T145/ZEUS-8B-V12,T145/ZEUS-8B-V12 (Merge),T145,1,False,2024-12,8.03,LlamaForCausalLM,chatmodels,False,False,merge
T145/ZEUS-8B-V13,T145/ZEUS-8B-V13 (Merge),T145,1,False,2024-12,8.03,LlamaForCausalLM,chatmodels,False,False,merge
T145/ZEUS-8B-V13-abliterated,T145/ZEUS-8B-V13-abliterated (Merge),T145,1,False,2024-12,8.03,LlamaForCausalLM,fine-tunedondomain-specificdatasets,False,False,merge
T145/ZEUS-8B-V14,T145/ZEUS-8B-V14 (Merge),T145,1,False,2024-12,8.03,LlamaForCausalLM,chatmodels,False,False,merge
T145/ZEUS-8B-V15,T145/ZEUS-8B-V15,T145,0,True,,4.015,LlamaForCausalLM,chatmodels,False,False,base_removed
T145/ZEUS-8B-V16,T145/ZEUS-8B-V16 (Merge),T145,1,False,2024-12,8.03,LlamaForCausalLM,basemergesandmoerges,False,False,merge
T145/ZEUS-8B-V17,T145/ZEUS-8B-V17 (Merge),T145,1,False,2025-01,8.03,LlamaForCausalLM,basemergesandmoerges,False,False,merge
T145/ZEUS-8B-V17-abliterated,T145/ZEUS-8B-V17-abliterated (Merge),T145,1,False,2025-01,7.594,LlamaForCausalLM,basemergesandmoerges,False,False,merge
T145/ZEUS-8B-V17-abliterated-V2,T145/ZEUS-8B-V17-abliterated-V2 (Merge),T145,1,False,2025-01,8.03,LlamaForCausalLM,basemergesandmoerges,False,False,merge
T145/ZEUS-8B-V17-abliterated-V4,T145/ZEUS-8B-V17-abliterated-V4 (Merge),T145,1,False,2025-01,8.03,LlamaForCausalLM,fine-tunedondomain-specificdatasets,False,False,merge
T145/ZEUS-8B-V18,T145/ZEUS-8B-V18 (Merge),T145,1,False,2025-01,8.03,LlamaForCausalLM,basemergesandmoerges,False,False,merge
T145/ZEUS-8B-V19,T145/ZEUS-8B-V19 (Merge),T145,1,False,2025-01,8.03,LlamaForCausalLM,basemergesandmoerges,False,False,merge
T145/ZEUS-8B-V2,T145/ZEUS-8B-V2 (Merge),T145,1,False,2024-12,8.03,LlamaForCausalLM,chatmodels,False,False,merge
T145/ZEUS-8B-V2-ORPO,T145/ZEUS-8B-V2-ORPO,T145,0,True,,4.015,LlamaForCausalLM,fine-tunedondomain-specificdatasets,False,False,base_removed
T145/ZEUS-8B-V2-abliterated,T145/ZEUS-8B-V2-abliterated (Merge),T145,1,False,2024-12,8.03,LlamaForCausalLM,fine-tunedondomain-specificdatasets,False,False,merge
T145/ZEUS-8B-V20,T145/ZEUS-8B-V20 (Merge),T145,1,False,2025-01,8.03,LlamaForCausalLM,basemergesandmoerges,False,False,merge
T145/ZEUS-8B-V21,T145/ZEUS-8B-V21,T145,0,True,,8.03,LlamaForCausalLM,basemergesandmoerges,False,False,merge
T145/ZEUS-8B-V22,T145/ZEUS-8B-V22 (Merge),T145,1,False,2025-01,8.03,LlamaForCausalLM,basemergesandmoerges,False,False,merge
T145/ZEUS-8B-V23,T145/ZEUS-8B-V23 (Merge),T145,1,False,2025-01,8.03,LlamaForCausalLM,basemergesandmoerges,False,False,merge
T145/ZEUS-8B-V24,T145/ZEUS-8B-V24 (Merge),T145,1,False,2025-01,8.03,LlamaForCausalLM,basemergesandmoerges,False,False,merge
T145/ZEUS-8B-V25,T145/ZEUS-8B-V25 (Merge),T145,1,False,2025-01,8.03,LlamaForCausalLM,basemergesandmoerges,False,False,merge
T145/ZEUS-8B-V26,T145/ZEUS-8B-V26 (Merge),T145,1,False,2025-01,8.03,LlamaForCausalLM,basemergesandmoerges,False,False,merge
T145/ZEUS-8B-V27,T145/ZEUS-8B-V27 (Merge),T145,1,False,2025-01,8.03,LlamaForCausalLM,basemergesandmoerges,False,False,merge
T145/ZEUS-8B-V28,T145/ZEUS-8B-V28 (Merge),T145,1,False,2025-01,8.03,LlamaForCausalLM,basemergesandmoerges,False,False,merge
T145/ZEUS-8B-V29,T145/ZEUS-8B-V29 (Merge),T145,1,False,2025-02,8.03,LlamaForCausalLM,basemergesandmoerges,False,False,merge
T145/ZEUS-8B-V2L1,T145/ZEUS-8B-V2L1,T145,0,True,,8.03,LlamaForCausalLM,fine-tunedondomain-specificdatasets,False,False,base_removed
T145/ZEUS-8B-V2L2,T145/ZEUS-8B-V2L2,T145,0,True,,8.03,LlamaForCausalLM,chatmodels,False,False,base_removed
T145/ZEUS-8B-V3,T145/ZEUS-8B-V3,T145,0,True,,8.03,LlamaForCausalLM,chatmodels,False,False,base_removed
T145/ZEUS-8B-V30,T145/ZEUS-8B-V30 (Merge),T145,1,False,2025-02,8.03,LlamaForCausalLM,basemergesandmoerges,False,False,merge
T145/ZEUS-8B-V4,T145/ZEUS-8B-V4,T145,0,True,,8.03,LlamaForCausalLM,chatmodels,False,False,base_removed
T145/ZEUS-8B-V6,T145/ZEUS-8B-V6 (Merge),T145,1,False,2024-12,8.03,LlamaForCausalLM,chatmodels,False,False,merge
T145/ZEUS-8B-V7,T145/ZEUS-8B-V7 (Merge),T145,1,False,2024-12,8.03,LlamaForCausalLM,chatmodels,False,False,merge
T145/ZEUS-8B-V8,T145/ZEUS-8B-V8 (Merge),T145,1,False,2024-12,8.03,LlamaForCausalLM,chatmodels,False,False,merge
T145/ZEUS-8B-V9,T145/ZEUS-8B-V9 (Merge),T145,1,False,2024-12,8.03,LlamaForCausalLM,chatmodels,False,False,merge
T145/qwen-2.5-3B-merge-test,T145/qwen-2.5-3B-merge-test,T145,0,True,,3.397,Qwen2ForCausalLM,chatmodels,False,False,base_removed
THUDM/glm-4-9b,THUDM/glm-4-9b,THUDM,0,True,2024-06,9.0,ChatGLMModelM,pretrained,False,True,
THUDM/glm-4-9b-chat,THUDM/glm-4-9b-chat,THUDM,0,False,2024-06,9.0,ChatGLMModelM,chatmodels,False,True,
THUDM/glm-4-9b-chat-1m,THUDM/glm-4-9b-chat-1m,THUDM,0,False,2024-06,9.484,ChatGLMModel,chatmodels,False,True,
THUDM/glm-4-9b-chat-1m-hf,THUDM/glm-4-9b-chat-1m-hf (Merge),THUDM,1,False,2024-10,9.484,GlmForCausalLM,chatmodels,False,False,merge
THUDM/glm-4-9b-chat-hf,THUDM/glm-4-9b-chat-hf (Merge),THUDM,1,False,2024-10,9.4,GlmForCausalLM,chatmodels,False,False,merge
TIGER-Lab/AceCodeRM-7B,TIGER-Lab/AceCodeRM-7B (Merge),TIGER-Lab,1,False,2025-02,7.616,Qwen2ForCausalRM,fine-tunedondomain-specificdatasets,False,False,merge
TIGER-Lab/AceCoder-Qwen2.5-7B-Ins-Rule,TIGER-Lab/AceCoder-Qwen2.5-7B-Ins-Rule (Merge),TIGER-Lab,1,False,2025-02,7.616,Qwen2ForCausalLM,fine-tunedondomain-specificdatasets,False,False,merge
TIGER-Lab/AceCoder-Qwen2.5-Coder-7B-Base-Rule,TIGER-Lab/AceCoder-Qwen2.5-Coder-7B-Base-Rule (Merge),TIGER-Lab,1,False,2025-02,7.616,Qwen2ForCausalLM,fine-tunedondomain-specificdatasets,False,False,merge
TIGER-Lab/AceCoder-Qwen2.5-Coder-7B-Ins-Rule,TIGER-Lab/AceCoder-Qwen2.5-Coder-7B-Ins-Rule (Merge),TIGER-Lab,1,False,2025-02,7.616,Qwen2ForCausalLM,fine-tunedondomain-specificdatasets,False,False,merge
TIGER-Lab/MAmmoTH2-7B-Plus,TIGER-Lab/MAmmoTH2-7B-Plus,TIGER-Lab,0,False,2024-05,7.242,MistralForCausalLM,fine-tunedondomain-specificdatasets,False,True,
TIGER-Lab/Qwen2.5-Math-7B-CFT,TIGER-Lab/Qwen2.5-Math-7B-CFT (Merge),TIGER-Lab,1,False,2025-01,7.616,Qwen2ForCausalLM,chatmodels,False,False,merge
TTTXXX01/Mistral-7B-Base-SimPO2-5e-7,mistralai/Mistral-7B-v0.1,mistralai,1,True,2024-08,7.242,MistralForCausalLM,chatmodels,False,True,
Tarek07/Progenitor-V1.1-LLaMa-70B,Tarek07/Progenitor-V1.1-LLaMa-70B (Merge),Tarek07,1,False,2025-01,70.554,LlamaForCausalLM,basemergesandmoerges,False,False,merge
Tarek07/Thalassic-Alpha-LLaMa-70B,Tarek07/Thalassic-Alpha-LLaMa-70B (Merge),Tarek07,1,False,2025-01,70.554,LlamaForCausalLM,basemergesandmoerges,False,False,merge
TeeZee/DoubleBagel-57B-v1.0,TeeZee/DoubleBagel-57B-v1.0 (Merge),TeeZee,1,False,2024-08,56.703,LlamaForCausalLM,basemergesandmoerges,False,False,merge
Telugu-LLM-Labs/Indic-gemma-2b-finetuned-sft-Navarasa-2.0,google/gemma-2b,google,1,True,2024-03,2.506,GemmaForCausalLM,fine-tunedondomain-specificdatasets,False,True,
Telugu-LLM-Labs/Indic-gemma-7b-finetuned-sft-Navarasa-2.0,google/gemma-7b,google,1,True,2024-03,8.538,GemmaForCausalLM,fine-tunedondomain-specificdatasets,False,True,
TencentARC/LLaMA-Pro-8B,TencentARC/LLaMA-Pro-8B,TencentARC,0,False,2024-01,8.357,LlamaForCausalLM,fine-tunedondomain-specificdatasets,False,True,
TencentARC/LLaMA-Pro-8B-Instruct,TencentARC/LLaMA-Pro-8B-Instruct,TencentARC,0,False,2024-01,8.357,LlamaForCausalLM,chatmodels,False,True,
TencentARC/MetaMath-Mistral-Pro,TencentARC/MetaMath-Mistral-Pro,TencentARC,0,False,2024-02,8.987,MistralForCausalLM,fine-tunedondomain-specificdatasets,False,True,
TencentARC/Mistral_Pro_8B_v0.1,TencentARC/Mistral_Pro_8B_v0.1,TencentARC,0,False,2024-02,8.987,MistralForCausalLM,fine-tunedondomain-specificdatasets,False,True,
TheDrummer/Cydonia-22B-v1.2,TheDrummer/Cydonia-22B-v1.2,TheDrummer,0,False,2024-10,22.247,MistralForCausalLM,fine-tunedondomain-specificdatasets,False,True,
TheDrummer/Gemmasutra-9B-v1,TheDrummer/Gemmasutra-9B-v1 (Merge),TheDrummer,1,False,2024-07,10.159,Gemma2ForCausalLM,basemergesandmoerges,False,False,merge
TheDrummer/Gemmasutra-Mini-2B-v1,TheDrummer/Gemmasutra-Mini-2B-v1,TheDrummer,0,False,2024-08,2.614,Gemma2ForCausalLM,chatmodels,False,True,
TheDrummer/Llama-3SOME-8B-v2,TheDrummer/Llama-3SOME-8B-v2,TheDrummer,0,False,2024-06,8.03,LlamaForCausalLM,fine-tunedondomain-specificdatasets,False,True,
TheDrummer/Ministrations-8B-v1,TheDrummer/Ministrations-8B-v1,TheDrummer,0,False,2024-11,8.02,MistralForCausalLM,fine-tunedondomain-specificdatasets,False,True,
TheDrummer/Rocinante-12B-v1,TheDrummer/Rocinante-12B-v1,TheDrummer,0,False,2024-08,12.248,MistralForCausalLM,fine-tunedondomain-specificdatasets,False,True,
TheDrummer/Tiger-Gemma-9B-v1,TheDrummer/Tiger-Gemma-9B-v1,TheDrummer,0,False,2024-07,9.242,Gemma2ForCausalLM,fine-tunedondomain-specificdatasets,False,True,
TheDrummer/Tiger-Gemma-9B-v2,TheDrummer/Tiger-Gemma-9B-v2,TheDrummer,0,False,2024-07,9.242,Gemma2ForCausalLM,fine-tunedondomain-specificdatasets,False,True,
TheDrummer/Tiger-Gemma-9B-v3,TheDrummer/Tiger-Gemma-9B-v3,TheDrummer,0,False,2024-10,9.242,Gemma2ForCausalLM,fine-tunedondomain-specificdatasets,False,True,
TheDrunkenSnail/Daughter-of-Rhodia-12B,TheDrunkenSnail/Daughter-of-Rhodia-12B,TheDrunkenSnail,0,True,,12.248,MistralForCausalLM,basemergesandmoerges,False,False,merge
TheDrunkenSnail/Mother-of-Rhodia-12B,TheDrunkenSnail/Mother-of-Rhodia-12B (Merge),TheDrunkenSnail,1,False,2025-01,12.248,MistralForCausalLM,basemergesandmoerges,False,False,merge
TheDrunkenSnail/Son-of-Rhodia,TheDrunkenSnail/Son-of-Rhodia (Merge),TheDrunkenSnail,1,False,2024-12,12.248,MistralForCausalLM,basemergesandmoerges,False,False,merge
TheHierophant/Underground-Cognitive-V0.3-test,TheHierophant/Underground-Cognitive-V0.3-test (Merge),TheHierophant,1,False,2024-11,10.732,LlamaForCausalLM,basemergesandmoerges,False,False,merge
TheTsar1209/nemo-carpmuscle-v0.1,unsloth/Mistral-Nemo-Base-2407-bnb-4bit,unsloth,1,False,2024-08,12.248,MistralForCausalLM,chatmodels,False,True,
TheTsar1209/qwen-carpmuscle-r-v0.3,TheTsar1209/qwen-carpmuscle-r-v0.3 (Merge),TheTsar1209,1,False,2024-10,14.766,Qwen2ForCausalLM,chatmodels,False,False,merge
TheTsar1209/qwen-carpmuscle-v0.1,Qwen/Qwen2.5-14B,Qwen,1,True,2024-10,14.77,Qwen2ForCausalLM,chatmodels,False,True,
TheTsar1209/qwen-carpmuscle-v0.2,Qwen/Qwen2.5-14B,Qwen,1,True,2024-10,14.77,Qwen2ForCausalLM,chatmodels,False,True,
TheTsar1209/qwen-carpmuscle-v0.3,Qwen/Qwen2.5-14B,Qwen,1,True,2024-10,14.77,Qwen2ForCausalLM,chatmodels,False,True,
TheTsar1209/qwen-carpmuscle-v0.4,Qwen/Qwen2.5-14B,Qwen,1,True,2024-11,14.77,Qwen2ForCausalLM,chatmodels,False,True,
TheTsar1209/qwen-carpmuscle-v0.4.1,Qwen/Qwen2.5-14B,Qwen,1,True,2025-01,14.77,Qwen2ForCausalLM,chatmodels,False,True,
Tijmen2/cosmosage-v3,meta-llama/Meta-Llama-3-8B,meta-llama,1,True,2024-06,8.03,LlamaForCausalLM,fine-tunedondomain-specificdatasets,False,True,
TinyLlama/TinyLlama-1.1B-Chat-v0.1,TinyLlama/TinyLlama-1.1B-Chat-v0.1,TinyLlama,0,False,2023-09,1.1,LlamaForCausalLM,fine-tunedondomain-specificdatasets,False,True,
TinyLlama/TinyLlama-1.1B-Chat-v0.5,TinyLlama/TinyLlama-1.1B-Chat-v0.5,TinyLlama,0,False,2023-11,1.1,LlamaForCausalLM,chatmodels,False,True,
TinyLlama/TinyLlama-1.1B-Chat-v0.6,TinyLlama/TinyLlama-1.1B-Chat-v0.6,TinyLlama,0,False,2023-11,1.1,LlamaForCausalLM,chatmodels,False,True,
TinyLlama/TinyLlama-1.1B-Chat-v1.0,TinyLlama/TinyLlama-1.1B-Chat-v1.0,TinyLlama,0,False,2023-12,1.1,LlamaForCausalLM,fine-tunedondomain-specificdatasets,False,True,
TinyLlama/TinyLlama-1.1B-intermediate-step-1431k-3T,TinyLlama/TinyLlama-1.1B-intermediate-step-1431k-3T,TinyLlama,0,True,2023-12,1.1,LlamaForCausalLM,pretrained,False,True,
TinyLlama/TinyLlama_v1.1,TinyLlama/TinyLlama_v1.1,TinyLlama,0,True,2024-03,1.1,LlamaForCausalLM,pretrained,False,True,
ToastyPigeon/Sto-vo-kor-12B,ToastyPigeon/Sto-vo-kor-12B (Merge),ToastyPigeon,1,False,2025-01,12.248,MistralForCausalLM,fine-tunedondomain-specificdatasets,False,False,merge
Trappu/Magnum-Picaro-0.7-v2-12b,Trappu/Magnum-Picaro-0.7-v2-12b (Merge),Trappu,1,False,2024-09,12.248,MistralForCausalLM,basemergesandmoerges,False,False,merge
Trappu/Nemo-Picaro-12B,royallab/MN-LooseCannon-12B-v2 (Merge),royallab,1,False,2024-09,12.248,MistralForCausalLM,fine-tunedondomain-specificdatasets,False,False,merge
Tremontaine/L3-12B-Lunaris-v1,Tremontaine/L3-12B-Lunaris-v1 (Merge),Tremontaine,1,False,2024-07,11.52,LlamaForCausalLM,fine-tunedondomain-specificdatasets,False,False,merge
Triangle104/Annunaki-12b,Triangle104/Annunaki-12b (Merge),Triangle104,1,False,2025-01,12.248,MistralForCausalLM,basemergesandmoerges,False,False,merge
Triangle104/BigTalker-Lite-8B,Triangle104/BigTalker-Lite-8B (Merge),Triangle104,1,False,2024-12,8.03,LlamaForCausalLM,basemergesandmoerges,False,False,merge
Triangle104/Chatty-Harry_V2.0,Triangle104/Chatty-Harry_V2.0 (Merge),Triangle104,1,False,2024-10,12.248,MistralForCausalLM,basemergesandmoerges,False,False,merge
Triangle104/Chatty-Harry_V3.0,Triangle104/Chatty-Harry_V3.0 (Merge),Triangle104,1,False,2024-11,12.248,MistralForCausalLM,basemergesandmoerges,False,False,merge
Triangle104/Chronos-Prism_V1.0,Triangle104/Chronos-Prism_V1.0 (Merge),Triangle104,1,False,2024-11,12.248,MistralForCausalLM,basemergesandmoerges,False,False,merge
Triangle104/DS-Distilled-Hermes-Llama-3.1,Triangle104/DS-Distilled-Hermes-Llama-3.1 (Merge),Triangle104,1,False,2025-01,8.03,LlamaForCausalLM,basemergesandmoerges,False,False,merge
Triangle104/DS-Distilled-Hermes-Llama-3.1_TIES,Triangle104/DS-Distilled-Hermes-Llama-3.1_TIES (Merge),Triangle104,1,False,2025-01,8.03,LlamaForCausalLM,basemergesandmoerges,False,False,merge
Triangle104/DS-R1-Distill-Q2.5-10B-Harmony,Triangle104/DS-R1-Distill-Q2.5-10B-Harmony (Merge),Triangle104,1,False,2025-01,10.366,Qwen2ForCausalLM,basemergesandmoerges,False,False,merge
Triangle104/DS-R1-Distill-Q2.5-14B-Harmony_V0.1,Triangle104/DS-R1-Distill-Q2.5-14B-Harmony_V0.1 (Merge),Triangle104,1,False,2025-01,14.77,Qwen2ForCausalLM,basemergesandmoerges,False,False,merge
Triangle104/DS-R1-Distill-Q2.5-7B-RP,Triangle104/DS-R1-Distill-Q2.5-7B-RP (Merge),Triangle104,1,False,2025-01,7.616,Qwen2ForCausalLM,basemergesandmoerges,False,False,merge
Triangle104/DS-R1-Llama-8B-Harmony,Triangle104/DS-R1-Llama-8B-Harmony (Merge),Triangle104,1,False,2025-01,8.03,LlamaForCausalLM,basemergesandmoerges,False,False,merge
Triangle104/DSR1-Distill-Llama-Lit-8B,Triangle104/DSR1-Distill-Llama-Lit-8B (Merge),Triangle104,1,False,2025-02,8.03,LlamaForCausalLM,basemergesandmoerges,False,False,merge
Triangle104/DSR1-Distill-Qwen-7B-RP,Triangle104/DSR1-Distill-Qwen-7B-RP (Merge),Triangle104,1,False,2025-02,7.613,Qwen2ForCausalLM,basemergesandmoerges,False,False,merge
Triangle104/Dark-Chivalry_V1.0,Triangle104/Dark-Chivalry_V1.0 (Merge),Triangle104,1,False,2024-11,8.03,LlamaForCausalLM,basemergesandmoerges,False,False,merge
Triangle104/Distilled-DarkPlanet-Allades-8B,Triangle104/Distilled-DarkPlanet-Allades-8B (Merge),Triangle104,1,False,2025-01,8.03,LlamaForCausalLM,basemergesandmoerges,False,False,merge
Triangle104/Distilled-DarkPlanet-Allades-8B_TIES,Triangle104/Distilled-DarkPlanet-Allades-8B_TIES (Merge),Triangle104,1,False,2025-02,8.03,LlamaForCausalLM,basemergesandmoerges,False,False,merge
Triangle104/Distilled-Whiskey-8b,Triangle104/Distilled-Whiskey-8b (Merge),Triangle104,1,False,2025-01,8.03,LlamaForCausalLM,basemergesandmoerges,False,False,merge
Triangle104/Dolphin3-Llama3.2-Smart,Triangle104/Dolphin3-Llama3.2-Smart (Merge),Triangle104,1,False,2025-01,3.213,LlamaForCausalLM,basemergesandmoerges,False,False,merge
Triangle104/Gemmadevi-Stock-10B,Triangle104/Gemmadevi-Stock-10B (Merge),Triangle104,1,False,2025-02,10.159,Gemma2ForCausalLM,basemergesandmoerges,False,False,merge
Triangle104/Hermes-Llama-3.2-CoT,Triangle104/Hermes-Llama-3.2-CoT (Merge),Triangle104,1,False,2025-01,3.213,LlamaForCausalLM,basemergesandmoerges,False,False,merge
Triangle104/Hermes-Llama-3.2-CoT-Summary,Triangle104/Hermes-Llama-3.2-CoT-Summary (Merge),Triangle104,1,False,2025-01,3.213,LlamaForCausalLM,basemergesandmoerges,False,False,merge
Triangle104/Hermes3-L3.1-DirtyHarry-8B,Triangle104/Hermes3-L3.1-DirtyHarry-8B (Merge),Triangle104,1,False,2024-12,8.03,LlamaForCausalLM,basemergesandmoerges,False,False,merge
Triangle104/Herodotos-14B,Triangle104/Herodotos-14B (Merge),Triangle104,1,False,2025-01,14.77,Qwen2ForCausalLM,basemergesandmoerges,False,False,merge
Triangle104/Herodotos-14B_V0.1,Triangle104/Herodotos-14B_V0.1 (Merge),Triangle104,1,False,2025-02,14.77,Qwen2ForCausalLM,basemergesandmoerges,False,False,merge
Triangle104/L3.1-8B-Dusky-Ink,Triangle104/L3.1-8B-Dusky-Ink (Merge),Triangle104,1,False,2025-02,8.03,LlamaForCausalLM,basemergesandmoerges,False,False,merge
Triangle104/L3.1-8B-Dusky-Ink_v0.r1,Triangle104/L3.1-8B-Dusky-Ink_v0.r1 (Merge),Triangle104,1,False,2025-02,8.03,LlamaForCausalLM,basemergesandmoerges,False,False,merge
Triangle104/LThreePointOne-8B-HermesBlackroot,Triangle104/LThreePointOne-8B-HermesBlackroot (Merge),Triangle104,1,False,2025-02,8.03,LlamaForCausalLM,basemergesandmoerges,False,False,merge
Triangle104/LThreePointOne-8B-HermesInk,Triangle104/LThreePointOne-8B-HermesInk (Merge),Triangle104,1,False,2025-02,8.03,LlamaForCausalLM,basemergesandmoerges,False,False,merge
Triangle104/Llama3.1-Allades-Lit-8b,Triangle104/Llama3.1-Allades-Lit-8b (Merge),Triangle104,1,False,2025-02,8.03,LlamaForCausalLM,basemergesandmoerges,False,False,merge
Triangle104/Llama3.1-cc-Lit-8b,Triangle104/Llama3.1-cc-Lit-8b (Merge),Triangle104,1,False,2025-02,8.03,LlamaForCausalLM,basemergesandmoerges,False,False,merge
Triangle104/Minerva-1.5b,Triangle104/Minerva-1.5b (Merge),Triangle104,1,False,2025-01,1.777,Qwen2ForCausalLM,basemergesandmoerges,False,False,merge
Triangle104/Minerva-1.5b_V0.2,Triangle104/Minerva-1.5b_V0.2 (Merge),Triangle104,1,False,2025-01,1.777,Qwen2ForCausalLM,basemergesandmoerges,False,False,merge
Triangle104/Minerva-10b,Triangle104/Minerva-10b (Merge),Triangle104,1,False,2025-01,10.067,MistralForCausalLM,basemergesandmoerges,False,False,merge
Triangle104/Minerva-14b,Triangle104/Minerva-14b (Merge),Triangle104,1,False,2025-01,14.77,Qwen2ForCausalLM,basemergesandmoerges,False,False,merge
Triangle104/Minerva-14b-V0.1,Triangle104/Minerva-14b-V0.1 (Merge),Triangle104,1,False,2025-01,14.77,Qwen2ForCausalLM,fine-tunedondomain-specificdatasets,False,False,merge
Triangle104/Minerva-7b,Triangle104/Minerva-7b (Merge),Triangle104,1,False,2025-01,7.616,Qwen2ForCausalLM,basemergesandmoerges,False,False,merge
Triangle104/Minerva-8b,Triangle104/Minerva-8b (Merge),Triangle104,1,False,2025-01,7.248,MistralForCausalLM,fine-tunedondomain-specificdatasets,False,False,merge
Triangle104/Mistral-Redemption-Arc,Triangle104/Mistral-Redemption-Arc (Merge),Triangle104,1,False,2025-02,23.572,MistralForCausalLM,basemergesandmoerges,False,False,merge
Triangle104/Mistral-Small-24b-Harmony,Triangle104/Mistral-Small-24b-Harmony (Merge),Triangle104,1,False,2025-02,23.572,MistralForCausalLM,basemergesandmoerges,False,False,merge
Triangle104/Pans_Gutenbergum_V0.1,Triangle104/Pans_Gutenbergum_V0.1 (Merge),Triangle104,1,False,2024-10,12.248,MistralForCausalLM,basemergesandmoerges,False,False,merge
Triangle104/Pans_Gutenbergum_V0.2,Triangle104/Pans_Gutenbergum_V0.2 (Merge),Triangle104,1,False,2024-12,12.248,MistralForCausalLM,basemergesandmoerges,False,False,merge
Triangle104/Pantheon_ChatWaifu_V0.2,Triangle104/Pantheon_ChatWaifu_V0.2 (Merge),Triangle104,1,False,2024-10,12.248,MistralForCausalLM,basemergesandmoerges,False,False,merge
Triangle104/Phi-4-AbliteratedRP,Triangle104/Phi-4-AbliteratedRP (Merge),Triangle104,1,False,2025-01,14.66,Phi3ForCausalLM,basemergesandmoerges,False,False,merge
Triangle104/Phi4-RP-o1,Triangle104/Phi4-RP-o1 (Merge),Triangle104,1,False,2025-01,14.66,LlamaForCausalLM,basemergesandmoerges,False,False,merge
Triangle104/Phi4-RP-o1-Ablit,Triangle104/Phi4-RP-o1-Ablit (Merge),Triangle104,1,False,2025-02,14.66,LlamaForCausalLM,basemergesandmoerges,False,False,merge
Triangle104/Porpoise-R1-Llama3.2-3b,Triangle104/Porpoise-R1-Llama3.2-3b (Merge),Triangle104,1,False,2025-02,3.213,LlamaForCausalLM,basemergesandmoerges,False,False,merge
Triangle104/Q2.5-14B-Instruct-1M-Harmony,Triangle104/Q2.5-14B-Instruct-1M-Harmony (Merge),Triangle104,1,False,2025-02,14.77,Qwen2ForCausalLM,basemergesandmoerges,False,False,merge
Triangle104/Q2.5-AthensCOT,Triangle104/Q2.5-AthensCOT (Merge),Triangle104,1,False,2025-01,7.616,Qwen2ForCausalLM,fine-tunedondomain-specificdatasets,False,False,merge
Triangle104/Q2.5-CodeR1-3B,Triangle104/Q2.5-CodeR1-3B (Merge),Triangle104,1,False,2025-02,3.085,Qwen2ForCausalLM,basemergesandmoerges,False,False,merge
Triangle104/Q2.5-EVACOT-7b,Triangle104/Q2.5-EVACOT-7b (Merge),Triangle104,1,False,2025-01,7.616,Qwen2ForCausalLM,basemergesandmoerges,False,False,merge
Triangle104/Q2.5-EvaHumane-RP,Triangle104/Q2.5-EvaHumane-RP (Merge),Triangle104,1,False,2025-01,7.616,Qwen2ForCausalLM,basemergesandmoerges,False,False,merge
Triangle104/Q2.5-Humane-RP,Triangle104/Q2.5-Humane-RP (Merge),Triangle104,1,False,2025-01,7.616,Qwen2ForCausalLM,basemergesandmoerges,False,False,merge
Triangle104/Q2.5-Instruct-1M_Harmony,Triangle104/Q2.5-Instruct-1M_Harmony (Merge),Triangle104,1,False,2025-01,7.616,Qwen2ForCausalLM,basemergesandmoerges,False,False,merge
Triangle104/Q2.5-R1-3B,Triangle104/Q2.5-R1-3B (Merge),Triangle104,1,False,2025-02,3.085,Qwen2ForCausalLM,basemergesandmoerges,False,False,merge
Triangle104/Q2.5-R1-7B,Triangle104/Q2.5-R1-7B (Merge),Triangle104,1,False,2025-02,7.613,Qwen2ForCausalLM,basemergesandmoerges,False,False,merge
Triangle104/Robo-Gutenberg_V1.0,Triangle104/Robo-Gutenberg_V1.0 (Merge),Triangle104,1,False,2024-12,14.77,Qwen2ForCausalLM,basemergesandmoerges,False,False,merge
Triangle104/Rocinante-Prism_V2.0,Triangle104/Rocinante-Prism_V2.0 (Merge),Triangle104,1,False,2024-12,12.248,MistralForCausalLM,basemergesandmoerges,False,False,merge
Triangle104/Rocinante-Prism_V2.1,Triangle104/Rocinante-Prism_V2.1,Triangle104,0,True,,12.248,MistralForCausalLM,basemergesandmoerges,False,False,merge
Triangle104/RomboHermes3-R1-Llama3.2-3b,Triangle104/RomboHermes3-R1-Llama3.2-3b (Merge),Triangle104,1,False,2025-02,3.213,LlamaForCausalLM,basemergesandmoerges,False,False,merge
Triangle104/Rombos-Novasky-7B_V1c,Triangle104/Rombos-Novasky-7B_V1c (Merge),Triangle104,1,False,2025-02,7.616,Qwen2ForCausalLM,basemergesandmoerges,False,False,merge
Triangle104/Set-70b,Triangle104/Set-70b (Merge),Triangle104,1,False,2025-01,70.554,LlamaForCausalLM,basemergesandmoerges,False,False,merge
Tsunami-th/Tsunami-0.5-7B-Instruct,Tsunami-th/Tsunami-0.5-7B-Instruct (Merge),Tsunami-th,1,False,2024-10,7.616,Qwen2ForCausalLM,chatmodels,False,False,merge
Tsunami-th/Tsunami-0.5x-7B-Instruct,Tsunami-th/Tsunami-0.5x-7B-Instruct (Merge),Tsunami-th,1,False,2024-10,7.616,Qwen2ForCausalLM,chatmodels,False,False,merge
Tsunami-th/Tsunami-1.0-14B-Instruct,Tsunami-th/Tsunami-1.0-14B-Instruct (Merge),Tsunami-th,1,False,2024-10,14.77,Qwen2ForCausalLM,chatmodels,False,False,merge
Tsunami-th/Tsunami-1.0-7B-Instruct,Tsunami-th/Tsunami-1.0-7B-Instruct (Merge),Tsunami-th,1,False,2024-10,7.616,Qwen2ForCausalLM,chatmodels,False,False,merge
UCLA-AGI/Gemma-2-9B-It-SPPO-Iter1,UCLA-AGI/Gemma-2-9B-It-SPPO-Iter1,UCLA-AGI,0,False,2024-06,9.242,Gemma2ForCausalLM,chatmodels,False,True,
UCLA-AGI/Gemma-2-9B-It-SPPO-Iter2,UCLA-AGI/Gemma-2-9B-It-SPPO-Iter2,UCLA-AGI,0,False,2024-06,9.242,Gemma2ForCausalLM,chatmodels,False,True,
UCLA-AGI/Gemma-2-9B-It-SPPO-Iter3,UCLA-AGI/Gemma-2-9B-It-SPPO-Iter3,UCLA-AGI,0,False,2024-06,9.242,Gemma2ForCausalLM,fine-tunedondomain-specificdatasets,False,True,
UCLA-AGI/Llama-3-Instruct-8B-SPPO-Iter1,UCLA-AGI/Llama-3-Instruct-8B-SPPO-Iter1,UCLA-AGI,0,False,2024-06,8.03,LlamaForCausalLM,chatmodels,False,True,
UCLA-AGI/Llama-3-Instruct-8B-SPPO-Iter2,UCLA-AGI/Llama-3-Instruct-8B-SPPO-Iter2,UCLA-AGI,0,False,2024-06,8.0,LlamaForCausalLM,chatmodels,False,True,
UCLA-AGI/Llama-3-Instruct-8B-SPPO-Iter3,UCLA-AGI/Llama-3-Instruct-8B-SPPO-Iter3,UCLA-AGI,0,False,2024-06,8.03,LlamaForCausalLM,fine-tunedondomain-specificdatasets,False,True,
UCLA-AGI/Mistral7B-PairRM-SPPO,UCLA-AGI/Mistral7B-PairRM-SPPO,UCLA-AGI,0,False,2024-05,7.242,MistralForCausalLM,chatmodels,False,True,
UCLA-AGI/Mistral7B-PairRM-SPPO-Iter1,UCLA-AGI/Mistral7B-PairRM-SPPO-Iter1,UCLA-AGI,0,False,2024-05,7.242,MistralForCausalLM,chatmodels,False,True,
UCLA-AGI/Mistral7B-PairRM-SPPO-Iter2,UCLA-AGI/Mistral7B-PairRM-SPPO-Iter2,UCLA-AGI,0,False,2024-05,7.242,MistralForCausalLM,chatmodels,False,True,
UCLA-AGI/Mistral7B-PairRM-SPPO-Iter3,UCLA-AGI/Mistral7B-PairRM-SPPO-Iter3,UCLA-AGI,0,False,2024-05,7.242,MistralForCausalLM,chatmodels,False,True,
UKzExecution/LlamaExecutor-8B-3.0.5,UKzExecution/LlamaExecutor-8B-3.0.5 (Merge),UKzExecution,1,False,2024-07,8.03,LlamaForCausalLM,basemergesandmoerges,False,False,merge
Unbabel/TowerInstruct-Mistral-7B-v0.2,Unbabel/TowerInstruct-Mistral-7B-v0.2,Unbabel,0,False,2024-03,7.242,MistralForCausalLM,fine-tunedondomain-specificdatasets,False,True,
Undi95/MG-FinalMix-72B,Undi95/MG-FinalMix-72B (Merge),Undi95,1,False,2024-06,72.706,Qwen2ForCausalLM,fine-tunedondomain-specificdatasets,False,False,merge
Undi95/Phi4-abliterated,Undi95/Phi4-abliterated,Undi95,0,False,2025-01,14.66,Phi3ForCausalLM,chatmodels,False,True,
V3N0M/Jenna-Tiny-2.0,V3N0M/Jenna-Tiny-2.0,V3N0M,0,False,2024-06,0.631,LlamaForCausalLM,fine-tunedondomain-specificdatasets,False,True,
VAGOsolutions/Llama-3-SauerkrautLM-70b-Instruct,VAGOsolutions/Llama-3-SauerkrautLM-70b-Instruct,VAGOsolutions,0,False,2024-04,70.554,LlamaForCausalLM,fine-tunedondomain-specificdatasets,False,True,
VAGOsolutions/Llama-3-SauerkrautLM-8b-Instruct,VAGOsolutions/Llama-3-SauerkrautLM-8b-Instruct,VAGOsolutions,0,False,2024-04,8.03,LlamaForCausalLM,fine-tunedondomain-specificdatasets,False,True,
VAGOsolutions/Llama-3.1-SauerkrautLM-70b-Instruct,VAGOsolutions/Llama-3.1-SauerkrautLM-70b-Instruct,VAGOsolutions,0,False,2024-07,70.554,LlamaForCausalLM,fine-tunedondomain-specificdatasets,False,True,
VAGOsolutions/Llama-3.1-SauerkrautLM-8b-Instruct,VAGOsolutions/Llama-3.1-SauerkrautLM-8b-Instruct,VAGOsolutions,0,False,2024-07,8.03,LlamaForCausalLM,fine-tunedondomain-specificdatasets,False,True,
VAGOsolutions/SauerkrautLM-1.5b,VAGOsolutions/SauerkrautLM-1.5b,VAGOsolutions,0,False,2024-06,1.544,Qwen2ForCausalLM,fine-tunedondomain-specificdatasets,False,True,
VAGOsolutions/SauerkrautLM-7b-HerO,VAGOsolutions/SauerkrautLM-7b-HerO,VAGOsolutions,0,False,2023-11,7.242,MistralForCausalLM,fine-tunedondomain-specificdatasets,False,False,merge
VAGOsolutions/SauerkrautLM-7b-LaserChat,VAGOsolutions/SauerkrautLM-7b-LaserChat,VAGOsolutions,0,False,2024-02,7.242,MistralForCausalLM,fine-tunedondomain-specificdatasets,False,True,
VAGOsolutions/SauerkrautLM-Gemma-2b,VAGOsolutions/SauerkrautLM-Gemma-2b,VAGOsolutions,0,False,2024-03,2.506,GemmaForCausalLM,fine-tunedondomain-specificdatasets,False,True,
VAGOsolutions/SauerkrautLM-Gemma-7b,VAGOsolutions/SauerkrautLM-Gemma-7b,VAGOsolutions,0,False,2024-02,8.538,GemmaForCausalLM,fine-tunedondomain-specificdatasets,False,True,
VAGOsolutions/SauerkrautLM-Mixtral-8x7B-Instruct,VAGOsolutions/SauerkrautLM-Mixtral-8x7B-Instruct,VAGOsolutions,0,False,2023-12,46.703,MixtralForCausalLM,fine-tunedondomain-specificdatasets,True,True,
VAGOsolutions/SauerkrautLM-Nemo-12b-Instruct,VAGOsolutions/SauerkrautLM-Nemo-12b-Instruct,VAGOsolutions,0,False,2024-07,12.248,MistralForCausalLM,fine-tunedondomain-specificdatasets,False,True,
VAGOsolutions/SauerkrautLM-Phi-3-medium,VAGOsolutions/SauerkrautLM-Phi-3-medium,VAGOsolutions,0,False,2024-06,13.96,MistralForCausalLM,fine-tunedondomain-specificdatasets,False,True,
VAGOsolutions/SauerkrautLM-SOLAR-Instruct,VAGOsolutions/SauerkrautLM-SOLAR-Instruct,VAGOsolutions,0,False,2023-12,10.732,LlamaForCausalLM,fine-tunedondomain-specificdatasets,False,True,
VAGOsolutions/SauerkrautLM-gemma-2-2b-it,VAGOsolutions/SauerkrautLM-gemma-2-2b-it,VAGOsolutions,0,False,2024-08,2.614,Gemma2ForCausalLM,fine-tunedondomain-specificdatasets,False,True,
VAGOsolutions/SauerkrautLM-gemma-2-9b-it,VAGOsolutions/SauerkrautLM-gemma-2-9b-it,VAGOsolutions,0,False,2024-08,9.242,Gemma2ForCausalLM,fine-tunedondomain-specificdatasets,False,True,
VAGOsolutions/SauerkrautLM-v2-14b-DPO,VAGOsolutions/SauerkrautLM-v2-14b-DPO (Merge),VAGOsolutions,1,False,2024-10,14.77,Qwen2ForCausalLM,fine-tunedondomain-specificdatasets,False,False,merge
VAGOsolutions/SauerkrautLM-v2-14b-SFT,VAGOsolutions/SauerkrautLM-v2-14b-SFT (Merge),VAGOsolutions,1,False,2024-10,14.77,Qwen2ForCausalLM,fine-tunedondomain-specificdatasets,False,False,merge
VIRNECT/llama-3-Korean-8B,VIRNECT/llama-3-Korean-8B,VIRNECT,0,False,2024-07,8.03,LlamaForCausalLM,fine-tunedondomain-specificdatasets,False,True,
VIRNECT/llama-3-Korean-8B-r-v-0.1,MLP-KTLim/llama-3-Korean-Bllossom-8B (Merge),MLP-KTLim,1,False,2024-07,16.061,?,fine-tunedondomain-specificdatasets,False,False,merge
ValiantLabs/Llama3-70B-Fireplace,ValiantLabs/Llama3-70B-Fireplace,ValiantLabs,0,False,2024-05,70.554,LlamaForCausalLM,fine-tunedondomain-specificdatasets,False,True,
ValiantLabs/Llama3-70B-ShiningValiant2,ValiantLabs/Llama3-70B-ShiningValiant2,ValiantLabs,0,False,2024-04,70.554,LlamaForCausalLM,chatmodels,False,True,
ValiantLabs/Llama3.1-70B-ShiningValiant2,meta-llama/Meta-Llama-3.1-70B,meta-llama,1,False,2024-10,70.554,LlamaForCausalLM,fine-tunedondomain-specificdatasets,False,True,
ValiantLabs/Llama3.1-8B-Cobalt,meta-llama/Meta-Llama-3.1-8B,meta-llama,1,False,2024-08,8.03,LlamaForCausalLM,fine-tunedondomain-specificdatasets,False,True,
ValiantLabs/Llama3.1-8B-Enigma,meta-llama/Meta-Llama-3.1-8B,meta-llama,1,False,2024-08,8.03,LlamaForCausalLM,fine-tunedondomain-specificdatasets,False,True,
ValiantLabs/Llama3.1-8B-Esper2,meta-llama/Meta-Llama-3.1-8B,meta-llama,1,False,2024-10,8.03,LlamaForCausalLM,fine-tunedondomain-specificdatasets,False,True,
ValiantLabs/Llama3.1-8B-Fireplace2,meta-llama/Meta-Llama-3.1-8B,meta-llama,1,False,2024-07,8.03,LlamaForCausalLM,fine-tunedondomain-specificdatasets,False,True,
ValiantLabs/Llama3.1-8B-ShiningValiant2,meta-llama/Meta-Llama-3.1-8B,meta-llama,1,False,2024-08,8.03,LlamaForCausalLM,fine-tunedondomain-specificdatasets,False,True,
ValiantLabs/Llama3.2-3B-Enigma,meta-llama/Llama-3.2-3B-Instruct,meta-llama,1,False,2024-09,3.213,LlamaForCausalLM,fine-tunedondomain-specificdatasets,False,True,
ValiantLabs/Llama3.2-3B-Esper2,meta-llama/Llama-3.2-3B-Instruct,meta-llama,1,False,2024-10,3.213,LlamaForCausalLM,fine-tunedondomain-specificdatasets,False,True,
ValiantLabs/Llama3.2-3B-ShiningValiant2,meta-llama/Llama-3.2-3B-Instruct,meta-llama,1,False,2024-09,3.213,LlamaForCausalLM,fine-tunedondomain-specificdatasets,False,True,
Vikhrmodels/Vikhr-Llama3.1-8B-Instruct-R-21-09-24,Vikhrmodels/Vikhr-Llama3.1-8B-Instruct-R-21-09-24 (Merge),Vikhrmodels,1,False,2024-09,8.03,LlamaForCausalLM,chatmodels,False,False,merge
Vikhrmodels/Vikhr-Nemo-12B-Instruct-R-21-09-24,Vikhrmodels/Vikhr-Nemo-12B-Instruct-R-21-09-24 (Merge),Vikhrmodels,1,False,2024-09,12.248,MistralForCausalLM,chatmodels,False,False,merge
Weyaxi/Bagel-Hermes-2x34B,Weyaxi/Bagel-Hermes-2x34B,Weyaxi,0,False,2024-01,60.814,MixtralForCausalLM,chatmodels,True,True,
Weyaxi/Bagel-Hermes-34B-Slerp,Weyaxi/Bagel-Hermes-34B-Slerp,Weyaxi,0,False,2024-01,34.389,LlamaForCausalLM,basemergesandmoerges,False,False,merge
Weyaxi/Einstein-v4-7B,mistralai/Mistral-7B-v0.1,mistralai,1,True,2024-02,7.242,MistralForCausalLM,chatmodels,False,True,
Weyaxi/Einstein-v6.1-Llama3-8B,meta-llama/Meta-Llama-3-8B,meta-llama,1,True,2024-04,8.03,LlamaForCausalLM,chatmodels,False,True,
Weyaxi/Einstein-v6.1-developed-by-Weyaxi-Llama3-8B,Weyaxi/Einstein-v6.1-developed-by-Weyaxi-Llama3-8B,Weyaxi,0,False,2024-06,8.03,LlamaForCausalLM,chatmodels,False,True,
Weyaxi/Einstein-v7-Qwen2-7B,Qwen/Qwen2-7B,Qwen,1,True,2024-06,7.616,Qwen2ForCausalLM,fine-tunedondomain-specificdatasets,False,True,
Weyaxi/Einstein-v8-Llama3.2-1B,meta-llama/Llama-3.2-1B,meta-llama,1,True,2024-09,1.236,LlamaForCausalLM,chatmodels,False,True,
Weyaxi/SauerkrautLM-UNA-SOLAR-Instruct,Weyaxi/SauerkrautLM-UNA-SOLAR-Instruct,Weyaxi,0,False,2023-12,10.732,LlamaForCausalLM,chatmodels,False,False,merge
WizardLMTeam/WizardLM-13B-V1.0,WizardLMTeam/WizardLM-13B-V1.0,WizardLMTeam,0,False,2023-05,13.0,LlamaForCausalLM,fine-tunedondomain-specificdatasets,False,True,
WizardLMTeam/WizardLM-13B-V1.2,WizardLMTeam/WizardLM-13B-V1.2,WizardLMTeam,0,False,2023-07,13.0,LlamaForCausalLM,fine-tunedondomain-specificdatasets,False,True,
WizardLMTeam/WizardLM-70B-V1.0,WizardLMTeam/WizardLM-70B-V1.0,WizardLMTeam,0,False,2023-08,70.0,LlamaForCausalLM,fine-tunedondomain-specificdatasets,False,True,
Wladastic/Mini-Think-Base-1B,Wladastic/Mini-Think-Base-1B (Merge),Wladastic,1,False,2025-02,1.236,LlamaForCausalLM,continuouslypretrained,False,False,merge
Xclbr7/Arcanum-12b,Xclbr7/Arcanum-12b,Xclbr7,0,False,2024-09,12.248,MistralForCausalLM,fine-tunedondomain-specificdatasets,False,True,
Xclbr7/Hyena-12b,Xclbr7/Arcanum-12b,Xclbr7,1,False,2024-09,12.248,MistralForCausalLM,fine-tunedondomain-specificdatasets,False,True,
Xclbr7/caliburn-12b,Xclbr7/caliburn-12b,Xclbr7,0,False,2024-09,12.248,MistralForCausalLM,fine-tunedondomain-specificdatasets,False,True,
Xclbr7/caliburn-v2-12b,Xclbr7/caliburn-v2-12b,Xclbr7,0,False,2024-09,12.248,MistralForCausalLM,fine-tunedondomain-specificdatasets,False,True,
Xiaojian9992024/Llama3.2-1B-THREADRIPPER,Xiaojian9992024/Llama3.2-1B-THREADRIPPER (Merge),Xiaojian9992024,1,False,2025-02,1.236,LlamaForCausalLM,basemergesandmoerges,False,False,merge
Xiaojian9992024/Llama3.2-1B-THREADRIPPER-v0.2,Xiaojian9992024/Llama3.2-1B-THREADRIPPER-v0.2 (Merge),Xiaojian9992024,1,False,2025-02,1.236,LlamaForCausalLM,basemergesandmoerges,False,False,merge
Xiaojian9992024/Phi-4-Megatron-Empathetic,Xiaojian9992024/Phi-4-Megatron-Empathetic (Merge),Xiaojian9992024,1,False,2025-02,14.66,LlamaForCausalLM,basemergesandmoerges,False,False,merge
Xiaojian9992024/Phi-4-mini-UNOFFICAL,Xiaojian9992024/Phi-4-mini-UNOFFICAL (Merge),Xiaojian9992024,1,False,2025-01,3.754,Phi3ForCausalLM,basemergesandmoerges,False,False,merge
Xiaojian9992024/Qwen2.5-7B-MS-Destroyer,Xiaojian9992024/Qwen2.5-7B-MS-Destroyer (Merge),Xiaojian9992024,1,False,2025-03,7.613,Qwen2ForCausalLM,basemergesandmoerges,False,False,merge
Xiaojian9992024/Qwen2.5-Dyanka-7B-Preview,Xiaojian9992024/Qwen2.5-Dyanka-7B-Preview (Merge),Xiaojian9992024,1,False,2025-02,7.616,Qwen2ForCausalLM,basemergesandmoerges,False,False,merge
Xiaojian9992024/Qwen2.5-Dyanka-7B-Preview-v0.2,Xiaojian9992024/Qwen2.5-Dyanka-7B-Preview-v0.2 (Merge),Xiaojian9992024,1,False,2025-02,7.616,Qwen2ForCausalLM,basemergesandmoerges,False,False,merge
Xiaojian9992024/Qwen2.5-THREADRIPPER-Medium-Censored,Xiaojian9992024/Qwen2.5-THREADRIPPER-Medium-Censored (Merge),Xiaojian9992024,1,False,2025-02,14.77,Qwen2ForCausalLM,basemergesandmoerges,False,False,merge
Xiaojian9992024/Qwen2.5-THREADRIPPER-Small,Xiaojian9992024/Qwen2.5-THREADRIPPER-Small (Merge),Xiaojian9992024,1,False,2025-02,7.616,Qwen2ForCausalLM,basemergesandmoerges,False,False,merge
Xiaojian9992024/Qwen2.5-THREADRIPPER-Small-AnniversaryEdition,Xiaojian9992024/Qwen2.5-THREADRIPPER-Small-AnniversaryEdition (Merge),Xiaojian9992024,1,False,2025-02,7.616,Qwen2ForCausalLM,basemergesandmoerges,False,False,merge
Xiaojian9992024/Qwen2.5-Ultra-1.5B-25.02-Exp,Xiaojian9992024/Qwen2.5-Ultra-1.5B-25.02-Exp (Merge),Xiaojian9992024,1,False,2025-02,1.544,Qwen2ForCausalLM,basemergesandmoerges,False,False,merge
Xiaojian9992024/Reflection-L3.2-JametMiniMix-3B,Xiaojian9992024/Reflection-L3.2-JametMiniMix-3B (Merge),Xiaojian9992024,1,False,2025-02,3.213,LlamaForCausalLM,basemergesandmoerges,False,False,merge
Xkev/Llama-3.2V-11B-cot,Xkev/Llama-3.2V-11B-cot (Merge),Xkev,1,False,2024-11,10.67,MllamaForConditionalGeneration,multimodal,False,False,merge
YOYO-AI/Qwen2.5-14B-1M-YOYO-V3,YOYO-AI/Qwen2.5-14B-1M-YOYO-V3 (Merge),YOYO-AI,1,False,2025-02,14.766,Qwen2ForCausalLM,basemergesandmoerges,False,False,merge
YOYO-AI/Qwen2.5-14B-YOYO-0505,YOYO-AI/Qwen2.5-14B-YOYO-0505,YOYO-AI,0,True,,14.77,Qwen2ForCausalLM,basemergesandmoerges,False,False,merge
YOYO-AI/Qwen2.5-14B-YOYO-0510-v2,YOYO-AI/Qwen2.5-14B-YOYO-0510-v2 (Merge),YOYO-AI,1,False,2025-01,14.77,Qwen2ForCausalLM,basemergesandmoerges,False,False,merge
YOYO-AI/Qwen2.5-14B-YOYO-0805,YOYO-AI/Qwen2.5-14B-YOYO-0805,YOYO-AI,0,True,,14.77,Qwen2ForCausalLM,basemergesandmoerges,False,False,merge
YOYO-AI/Qwen2.5-14B-YOYO-1005,YOYO-AI/Qwen2.5-14B-YOYO-1005 (Merge),YOYO-AI,1,False,2025-01,14.77,Qwen2ForCausalLM,basemergesandmoerges,False,False,merge
YOYO-AI/Qwen2.5-14B-YOYO-1005-v2,YOYO-AI/Qwen2.5-14B-YOYO-1005-v2 (Merge),YOYO-AI,1,False,2025-01,14.77,Qwen2ForCausalLM,basemergesandmoerges,False,False,merge
YOYO-AI/Qwen2.5-14B-YOYO-1010,YOYO-AI/Qwen2.5-14B-YOYO-1010 (Merge),YOYO-AI,1,False,2025-01,14.77,Qwen2ForCausalLM,basemergesandmoerges,False,False,merge
YOYO-AI/Qwen2.5-14B-YOYO-1010-v2,YOYO-AI/Qwen2.5-14B-YOYO-1010-v2 (Merge),YOYO-AI,1,False,2025-01,14.77,Qwen2ForCausalLM,basemergesandmoerges,False,False,merge
YOYO-AI/Qwen2.5-14B-YOYO-SCE,YOYO-AI/Qwen2.5-14B-YOYO-SCE (Merge),YOYO-AI,1,False,2025-01,14.77,Qwen2ForCausalLM,basemergesandmoerges,False,False,merge
YOYO-AI/Qwen2.5-14B-YOYO-V4,YOYO-AI/Qwen2.5-14B-YOYO-V4 (Merge),YOYO-AI,1,False,2025-03,14.766,Qwen2ForCausalLM,basemergesandmoerges,False,False,merge
YOYO-AI/Qwen2.5-14B-YOYO-V4-p1,YOYO-AI/Qwen2.5-14B-YOYO-V4-p1 (Merge),YOYO-AI,1,False,2025-02,14.766,Qwen2ForCausalLM,basemergesandmoerges,False,False,merge
YOYO-AI/Qwen2.5-14B-YOYO-V4-p2,YOYO-AI/Qwen2.5-14B-YOYO-V4-p2 (Merge),YOYO-AI,1,False,2025-03,14.766,Qwen2ForCausalLM,basemergesandmoerges,False,False,merge
YOYO-AI/Qwen2.5-14B-YOYO-latest,YOYO-AI/Qwen2.5-14B-YOYO-latest (Merge),YOYO-AI,1,False,2025-02,14.77,Qwen2ForCausalLM,basemergesandmoerges,False,False,merge
YOYO-AI/Qwen2.5-14B-YOYO-latest-V2,YOYO-AI/Qwen2.5-14B-YOYO-latest-V2 (Merge),YOYO-AI,1,False,2025-02,14.766,Qwen2ForCausalLM,basemergesandmoerges,False,False,merge
YOYO-AI/Qwen2.5-14B-it-restore,YOYO-AI/Qwen2.5-14B-it-restore (Merge),YOYO-AI,1,False,2025-03,14.766,Qwen2ForCausalLM,basemergesandmoerges,False,False,merge
YOYO-AI/Qwen2.5-7B-it-restore,YOYO-AI/Qwen2.5-7B-it-restore (Merge),YOYO-AI,1,False,2025-03,7.613,Qwen2ForCausalLM,basemergesandmoerges,False,False,merge
YOYO-AI/Qwen2.5-Coder-14B-YOYO-1010,YOYO-AI/Qwen2.5-Coder-14B-YOYO-1010 (Merge),YOYO-AI,1,False,2025-01,14.77,Qwen2ForCausalLM,basemergesandmoerges,False,False,merge
YOYO-AI/ZYH-LLM-Qwen2.5-14B,YOYO-AI/ZYH-LLM-Qwen2.5-14B (Merge),YOYO-AI,1,False,2025-02,14.77,Qwen2ForCausalLM,basemergesandmoerges,False,False,merge
YOYO-AI/ZYH-LLM-Qwen2.5-14B-V2,YOYO-AI/ZYH-LLM-Qwen2.5-14B-V2 (Merge),YOYO-AI,1,False,2025-02,14.766,Qwen2ForCausalLM,basemergesandmoerges,False,False,merge
YOYO-AI/ZYH-LLM-Qwen2.5-14B-V3,YOYO-AI/ZYH-LLM-Qwen2.5-14B-V3 (Merge),YOYO-AI,1,False,2025-02,14.766,Qwen2ForCausalLM,basemergesandmoerges,False,False,merge
YOYO-AI/ZYH-LLM-Qwen2.5-14B-V4,YOYO-AI/ZYH-LLM-Qwen2.5-14B-V4 (Merge),YOYO-AI,1,False,2025-03,14.766,Qwen2ForCausalLM,basemergesandmoerges,False,False,merge
Yash21/TinyYi-7B-Test,Yash21/TinyYi-7B-Test,Yash21,0,True,2024-01,6.061,LlamaForCausalLM,pretrained,False,False,merge
Youlln/1PARAMMYL-8B-ModelStock,Youlln/1PARAMMYL-8B-ModelStock (Merge),Youlln,1,False,2024-09,8.03,LlamaForCausalLM,basemergesandmoerges,False,False,merge
Youlln/2PRYMMAL-Yi1.5-6B-SLERP,Youlln/2PRYMMAL-Yi1.5-6B-SLERP (Merge),Youlln,1,False,2024-09,6.061,LlamaForCausalLM,basemergesandmoerges,False,False,merge
Youlln/3PRYMMAL-PHI3-3B-SLERP,Youlln/3PRYMMAL-PHI3-3B-SLERP (Merge),Youlln,1,False,2024-09,3.0,Phi3ForCausalLM,basemergesandmoerges,False,False,merge
Youlln/4PRYMMAL-GEMMA2-9B-SLERP,Youlln/4PRYMMAL-GEMMA2-9B-SLERP (Merge),Youlln,1,False,2024-09,9.242,Gemma2ForCausalLM,basemergesandmoerges,False,False,merge
Youlln/ECE-MIRAGE-1-12B,Youlln/ECE-MIRAGE-1-12B,Youlln,0,False,2025-02,15.21,Qwen2ForCausalLM,basemergesandmoerges,False,False,merge
Youlln/ECE-MIRAGE-1-15B,Youlln/ECE-MIRAGE-1-15B,Youlln,0,False,2025-02,15.21,Qwen2ForCausalLM,fine-tunedondomain-specificdatasets,False,True,
Youlln/ECE-PRYMMAL-0.5B-FT-V3,Youlln/ECE-PRYMMAL-0.5B-FT-V3 (Merge),Youlln,1,False,2024-10,0.494,Qwen2ForCausalLM,fine-tunedondomain-specificdatasets,False,False,merge
Youlln/ECE-PRYMMAL-0.5B-FT-V3-MUSR,Youlln/ECE-PRYMMAL-0.5B-FT-V3-MUSR (Merge),Youlln,1,False,2024-10,0.494,Qwen2ForCausalLM,fine-tunedondomain-specificdatasets,False,False,merge
Youlln/ECE-PRYMMAL-0.5B-FT-V4-MUSR,Youlln/ECE-PRYMMAL-0.5B-FT-V4-MUSR (Merge),Youlln,1,False,2024-10,0.494,Qwen2ForCausalLM,fine-tunedondomain-specificdatasets,False,False,merge
Youlln/ECE-PRYMMAL-0.5B-SLERP-V2,Youlln/ECE-PRYMMAL-0.5B-SLERP-V2 (Merge),Youlln,1,False,2024-10,0.494,Qwen2ForCausalLM,basemergesandmoerges,False,False,merge
Youlln/ECE-PRYMMAL-0.5B-SLERP-V3,Youlln/ECE-PRYMMAL-0.5B-SLERP-V3,Youlln,0,False,2024-10,0.494,Qwen2ForCausalLM,basemergesandmoerges,False,False,merge
Youlln/ECE-PRYMMAL-YL-1B-SLERP-V1,Youlln/ECE-PRYMMAL-YL-1B-SLERP-V1,Youlln,0,False,2024-11,1.544,Qwen2ForCausalLM,basemergesandmoerges,False,False,merge
Youlln/ECE-PRYMMAL-YL-1B-SLERP-V2,Youlln/ECE-PRYMMAL-YL-1B-SLERP-V2,Youlln,0,False,2024-11,1.544,Qwen2ForCausalLM,basemergesandmoerges,False,False,merge
Youlln/ECE-PRYMMAL-YL-7B-SLERP-V4,Youlln/ECE-PRYMMAL-YL-7B-SLERP-V4,Youlln,0,False,2024-11,7.616,Qwen2ForCausalLM,basemergesandmoerges,False,False,merge
Youlln/ECE-PRYMMAL0.5-FT,Youlln/ECE-PRYMMAL0.5-FT (Merge),Youlln,1,False,2024-10,0.494,Qwen2ForCausalLM,fine-tunedondomain-specificdatasets,False,False,merge
Youlln/ECE-PRYMMAL0.5B-Youri,Youlln/ECE-PRYMMAL0.5B-Youri (Merge),Youlln,1,False,2024-10,0.63,Qwen2ForCausalLM,basemergesandmoerges,False,False,merge
Youlln/ECE-PRYMMAL1B-FT-V1,Youlln/ECE-PRYMMAL1B-FT-V1 (Merge),Youlln,1,False,2024-10,1.544,Qwen2ForCausalLM,fine-tunedondomain-specificdatasets,False,False,merge
Youlln/ECE-Qwen0.5B-FT-V2,Youlln/ECE-Qwen0.5B-FT-V2 (Merge),Youlln,1,False,2024-10,0.494,Qwen2ForCausalLM,fine-tunedondomain-specificdatasets,False,False,merge
Youlln/ECE.EIFFEIL.ia-0.5B-SLERP,Youlln/ECE.EIFFEIL.ia-0.5B-SLERP (Merge),Youlln,1,False,2024-10,0.63,Qwen2ForCausalLM,basemergesandmoerges,False,False,merge
YoungPanda/qwenqwen,YoungPanda/qwenqwen,YoungPanda,0,True,,14.316,Qwen2MoeForCausalLM,fine-tunedondomain-specificdatasets,False,False,base_removed
Yuma42/KangalKhan-RawRuby-7B,Yuma42/KangalKhan-RawRuby-7B (Merge),Yuma42,1,False,2024-02,7.242,MistralForCausalLM,basemergesandmoerges,False,False,merge
Yuma42/Llama3.1-IgneousIguana-8B,Yuma42/Llama3.1-IgneousIguana-8B (Merge),Yuma42,1,False,2025-03,8.03,LlamaForCausalLM,basemergesandmoerges,False,False,merge
Yuma42/Llama3.1-SuperHawk-8B,Yuma42/Llama3.1-SuperHawk-8B (Merge),Yuma42,1,False,2025-03,8.03,LlamaForCausalLM,basemergesandmoerges,False,False,merge
Z1-Coder/Z1-Coder-7B,Z1-Coder/Z1-Coder-7B,Z1-Coder,0,False,2025-01,7.613,Qwen2ForCausalLM,fine-tunedondomain-specificdatasets,False,True,
ZHLiu627/zephyr-7b-gemma-dpo-avg,ZHLiu627/zephyr-7b-gemma-dpo-avg,ZHLiu627,0,True,,8.538,GemmaForCausalLM,fine-tunedondomain-specificdatasets,False,False,base_removed
ZHLiu627/zephyr-7b-gemma-rpo-avg,ZHLiu627/zephyr-7b-gemma-rpo-avg,ZHLiu627,0,False,2025-02,8.538,GemmaForCausalLM,fine-tunedondomain-specificdatasets,False,True,
ZeroXClem/L3-Aspire-Heart-Matrix-8B,ZeroXClem/L3-Aspire-Heart-Matrix-8B (Merge),ZeroXClem,1,False,2024-11,8.03,LlamaForCausalLM,basemergesandmoerges,False,False,merge
ZeroXClem/Llama-3.1-8B-AthenaSky-MegaMix,ZeroXClem/Llama-3.1-8B-AthenaSky-MegaMix (Merge),ZeroXClem,1,False,2025-03,8.03,LlamaForCausalLM,basemergesandmoerges,False,False,merge
ZeroXClem/Llama-3.1-8B-RainbowLight-EtherealMix,ZeroXClem/Llama-3.1-8B-RainbowLight-EtherealMix (Merge),ZeroXClem,1,False,2025-03,8.03,LlamaForCausalLM,basemergesandmoerges,False,False,merge
ZeroXClem/Llama-3.1-8B-SpecialTitanFusion,ZeroXClem/Llama-3.1-8B-SpecialTitanFusion (Merge),ZeroXClem,1,False,2025-03,8.03,LlamaForCausalLM,basemergesandmoerges,False,False,merge
ZeroXClem/Llama-3.1-8B-SuperNova-EtherealHermes,ZeroXClem/Llama-3.1-8B-SuperNova-EtherealHermes (Merge),ZeroXClem,1,False,2025-03,8.03,LlamaForCausalLM,basemergesandmoerges,False,False,merge
ZeroXClem/Llama-3.1-8B-SuperTulu-LexiNova,ZeroXClem/Llama-3.1-8B-SuperTulu-LexiNova (Merge),ZeroXClem,1,False,2025-03,8.03,LlamaForCausalLM,basemergesandmoerges,False,False,merge
ZeroXClem/Qwen-2.5-Aether-SlerpFusion-7B,ZeroXClem/Qwen-2.5-Aether-SlerpFusion-7B (Merge),ZeroXClem,1,False,2024-11,7.616,Qwen2ForCausalLM,basemergesandmoerges,False,False,merge
ZeroXClem/Qwen2.5-7B-CelestialHarmony-1M,ZeroXClem/Qwen2.5-7B-CelestialHarmony-1M (Merge),ZeroXClem,1,False,2025-01,7.613,Qwen2ForCausalLM,basemergesandmoerges,False,False,merge
ZeroXClem/Qwen2.5-7B-HomerAnvita-NerdMix,ZeroXClem/Qwen2.5-7B-HomerAnvita-NerdMix (Merge),ZeroXClem,1,False,2024-11,7.616,Qwen2ForCausalLM,basemergesandmoerges,False,False,merge
ZeroXClem/Qwen2.5-7B-HomerCreative-Mix,ZeroXClem/Qwen2.5-7B-HomerCreative-Mix (Merge),ZeroXClem,1,False,2024-11,7.616,Qwen2ForCausalLM,basemergesandmoerges,False,False,merge
ZeroXClem/Qwen2.5-7B-Qandora-CySec,ZeroXClem/Qwen2.5-7B-Qandora-CySec (Merge),ZeroXClem,1,False,2024-11,7.616,Qwen2ForCausalLM,fine-tunedondomain-specificdatasets,False,False,merge
ZeusLabs/L3-Aethora-15B-V2,ZeusLabs/L3-Aethora-15B-V2 (Merge),ZeusLabs,1,False,2024-06,15.01,LlamaForCausalLM,fine-tunedondomain-specificdatasets,False,False,merge
ZhangShenao/SELM-Llama-3-8B-Instruct-iter-3,meta-llama/Meta-Llama-3-8B-Instruct,meta-llama,1,False,2024-05,8.03,LlamaForCausalLM,fine-tunedondomain-specificdatasets,False,True,
aaditya/Llama3-OpenBioLLM-70B,meta-llama/Meta-Llama-3-70B,meta-llama,1,True,2024-04,70.0,LlamaForCausalLM,fine-tunedondomain-specificdatasets,False,True,
abacusai/Dracarys-72B-Instruct,abacusai/Dracarys-72B-Instruct,abacusai,0,False,2024-08,72.706,Qwen2ForCausalLM,fine-tunedondomain-specificdatasets,False,True,
abacusai/Liberated-Qwen1.5-14B,abacusai/Liberated-Qwen1.5-14B,abacusai,0,False,2024-03,14.0,Qwen2ForCausalLM,fine-tunedondomain-specificdatasets,False,True,
abacusai/Llama-3-Smaug-8B,abacusai/Llama-3-Smaug-8B,abacusai,0,False,2024-04,8.03,LlamaForCausalLM,fine-tunedondomain-specificdatasets,False,True,
abacusai/Smaug-34B-v0.1,jondurbin/bagel-34b-v0.2,jondurbin,1,False,2024-01,34.389,LlamaForCausalLM,chatmodels,False,True,
abacusai/Smaug-72B-v0.1,moreh/MoMo-72B-lora-1.8.7-DPO,moreh,1,False,2024-02,72.289,LlamaForCausalLM,fine-tunedondomain-specificdatasets,False,True,
abacusai/Smaug-Llama-3-70B-Instruct-32K,abacusai/Smaug-Llama-3-70B-Instruct-32K,abacusai,0,False,2024-06,70.554,LlamaForCausalLM,chatmodels,False,True,
abacusai/Smaug-Mixtral-v0.1,abacusai/Smaug-Mixtral-v0.1,abacusai,0,False,2024-02,46.703,MixtralForCausalLM,chatmodels,True,True,
abacusai/Smaug-Qwen2-72B-Instruct,abacusai/Smaug-Qwen2-72B-Instruct,abacusai,0,False,2024-06,72.706,Qwen2ForCausalLM,chatmodels,False,True,
abacusai/bigstral-12b-32k,abacusai/bigstral-12b-32k (Merge),abacusai,1,False,2024-03,12.476,MistralForCausalLM,basemergesandmoerges,False,False,merge
abacusai/bigyi-15b,abacusai/bigyi-15b (Merge),abacusai,1,False,2024-03,15.058,LlamaForCausalLM,basemergesandmoerges,False,False,merge
abhishek/autotrain-0tmgq-5tpbg,HuggingFaceTB/SmolLM2-135M-Instruct (Merge),HuggingFaceTB,1,False,2024-11,0.135,LlamaForCausalLM,fine-tunedondomain-specificdatasets,False,False,merge
abhishek/autotrain-llama3-70b-orpo-v1,abhishek/autotrain-llama3-70b-orpo-v1,abhishek,0,False,2024-05,70.554,LlamaForCausalLM,chatmodels,False,True,
abhishek/autotrain-llama3-70b-orpo-v2,abhishek/autotrain-llama3-70b-orpo-v2,abhishek,0,False,2024-05,70.554,LlamaForCausalLM,fine-tunedondomain-specificdatasets,False,True,
abhishek/autotrain-llama3-orpo-v2,abhishek/autotrain-llama3-orpo-v2,abhishek,0,False,2024-04,8.03,LlamaForCausalLM,chatmodels,False,True,
abhishek/autotrain-vr4a1-e5mms,meta-llama/Meta-Llama-3.1-8B,meta-llama,1,False,2024-09,16.061,?,fine-tunedondomain-specificdatasets,False,True,
abideen/MedPhi-4-14B-v1,abideen/MedPhi-4-14B-v1,abideen,0,True,,14.66,Phi3ForCausalLM,fine-tunedondomain-specificdatasets,False,False,base_removed
adamo1139/Yi-34B-200K-AEZAKMI-v2,adamo1139/Yi-34B-200K-AEZAKMI-v2,adamo1139,0,False,2023-12,34.389,LlamaForCausalLM,fine-tunedondomain-specificdatasets,False,True,
adriszmar/QAIMath-Qwen2.5-7B-TIES,adriszmar/QAIMath-Qwen2.5-7B-TIES,adriszmar,0,False,2024-10,7.616,Qwen2ForCausalLM,basemergesandmoerges,False,False,merge
aevalone/distill_qw_test,Qwen/Qwen2.5-7B,Qwen,1,True,2025-03,7.616,Qwen2ForCausalLM,fine-tunedondomain-specificdatasets,False,True,
agentlans/Gemma2-9B-AdvancedFuse,agentlans/Gemma2-9B-AdvancedFuse (Merge),agentlans,1,False,2025-01,9.242,Gemma2ForCausalLM,basemergesandmoerges,False,False,merge
agentlans/Llama-3.2-1B-Instruct-CrashCourse12K,agentlans/Llama-3.2-1B-Instruct-CrashCourse12K,agentlans,0,False,2025-01,1.236,LlamaForCausalLM,fine-tunedondomain-specificdatasets,False,True,
agentlans/Llama3.1-8B-drill,agentlans/Llama3.1-8B-drill (Merge),agentlans,1,False,2024-12,8.03,LlamaForCausalLM,basemergesandmoerges,False,False,merge
agentlans/Llama3.1-Daredevilish,agentlans/Llama3.1-Daredevilish (Merge),agentlans,1,False,2025-01,8.03,LlamaForCausalLM,basemergesandmoerges,False,False,merge
agentlans/Llama3.1-Daredevilish-Instruct,agentlans/Llama3.1-Daredevilish-Instruct (Merge),agentlans,1,False,2025-01,8.03,LlamaForCausalLM,basemergesandmoerges,False,False,merge
agentlans/Llama3.1-LexiHermes-SuperStorm,agentlans/Llama3.1-LexiHermes-SuperStorm (Merge),agentlans,1,False,2025-02,8.03,LlamaForCausalLM,basemergesandmoerges,False,False,merge
agentlans/Llama3.1-SuperDeepFuse,agentlans/Llama3.1-SuperDeepFuse (Merge),agentlans,1,False,2025-01,8.03,LlamaForCausalLM,basemergesandmoerges,False,False,merge
agentlans/Llama3.1-SuperDeepFuse-CrashCourse12K,agentlans/Llama3.1-SuperDeepFuse-CrashCourse12K (Merge),agentlans,1,False,2025-01,8.03,LlamaForCausalLM,fine-tunedondomain-specificdatasets,False,False,merge
agentlans/Qwen2.5-0.5B-Instruct-CrashCourse-dropout,agentlans/Qwen2.5-0.5B-Instruct-CrashCourse-dropout (Merge),agentlans,1,False,2025-01,0.494,Qwen2ForCausalLM,chatmodels,False,False,merge
ahmeda335/13_outOf_32_pruned_layers_llama3.1-8b,ahmeda335/13_outOf_32_pruned_layers_llama3.1-8b (Merge),ahmeda335,1,False,2024-10,5.195,LlamaForCausalLM,chatmodels,False,False,merge
ai21labs/Jamba-v0.1,ai21labs/Jamba-v0.1,ai21labs,0,True,2024-03,51.57,JambaForCausalLM,pretrained,True,True,
ai4bharat/Airavata,ai4bharat/Airavata,ai4bharat,0,False,2024-01,6.87,LlamaForCausalLM,fine-tunedondomain-specificdatasets,False,True,
aixonlab/Aether-12b,Xclbr7/Arcanum-12b,Xclbr7,1,False,2024-09,12.248,MistralForCausalLM,basemergesandmoerges,False,False,merge
aixonlab/Grey-12b,Xclbr7/Arcanum-12b,Xclbr7,1,False,2024-10,12.248,MistralForCausalLM,basemergesandmoerges,False,False,merge
aixonlab/Zara-14b-v1.2,sometimesanotion/Lamarck-14B-v0.7 (Merge),sometimesanotion,1,False,2025-01,14.766,Qwen2ForCausalLM,fine-tunedondomain-specificdatasets,False,False,merge
akhadangi/Llama3.2.1B.0.01-First,akhadangi/Llama3.2.1B.0.01-First (Merge),akhadangi,1,False,2025-03,1.236,LlamaForCausalLM,fine-tunedondomain-specificdatasets,False,False,merge
akhadangi/Llama3.2.1B.0.01-Last,akhadangi/Llama3.2.1B.0.01-Last (Merge),akhadangi,1,False,2025-03,1.236,LlamaForCausalLM,fine-tunedondomain-specificdatasets,False,False,merge
akhadangi/Llama3.2.1B.0.1-First,akhadangi/Llama3.2.1B.0.1-First (Merge),akhadangi,1,False,2025-03,1.236,LlamaForCausalLM,fine-tunedondomain-specificdatasets,False,False,merge
akhadangi/Llama3.2.1B.0.1-Last,akhadangi/Llama3.2.1B.0.1-Last (Merge),akhadangi,1,False,2025-03,1.236,LlamaForCausalLM,fine-tunedondomain-specificdatasets,False,False,merge
akhadangi/Llama3.2.1B.BaseFiT,akhadangi/Llama3.2.1B.BaseFiT (Merge),akhadangi,1,False,2025-03,1.236,LlamaForCausalLM,fine-tunedondomain-specificdatasets,False,False,merge
akjindal53244/Llama-3.1-Storm-8B,akjindal53244/Llama-3.1-Storm-8B,akjindal53244,0,False,2024-08,8.03,LlamaForCausalLM,fine-tunedondomain-specificdatasets,False,False,merge
alcholjung/llama3_medical_tuned,alcholjung/llama3_medical_tuned,alcholjung,0,False,2024-08,16.061,?,fine-tunedondomain-specificdatasets,False,True,
allenai/Llama-3.1-Tulu-3-70B,allenai/Llama-3.1-Tulu-3-70B (Merge),allenai,1,False,2024-11,70.554,LlamaForCausalLM,chatmodels,False,False,merge
allenai/Llama-3.1-Tulu-3-70B-DPO,allenai/Llama-3.1-Tulu-3-70B-DPO (Merge),allenai,1,False,2024-11,70.0,LlamaForCausalLM,chatmodels,False,False,merge
allenai/Llama-3.1-Tulu-3-70B-SFT,allenai/Llama-3.1-Tulu-3-70B-SFT (Merge),allenai,1,False,2024-11,70.554,LlamaForCausalLM,chatmodels,False,False,merge
allenai/Llama-3.1-Tulu-3-8B,allenai/Llama-3.1-Tulu-3-8B (Merge),allenai,1,False,2024-11,8.03,LlamaForCausalLM,chatmodels,False,False,merge
allenai/Llama-3.1-Tulu-3-8B-DPO,allenai/Llama-3.1-Tulu-3-8B-DPO (Merge),allenai,1,False,2024-11,8.0,LlamaForCausalLM,chatmodels,False,False,merge
allenai/Llama-3.1-Tulu-3-8B-RM,allenai/Llama-3.1-Tulu-3-8B-RM (Merge),allenai,1,False,2024-11,8.0,LlamaForSequenceClassification,chatmodels,False,False,merge
allenai/Llama-3.1-Tulu-3-8B-SFT,allenai/Llama-3.1-Tulu-3-8B-SFT (Merge),allenai,1,False,2024-11,8.03,LlamaForCausalLM,chatmodels,False,False,merge
allenai/OLMo-1.7-7B-hf,allenai/OLMo-1.7-7B-hf,allenai,0,False,2024-04,0.0,Unknown,❓other,False,True,
allenai/OLMo-1B-hf,allenai/OLMo-1B-hf,allenai,0,True,2024-04,1.177,OlmoForCausalLM,pretrained,False,True,
allenai/OLMo-2-1124-7B-Instruct,allenai/OLMo-2-1124-7B-Instruct (Merge),allenai,1,False,2024-12,7.299,Olmo2ForCausalLM,chatmodels,False,False,merge
allenai/OLMo-7B-Instruct-hf,allenai/OLMo-7B-Instruct-hf,allenai,0,False,2024-06,7.0,OlmoForCausalLM,chatmodels,False,True,
allenai/OLMo-7B-hf,allenai/OLMo-7B-hf,allenai,0,True,2024-04,6.888,OlmoForCausalLM,pretrained,False,True,
allenai/OLMoE-1B-7B-0125-Instruct,allenai/OLMoE-1B-7B-0125-Instruct (Merge),allenai,1,False,2025-01,6.919,OlmoeForCausalLM,pretrained,True,False,merge
allenai/OLMoE-1B-7B-0924,allenai/OLMoE-1B-7B-0924,allenai,0,True,2024-07,6.919,OlmoeForCausalLM,pretrained,True,True,
allenai/OLMoE-1B-7B-0924-Instruct,allenai/OLMoE-1B-7B-0924,allenai,1,True,2024-08,6.919,OlmoeForCausalLM,chatmodels,True,True,
allknowingroger/Chocolatine-24B,allknowingroger/Chocolatine-24B (Merge),allknowingroger,1,False,2024-09,24.184,Phi3ForCausalLM,basemergesandmoerges,False,False,merge
allknowingroger/Gemma2Slerp1-2.6B,allknowingroger/Gemma2Slerp1-2.6B (Merge),allknowingroger,1,False,2024-12,2.614,Gemma2ForCausalLM,basemergesandmoerges,False,False,merge
allknowingroger/Gemma2Slerp1-27B,allknowingroger/Gemma2Slerp1-27B (Merge),allknowingroger,1,False,2024-11,27.227,Gemma2ForCausalLM,basemergesandmoerges,False,False,merge
allknowingroger/Gemma2Slerp2-2.6B,allknowingroger/Gemma2Slerp2-2.6B (Merge),allknowingroger,1,False,2024-12,2.614,Gemma2ForCausalLM,basemergesandmoerges,False,False,merge
allknowingroger/Gemma2Slerp2-27B,allknowingroger/Gemma2Slerp2-27B (Merge),allknowingroger,1,False,2024-11,27.227,Gemma2ForCausalLM,basemergesandmoerges,False,False,merge
allknowingroger/Gemma2Slerp3-27B,allknowingroger/Gemma2Slerp3-27B (Merge),allknowingroger,1,False,2024-12,27.227,Gemma2ForCausalLM,basemergesandmoerges,False,False,merge
allknowingroger/Gemma2Slerp4-27B,allknowingroger/Gemma2Slerp4-27B (Merge),allknowingroger,1,False,2024-12,27.227,Gemma2ForCausalLM,basemergesandmoerges,False,False,merge
allknowingroger/GemmaSlerp-9B,allknowingroger/GemmaSlerp-9B (Merge),allknowingroger,1,False,2024-10,9.242,Gemma2ForCausalLM,basemergesandmoerges,False,False,merge
allknowingroger/GemmaSlerp2-9B,allknowingroger/GemmaSlerp2-9B (Merge),allknowingroger,1,False,2024-10,9.242,Gemma2ForCausalLM,basemergesandmoerges,False,False,merge
allknowingroger/GemmaSlerp4-10B,allknowingroger/GemmaSlerp4-10B (Merge),allknowingroger,1,False,2024-10,10.159,Gemma2ForCausalLM,basemergesandmoerges,False,False,merge
allknowingroger/GemmaSlerp5-10B,allknowingroger/GemmaSlerp5-10B (Merge),allknowingroger,1,False,2024-10,10.159,Gemma2ForCausalLM,basemergesandmoerges,False,False,merge
allknowingroger/GemmaStock1-27B,allknowingroger/GemmaStock1-27B (Merge),allknowingroger,1,False,2024-12,27.227,Gemma2ForCausalLM,basemergesandmoerges,False,False,merge
allknowingroger/HomerSlerp1-7B,allknowingroger/HomerSlerp1-7B (Merge),allknowingroger,1,False,2024-11,7.616,Qwen2ForCausalLM,basemergesandmoerges,False,False,merge
allknowingroger/HomerSlerp2-7B,allknowingroger/HomerSlerp2-7B (Merge),allknowingroger,1,False,2024-11,7.616,Qwen2ForCausalLM,basemergesandmoerges,False,False,merge
allknowingroger/HomerSlerp3-7B,allknowingroger/HomerSlerp3-7B (Merge),allknowingroger,1,False,2024-11,7.616,Qwen2ForCausalLM,basemergesandmoerges,False,False,merge
allknowingroger/HomerSlerp4-7B,allknowingroger/HomerSlerp4-7B (Merge),allknowingroger,1,False,2024-11,7.616,Qwen2ForCausalLM,basemergesandmoerges,False,False,merge
allknowingroger/LimyQstar-7B-slerp,allknowingroger/LimyQstar-7B-slerp (Merge),allknowingroger,1,False,2024-03,7.242,MistralForCausalLM,basemergesandmoerges,False,False,merge
allknowingroger/Llama3.1-60B,allknowingroger/Llama3.1-60B,allknowingroger,0,True,,61.997,LlamaForCausalLM,basemergesandmoerges,False,False,merge
allknowingroger/Marco-01-slerp1-7B,allknowingroger/Marco-01-slerp1-7B (Merge),allknowingroger,1,False,2024-11,7.616,Qwen2ForCausalLM,basemergesandmoerges,False,False,merge
allknowingroger/Meme-7B-slerp,allknowingroger/Meme-7B-slerp (Merge),allknowingroger,1,False,2024-05,7.242,MistralForCausalLM,basemergesandmoerges,False,False,merge
allknowingroger/Ministral-8B-slerp,allknowingroger/Ministral-8B-slerp,allknowingroger,0,True,,7.248,MistralForCausalLM,basemergesandmoerges,False,False,merge
allknowingroger/MistralPhi3-11B,allknowingroger/MistralPhi3-11B (Merge),allknowingroger,1,False,2024-08,11.234,MistralForCausalLM,basemergesandmoerges,False,False,merge
allknowingroger/Mistralmash1-7B-s,allknowingroger/Mistralmash1-7B-s (Merge),allknowingroger,1,False,2024-08,7.242,MistralForCausalLM,basemergesandmoerges,False,False,merge
allknowingroger/Mistralmash2-7B-s,allknowingroger/Mistralmash2-7B-s (Merge),allknowingroger,1,False,2024-08,7.242,MistralForCausalLM,basemergesandmoerges,False,False,merge
allknowingroger/MixTAO-19B-pass,allknowingroger/MixTAO-19B-pass (Merge),allknowingroger,1,False,2024-06,19.188,MixtralForCausalLM,basemergesandmoerges,False,False,merge
allknowingroger/MixTaoTruthful-13B-slerp,allknowingroger/MixTaoTruthful-13B-slerp (Merge),allknowingroger,1,False,2024-05,12.879,MixtralForCausalLM,basemergesandmoerges,False,False,merge
allknowingroger/MultiCalm-7B-slerp,allknowingroger/MultiCalm-7B-slerp (Merge),allknowingroger,1,False,2024-05,7.242,MistralForCausalLM,basemergesandmoerges,False,False,merge
allknowingroger/MultiMash-12B-slerp,allknowingroger/MultiMash-12B-slerp (Merge),allknowingroger,1,False,2024-05,12.879,MixtralForCausalLM,basemergesandmoerges,False,False,merge
allknowingroger/MultiMash10-13B-slerp,allknowingroger/MultiMash10-13B-slerp (Merge),allknowingroger,1,False,2024-05,12.879,MixtralForCausalLM,basemergesandmoerges,False,False,merge
allknowingroger/MultiMash11-13B-slerp,allknowingroger/MultiMash11-13B-slerp (Merge),allknowingroger,1,False,2024-05,12.879,MixtralForCausalLM,basemergesandmoerges,False,False,merge
allknowingroger/MultiMash2-12B-slerp,allknowingroger/MultiMash2-12B-slerp (Merge),allknowingroger,1,False,2024-05,12.879,MixtralForCausalLM,basemergesandmoerges,False,False,merge
allknowingroger/MultiMash5-12B-slerp,allknowingroger/MultiMash5-12B-slerp,allknowingroger,0,True,,12.879,MixtralForCausalLM,basemergesandmoerges,False,False,merge
allknowingroger/MultiMash6-12B-slerp,allknowingroger/MultiMash6-12B-slerp (Merge),allknowingroger,1,False,2024-05,12.879,MixtralForCausalLM,basemergesandmoerges,False,False,merge
allknowingroger/MultiMash7-12B-slerp,allknowingroger/MultiMash7-12B-slerp (Merge),allknowingroger,1,False,2024-05,12.879,MixtralForCausalLM,basemergesandmoerges,False,False,merge
allknowingroger/MultiMash8-13B-slerp,allknowingroger/MultiMash8-13B-slerp (Merge),allknowingroger,1,False,2024-05,12.879,MixtralForCausalLM,basemergesandmoerges,False,False,merge
allknowingroger/MultiMash9-13B-slerp,allknowingroger/MultiMash9-13B-slerp (Merge),allknowingroger,1,False,2024-05,12.879,MixtralForCausalLM,basemergesandmoerges,False,False,merge
allknowingroger/MultiMerge-7B-slerp,allknowingroger/MultiMerge-7B-slerp (Merge),allknowingroger,1,False,2024-04,7.242,MistralForCausalLM,basemergesandmoerges,False,False,merge
allknowingroger/Multimash3-12B-slerp,allknowingroger/Multimash3-12B-slerp (Merge),allknowingroger,1,False,2024-05,12.879,MixtralForCausalLM,basemergesandmoerges,False,False,merge
allknowingroger/Multimerge-19B-pass,allknowingroger/Multimerge-19B-pass,allknowingroger,0,True,,19.188,MixtralForCausalLM,basemergesandmoerges,False,False,merge
allknowingroger/MultiverseEx26-7B-slerp,allknowingroger/MultiverseEx26-7B-slerp (Merge),allknowingroger,1,False,2024-03,7.242,MistralForCausalLM,basemergesandmoerges,False,False,merge
allknowingroger/NeuralWestSeverus-7B-slerp,allknowingroger/NeuralWestSeverus-7B-slerp (Merge),allknowingroger,1,False,2024-05,7.242,MistralForCausalLM,basemergesandmoerges,False,False,merge
allknowingroger/Neuralcoven-7B-slerp,allknowingroger/Neuralcoven-7B-slerp (Merge),allknowingroger,1,False,2024-05,7.242,MistralForCausalLM,basemergesandmoerges,False,False,merge
allknowingroger/Neuralmultiverse-7B-slerp,allknowingroger/Neuralmultiverse-7B-slerp (Merge),allknowingroger,1,False,2024-05,7.242,MistralForCausalLM,basemergesandmoerges,False,False,merge
allknowingroger/Ph3della5-14B,allknowingroger/Ph3della5-14B (Merge),allknowingroger,1,False,2024-09,13.96,Phi3ForCausalLM,basemergesandmoerges,False,False,merge
allknowingroger/Ph3merge-14B,allknowingroger/Ph3merge-14B (Merge),allknowingroger,1,False,2024-08,13.619,Phi3ForCausalLM,basemergesandmoerges,False,False,merge
allknowingroger/Ph3merge2-14B,allknowingroger/Ph3merge2-14B,allknowingroger,0,True,,13.619,Phi3ForCausalLM,basemergesandmoerges,False,False,merge
allknowingroger/Ph3merge3-14B,allknowingroger/Ph3merge3-14B,allknowingroger,0,True,,13.619,Phi3ForCausalLM,basemergesandmoerges,False,False,merge
allknowingroger/Ph3task1-14B,allknowingroger/Ph3task1-14B (Merge),allknowingroger,1,False,2024-09,13.96,Phi3ForCausalLM,basemergesandmoerges,False,False,merge
allknowingroger/Ph3task2-14B,allknowingroger/Ph3task2-14B (Merge),allknowingroger,1,False,2024-09,13.96,Phi3ForCausalLM,basemergesandmoerges,False,False,merge
allknowingroger/Ph3task3-14B,allknowingroger/Ph3task3-14B (Merge),allknowingroger,1,False,2024-09,13.96,Phi3ForCausalLM,basemergesandmoerges,False,False,merge
allknowingroger/Ph3unsloth-3B-slerp,allknowingroger/Ph3unsloth-3B-slerp (Merge),allknowingroger,1,False,2024-05,3.821,MistralForCausalLM,basemergesandmoerges,False,False,merge
allknowingroger/Phi3mash1-17B-pass,allknowingroger/Phi3mash1-17B-pass (Merge),allknowingroger,1,False,2024-08,16.687,MistralForCausalLM,basemergesandmoerges,False,False,merge
allknowingroger/Quen2-65B,allknowingroger/Quen2-65B,allknowingroger,0,True,,63.923,Qwen2ForCausalLM,basemergesandmoerges,False,False,merge
allknowingroger/Qwen2.5-42B-AGI,allknowingroger/Qwen2.5-42B-AGI,allknowingroger,0,True,,42.516,Qwen2ForCausalLM,basemergesandmoerges,False,False,merge
allknowingroger/Qwen2.5-7B-task2,allknowingroger/Qwen2.5-7B-task2 (Merge),allknowingroger,1,False,2024-10,7.616,Qwen2ForCausalLM,basemergesandmoerges,False,False,merge
allknowingroger/Qwen2.5-7B-task3,allknowingroger/Qwen2.5-7B-task3 (Merge),allknowingroger,1,False,2024-11,7.616,Qwen2ForCausalLM,basemergesandmoerges,False,False,merge
allknowingroger/Qwen2.5-7B-task4,allknowingroger/Qwen2.5-7B-task4 (Merge),allknowingroger,1,False,2024-11,7.616,Qwen2ForCausalLM,basemergesandmoerges,False,False,merge
allknowingroger/Qwen2.5-7B-task7,allknowingroger/Qwen2.5-7B-task7 (Merge),allknowingroger,1,False,2024-11,7.616,Qwen2ForCausalLM,basemergesandmoerges,False,False,merge
allknowingroger/Qwen2.5-7B-task8,allknowingroger/Qwen2.5-7B-task8 (Merge),allknowingroger,1,False,2024-11,7.616,Qwen2ForCausalLM,basemergesandmoerges,False,False,merge
allknowingroger/Qwen2.5-slerp-14B,allknowingroger/Qwen2.5-slerp-14B (Merge),allknowingroger,1,False,2024-10,14.77,Qwen2ForCausalLM,basemergesandmoerges,False,False,merge
allknowingroger/QwenSlerp12-7B,allknowingroger/QwenSlerp12-7B (Merge),allknowingroger,1,False,2024-11,7.616,Qwen2ForCausalLM,basemergesandmoerges,False,False,merge
allknowingroger/QwenSlerp4-14B,allknowingroger/QwenSlerp4-14B (Merge),allknowingroger,1,False,2024-11,14.766,Qwen2ForCausalLM,basemergesandmoerges,False,False,merge
allknowingroger/QwenSlerp5-14B,allknowingroger/QwenSlerp5-14B (Merge),allknowingroger,1,False,2024-11,14.766,Qwen2ForCausalLM,basemergesandmoerges,False,False,merge
allknowingroger/QwenSlerp6-14B,allknowingroger/QwenSlerp6-14B (Merge),allknowingroger,1,False,2024-11,14.766,Qwen2ForCausalLM,basemergesandmoerges,False,False,merge
allknowingroger/QwenStock1-14B,allknowingroger/QwenStock1-14B (Merge),allknowingroger,1,False,2024-11,14.766,Qwen2ForCausalLM,basemergesandmoerges,False,False,merge
allknowingroger/QwenStock2-14B,allknowingroger/QwenStock2-14B (Merge),allknowingroger,1,False,2024-11,14.766,Qwen2ForCausalLM,basemergesandmoerges,False,False,merge
allknowingroger/QwenStock3-14B,allknowingroger/QwenStock3-14B (Merge),allknowingroger,1,False,2024-11,14.766,Qwen2ForCausalLM,basemergesandmoerges,False,False,merge
allknowingroger/Qwenslerp2-14B,allknowingroger/Qwenslerp2-14B (Merge),allknowingroger,1,False,2024-10,14.77,Qwen2ForCausalLM,basemergesandmoerges,False,False,merge
allknowingroger/Qwenslerp2-7B,allknowingroger/Qwenslerp2-7B (Merge),allknowingroger,1,False,2024-10,7.616,Qwen2ForCausalLM,basemergesandmoerges,False,False,merge
allknowingroger/Qwenslerp3-14B,allknowingroger/Qwenslerp3-14B (Merge),allknowingroger,1,False,2024-10,14.77,Qwen2ForCausalLM,basemergesandmoerges,False,False,merge
allknowingroger/Qwenslerp3-7B,allknowingroger/Qwenslerp3-7B (Merge),allknowingroger,1,False,2024-10,7.616,Qwen2ForCausalLM,basemergesandmoerges,False,False,merge
allknowingroger/ROGERphi-7B-slerp,allknowingroger/ROGERphi-7B-slerp (Merge),allknowingroger,1,False,2024-03,7.242,MistralForCausalLM,basemergesandmoerges,False,False,merge
allknowingroger/RogerMerge-7B-slerp,allknowingroger/RogerMerge-7B-slerp (Merge),allknowingroger,1,False,2024-04,7.242,MistralForCausalLM,basemergesandmoerges,False,False,merge
allknowingroger/Rombos-LLM-V2.5-Qwen-42b,allknowingroger/Rombos-LLM-V2.5-Qwen-42b,allknowingroger,0,True,,42.516,Qwen2ForCausalLM,basemergesandmoerges,False,False,merge
allknowingroger/Strangecoven-7B-slerp,allknowingroger/Strangecoven-7B-slerp (Merge),allknowingroger,1,False,2024-05,7.242,MistralForCausalLM,basemergesandmoerges,False,False,merge
allknowingroger/Weirdslerp2-25B,allknowingroger/Weirdslerp2-25B,allknowingroger,0,True,,25.204,LlamaForCausalLM,basemergesandmoerges,False,False,merge
allknowingroger/WestlakeMaziyar-7B-slerp,allknowingroger/WestlakeMaziyar-7B-slerp (Merge),allknowingroger,1,False,2024-05,7.242,MistralForCausalLM,basemergesandmoerges,False,False,merge
allknowingroger/YamMaths-7B-slerp,allknowingroger/YamMaths-7B-slerp (Merge),allknowingroger,1,False,2024-06,7.242,MistralForCausalLM,basemergesandmoerges,False,False,merge
allknowingroger/Yi-1.5-34B,allknowingroger/Yi-1.5-34B,allknowingroger,0,True,,34.389,LlamaForCausalLM,basemergesandmoerges,False,False,merge
allknowingroger/Yi-blossom-40B,allknowingroger/Yi-blossom-40B,allknowingroger,0,True,,18.769,LlamaForCausalLM,basemergesandmoerges,False,False,merge
allknowingroger/Yibuddy-35B,allknowingroger/Yibuddy-35B (Merge),allknowingroger,1,False,2024-09,34.389,LlamaForCausalLM,basemergesandmoerges,False,False,merge
allknowingroger/Yillama-40B,allknowingroger/Yillama-40B,allknowingroger,0,True,,34.389,LlamaForCausalLM,basemergesandmoerges,False,False,merge
allknowingroger/Yislerp-34B,allknowingroger/Yislerp-34B (Merge),allknowingroger,1,False,2024-09,34.389,LlamaForCausalLM,basemergesandmoerges,False,False,merge
allknowingroger/Yislerp2-34B,allknowingroger/Yislerp2-34B (Merge),allknowingroger,1,False,2024-09,34.389,LlamaForCausalLM,basemergesandmoerges,False,False,merge
allknowingroger/Yunconglong-13B-slerp,allknowingroger/Yunconglong-13B-slerp,allknowingroger,0,True,,12.879,MixtralForCausalLM,basemergesandmoerges,False,False,merge
allknowingroger/limyClown-7B-slerp,allknowingroger/limyClown-7B-slerp (Merge),allknowingroger,1,False,2024-03,7.242,MistralForCausalLM,basemergesandmoerges,False,False,merge
allknowingroger/llama3-Jallabi-40B-s,allknowingroger/llama3-Jallabi-40B-s,allknowingroger,0,True,,18.769,LlamaForCausalLM,basemergesandmoerges,False,False,merge
allknowingroger/llama3AnFeng-40B,allknowingroger/llama3AnFeng-40B,allknowingroger,0,True,,39.971,LlamaForCausalLM,basemergesandmoerges,False,False,merge
allura-org/L3.1-8b-RP-Ink,allura-org/L3.1-8b-RP-Ink (Merge),allura-org,1,False,2025-01,8.03,LlamaForCausalLM,fine-tunedondomain-specificdatasets,False,False,merge
allura-org/MN-12b-RP-Ink,allura-org/MN-12b-RP-Ink (Merge),allura-org,1,False,2024-12,12.248,MistralForCausalLM,fine-tunedondomain-specificdatasets,False,False,merge
allura-org/MS-Meadowlark-22B,allura-org/MS-Meadowlark-22B (Merge),allura-org,1,False,2024-10,22.247,MistralForCausalLM,fine-tunedondomain-specificdatasets,False,False,merge
allura-org/Mistral-Small-24b-Sertraline-0304,allura-org/Mistral-Small-24b-Sertraline-0304 (Merge),allura-org,1,False,2025-03,23.572,MistralForCausalLM,fine-tunedondomain-specificdatasets,False,False,merge
allura-org/Mistral-Small-Sisyphus-24b-2503,allura-org/Mistral-Small-Sisyphus-24b-2503 (Merge),allura-org,1,False,2025-03,23.572,MistralForCausalLM,fine-tunedondomain-specificdatasets,False,False,merge
allura-org/MoE-Girl-1BA-7BT,allenai/OLMoE-1B-7B-0924,allenai,1,True,2024-10,6.919,OlmoeForCausalLM,fine-tunedondomain-specificdatasets,True,True,
allura-org/TQ2.5-14B-Aletheia-v1,allura-org/TQ2.5-14B-Aletheia-v1 (Merge),allura-org,1,False,2024-12,14.77,Qwen2ForCausalLM,fine-tunedondomain-specificdatasets,False,False,merge
allura-org/TQ2.5-14B-Neon-v1,arcee-ai/SuperNova-Medius (Merge),arcee-ai,1,False,2024-12,14.77,Qwen2ForCausalLM,fine-tunedondomain-specificdatasets,False,False,merge
allura-org/Teleut-7b,Qwen/Qwen2.5-7B,Qwen,1,True,2024-11,7.616,Qwen2ForCausalLM,fine-tunedondomain-specificdatasets,False,True,
aloobun/Meta-Llama-3-7B-28Layers,aloobun/Meta-Llama-3-7B-28Layers (Merge),aloobun,1,False,2024-05,7.158,LlamaForCausalLM,fine-tunedondomain-specificdatasets,False,False,merge
aloobun/d-SmolLM2-360M,aloobun/d-SmolLM2-360M,aloobun,0,False,2024-11,0.362,LlamaForCausalLM,fine-tunedondomain-specificdatasets,False,True,
alpindale/WizardLM-2-8x22B,alpindale/WizardLM-2-8x22B,alpindale,0,False,2024-04,140.621,MixtralForCausalLM,fine-tunedondomain-specificdatasets,False,True,
alpindale/magnum-72b-v1,Qwen/Qwen2-72B,Qwen,1,True,2024-06,72.706,Qwen2ForCausalLM,chatmodels,False,True,
altomek/YiSM-34B-0rn,altomek/YiSM-34B-0rn (Merge),altomek,1,False,2024-05,34.389,LlamaForCausalLM,basemergesandmoerges,False,False,merge
amazon/MegaBeam-Mistral-7B-300k,amazon/MegaBeam-Mistral-7B-300k,amazon,0,False,2024-05,7.242,MistralForCausalLM,fine-tunedondomain-specificdatasets,False,True,
amd/AMD-Llama-135m,amd/AMD-Llama-135m,amd,0,False,2024-07,0.135,LlamaForCausalLM,fine-tunedondomain-specificdatasets,False,True,
anakin87/gemma-2b-orpo,google/gemma-2b,google,1,True,2024-03,2.506,GemmaForCausalLM,chatmodels,False,True,
anthracite-org/magnum-v1-72b,Qwen/Qwen2-72B,Qwen,1,True,2024-06,72.706,Qwen2ForCausalLM,chatmodels,False,True,
anthracite-org/magnum-v2-12b,mistralai/Mistral-Nemo-Base-2407,mistralai,1,True,2024-08,12.248,MistralForCausalLM,chatmodels,False,True,
anthracite-org/magnum-v2-72b,Qwen/Qwen2-72B,Qwen,1,True,2024-08,72.706,Qwen2ForCausalLM,chatmodels,False,True,
anthracite-org/magnum-v2.5-12b-kto,mistralai/Mistral-Nemo-Base-2407,mistralai,1,True,2024-08,12.248,MistralForCausalLM,chatmodels,False,True,
anthracite-org/magnum-v3-27b-kto,anthracite-org/magnum-v3-27b-kto (Merge),anthracite-org,1,False,2024-09,27.227,Gemma2ForCausalLM,chatmodels,False,False,merge
anthracite-org/magnum-v3-34b,anthracite-org/magnum-v3-34b,anthracite-org,0,False,2024-08,34.389,LlamaForCausalLM,fine-tunedondomain-specificdatasets,False,True,
anthracite-org/magnum-v3-9b-chatml,IntervitensInc/gemma-2-9b-chatml,IntervitensInc,1,False,2024-08,9.242,Gemma2ForCausalLM,chatmodels,False,True,
anthracite-org/magnum-v3-9b-customgemma2,google/gemma-2-9b,google,1,True,2024-08,9.242,Gemma2ForCausalLM,chatmodels,False,True,
anthracite-org/magnum-v4-12b,anthracite-org/magnum-v4-12b,anthracite-org,0,False,2024-10,12.248,MistralForCausalLM,fine-tunedondomain-specificdatasets,False,True,
anthracite-org/magnum-v4-22b,anthracite-org/magnum-v4-22b,anthracite-org,0,False,2024-10,22.247,MistralForCausalLM,fine-tunedondomain-specificdatasets,False,True,
anthracite-org/magnum-v4-27b,anthracite-org/magnum-v4-27b,anthracite-org,0,False,2024-10,27.227,Gemma2ForCausalLM,fine-tunedondomain-specificdatasets,False,True,
anthracite-org/magnum-v4-9b,anthracite-org/magnum-v4-9b,anthracite-org,0,False,2024-10,9.242,Gemma2ForCausalLM,fine-tunedondomain-specificdatasets,False,True,
apple/DCLM-7B,apple/DCLM-7B,apple,0,True,2024-07,7.0,OpenLMModel,pretrained,False,True,
appvoid/arco-2,appvoid/arco-2,appvoid,0,False,2024-09,0.514,LlamaForCausalLM,basemergesandmoerges,False,False,merge
appvoid/arco-2-instruct,appvoid/arco-2-instruct (Merge),appvoid,1,False,2024-12,0.514,LlamaForCausalLM,basemergesandmoerges,False,False,merge
arcee-ai/Arcee-Blitz,arcee-ai/Arcee-Blitz (Merge),arcee-ai,1,False,2025-02,23.572,MistralForCausalLM,fine-tunedondomain-specificdatasets,False,False,merge
arcee-ai/Arcee-Maestro-7B-Preview,arcee-ai/Arcee-Maestro-7B-Preview (Merge),arcee-ai,1,False,2025-02,7.613,Qwen2ForCausalLM,fine-tunedondomain-specificdatasets,False,False,merge
arcee-ai/Arcee-Nova,arcee-ai/Arcee-Nova,arcee-ai,0,False,2024-07,72.706,Qwen2ForCausalLM,chatmodels,False,True,
arcee-ai/Arcee-Spark,arcee-ai/Arcee-Spark,arcee-ai,0,False,2024-06,7.616,Qwen2ForCausalLM,fine-tunedondomain-specificdatasets,False,True,
arcee-ai/Llama-3.1-SuperNova-Lite,meta-llama/Meta-Llama-3.1-8B,meta-llama,1,False,2024-09,8.03,LlamaForCausalLM,fine-tunedondomain-specificdatasets,False,True,
arcee-ai/Llama-Spark,arcee-ai/Llama-Spark,arcee-ai,0,False,2024-07,8.03,LlamaForCausalLM,fine-tunedondomain-specificdatasets,False,True,
arcee-ai/SuperNova-Medius,arcee-ai/SuperNova-Medius (Merge),arcee-ai,1,False,2024-10,14.77,Qwen2ForCausalLM,fine-tunedondomain-specificdatasets,False,False,merge
arcee-ai/Virtuoso-Lite,arcee-ai/Virtuoso-Lite (Merge),arcee-ai,1,False,2025-01,10.306,LlamaForCausalLM,fine-tunedondomain-specificdatasets,False,False,merge
arcee-ai/Virtuoso-Small,arcee-ai/Virtuoso-Small (Merge),arcee-ai,1,False,2024-12,14.77,Qwen2ForCausalLM,fine-tunedondomain-specificdatasets,False,False,merge
arcee-ai/Virtuoso-Small-v2,arcee-ai/Virtuoso-Small-v2 (Merge),arcee-ai,1,False,2025-01,14.766,Qwen2ForCausalLM,fine-tunedondomain-specificdatasets,False,False,merge
arcee-ai/raspberry-3B,Qwen/Qwen2.5-3B,Qwen,1,True,2024-10,3.086,Qwen2ForCausalLM,fine-tunedondomain-specificdatasets,False,True,
argilla/notus-7b-v1,mistralai/Mistral-7B-v0.1,mistralai,1,True,2023-11,7.242,MistralForCausalLM,chatmodels,False,True,
argilla/notux-8x7b-v1,mistralai/Mixtral-8x7B-v0.1,mistralai,1,True,2023-12,46.703,MixtralForCausalLM,chatmodels,True,True,
argilla-warehouse/Llama-3.1-8B-MagPie-Ultra,meta-llama/Llama-3.1-8B,meta-llama,1,False,2024-09,8.03,LlamaForCausalLM,chatmodels,False,True,
arisin/orca-platypus-13B-slerp,arisin/orca-platypus-13B-slerp,arisin,0,False,2024-11,13.016,LlamaForCausalLM,basemergesandmoerges,False,False,merge
arshiaafshani/Arsh-V1,arshiaafshani/Arsh-V1,arshiaafshani,0,True,,13.96,LlamaForCausalLM,chatmodels,False,False,base_removed
asharsha30/LLAMA_Harsha_8_B_ORDP_10k,asharsha30/LLAMA_Harsha_8_B_ORDP_10k (Merge),asharsha30,1,False,2024-12,8.03,LlamaForCausalLM,fine-tunedondomain-specificdatasets,False,False,merge
ashercn97/a1-v0.0.1,ashercn97/a1-v0.0.1,ashercn97,0,False,2024-11,7.616,Qwen2ForCausalLM,fine-tunedondomain-specificdatasets,False,True,
ashercn97/a1-v002,Qwen/Qwen2.5-7B,Qwen,1,True,2024-11,7.616,Qwen2ForCausalLM,fine-tunedondomain-specificdatasets,False,True,
assskelad/smollm2-360M-sft_SmallThoughts,HuggingFaceTB/SmolLM2-360M,HuggingFaceTB,1,True,2025-03,0.362,LlamaForCausalLM,fine-tunedondomain-specificdatasets,False,True,
athirdpath/Llama-3.1-Instruct_NSFW-pretrained_e1-plus_reddit,athirdpath/Llama-3.1-Instruct_NSFW-pretrained_e1,athirdpath,1,False,2024-07,8.03,LlamaForCausalLM,chatmodels,False,True,
automerger/YamshadowExperiment28-7B,automerger/YamshadowExperiment28-7B (Merge),automerger,1,False,2024-03,7.242,MistralForCausalLM,basemergesandmoerges,False,False,merge
avemio/GRAG-NEMO-12B-ORPO-HESSIAN-AI,avemio/GRAG-NEMO-12B-ORPO-HESSIAN-AI (Merge),avemio,1,False,2024-12,12.248,MistralForCausalLM,chatmodels,False,False,merge
awnr/Mistral-7B-v0.1-signtensors-1-over-2,awnr/Mistral-7B-v0.1-signtensors-1-over-2,awnr,0,True,2024-06,7.242,MistralForCausalLM,pretrained,False,True,
awnr/Mistral-7B-v0.1-signtensors-1-over-4,awnr/Mistral-7B-v0.1-signtensors-1-over-4,awnr,0,True,2024-07,7.0,MistralForCausalLM,pretrained,False,True,
awnr/Mistral-7B-v0.1-signtensors-3-over-8,awnr/Mistral-7B-v0.1-signtensors-3-over-8,awnr,0,True,2024-07,7.242,MistralForCausalLM,pretrained,False,True,
awnr/Mistral-7B-v0.1-signtensors-5-over-16,awnr/Mistral-7B-v0.1-signtensors-5-over-16,awnr,0,True,2024-07,7.242,MistralForCausalLM,pretrained,False,True,
awnr/Mistral-7B-v0.1-signtensors-7-over-16,awnr/Mistral-7B-v0.1-signtensors-7-over-16,awnr,0,True,2024-07,7.242,MistralForCausalLM,pretrained,False,True,
aws-prototyping/MegaBeam-Mistral-7B-512k,aws-prototyping/MegaBeam-Mistral-7B-512k,aws-prototyping,0,False,2024-07,7.242,MistralForCausalLM,fine-tunedondomain-specificdatasets,False,True,
axolotl-ai-co/romulus-mistral-nemo-12b-simpo,axolotl-ai-co/romulus-mistral-nemo-12b-simpo,axolotl-ai-co,0,True,2024-07,12.248,MistralForCausalLM,chatmodels,False,False,base_removed
baconnier/Napoleon_24B_V0.0,baconnier/Napoleon_24B_V0.0,baconnier,0,False,2025-02,23.572,MistralForCausalLM,fine-tunedondomain-specificdatasets,False,True,
baconnier/Napoleon_24B_V0.2,baconnier/Napoleon_24B_V0.2 (Merge),baconnier,1,False,2025-02,23.572,MistralForCausalLM,basemergesandmoerges,False,False,merge
baebee/7B-Cetacea,baebee/7B-Cetacea (Merge),baebee,1,False,2025-03,7.242,MistralForCausalLM,basemergesandmoerges,False,False,merge
baebee/mergekit-model_stock-nzjnheg,baebee/mergekit-model_stock-nzjnheg (Merge),baebee,1,False,2025-02,7.616,Qwen2ForCausalLM,basemergesandmoerges,False,False,merge
baebee/mergekit-ties-fnjenli,baebee/mergekit-ties-fnjenli (Merge),baebee,1,False,2025-02,7.616,Qwen2ForCausalLM,basemergesandmoerges,False,False,merge
bamec66557/MISCHIEVOUS-12B,bamec66557/MISCHIEVOUS-12B (Merge),bamec66557,1,False,2024-12,12.248,MistralForCausalLM,basemergesandmoerges,False,False,merge
bamec66557/MISCHIEVOUS-12B-Mix_0.1v,bamec66557/MISCHIEVOUS-12B-Mix_0.1v (Merge),bamec66557,1,False,2024-12,12.248,MistralForCausalLM,fine-tunedondomain-specificdatasets,False,False,merge
bamec66557/MISCHIEVOUS-12B-Mix_0.2v,bamec66557/MISCHIEVOUS-12B-Mix_0.2v (Merge),bamec66557,1,False,2024-12,12.248,MistralForCausalLM,basemergesandmoerges,False,False,merge
bamec66557/MISCHIEVOUS-12B-Mix_0.3v,bamec66557/MISCHIEVOUS-12B-Mix_0.3v (Merge),bamec66557,1,False,2024-12,12.248,MistralForCausalLM,basemergesandmoerges,False,False,merge
bamec66557/MISCHIEVOUS-12B-Mix_0.4v,bamec66557/MISCHIEVOUS-12B-Mix_0.4v (Merge),bamec66557,1,False,2024-12,12.248,MistralForCausalLM,basemergesandmoerges,False,False,merge
bamec66557/MISCHIEVOUS-12B-Mix_0.5v,bamec66557/MISCHIEVOUS-12B-Mix_0.5v (Merge),bamec66557,1,False,2024-12,12.248,MistralForCausalLM,basemergesandmoerges,False,False,merge
bamec66557/MISCHIEVOUS-12B-Mix_0.6v,bamec66557/MISCHIEVOUS-12B-Mix_0.6v (Merge),bamec66557,1,False,2024-12,12.248,MistralForCausalLM,basemergesandmoerges,False,False,merge
bamec66557/MISCHIEVOUS-12B-Mix_III_IV_V,bamec66557/MISCHIEVOUS-12B-Mix_III_IV_V (Merge),bamec66557,1,False,2024-12,12.248,MistralForCausalLM,basemergesandmoerges,False,False,merge
bamec66557/MISCHIEVOUS-12B-Mix_III_ex_V,bamec66557/MISCHIEVOUS-12B-Mix_III_ex_V (Merge),bamec66557,1,False,2024-12,12.248,MistralForCausalLM,basemergesandmoerges,False,False,merge
bamec66557/MISCHIEVOUS-12B-Mix_Neo,bamec66557/MISCHIEVOUS-12B-Mix_Neo (Merge),bamec66557,1,False,2024-12,12.248,MistralForCausalLM,fine-tunedondomain-specificdatasets,False,False,merge
bamec66557/Mistral-Nemo-VICIOUS_MESH-12B-2407,bamec66557/Mistral-Nemo-VICIOUS_MESH-12B-2407 (Merge),bamec66557,1,False,2024-12,12.248,MistralForCausalLM,basemergesandmoerges,False,False,merge
bamec66557/NameLess-12B-prob,bamec66557/NameLess-12B-prob,bamec66557,0,False,2024-12,12.248,MistralForCausalLM,basemergesandmoerges,False,False,merge
bamec66557/VICIOUS_MESH-12B,bamec66557/VICIOUS_MESH-12B,bamec66557,0,True,,6.124,MistralForCausalLM,basemergesandmoerges,False,False,merge
bamec66557/VICIOUS_MESH-12B-0.1v,bamec66557/VICIOUS_MESH-12B-0.1v,bamec66557,0,True,,6.124,MistralForCausalLM,basemergesandmoerges,False,False,merge
bamec66557/VICIOUS_MESH-12B-0.X.ver,bamec66557/VICIOUS_MESH-12B-0.X.ver,bamec66557,0,True,,6.124,MistralForCausalLM,basemergesandmoerges,False,False,merge
bamec66557/VICIOUS_MESH-12B-ALPHA,bamec66557/VICIOUS_MESH-12B-ALPHA (Merge),bamec66557,1,False,2024-12,12.248,MistralForCausalLM,fine-tunedondomain-specificdatasets,False,False,merge
bamec66557/VICIOUS_MESH-12B-BETA,bamec66557/VICIOUS_MESH-12B-BETA (Merge),bamec66557,1,False,2024-12,12.248,MistralForCausalLM,basemergesandmoerges,False,False,merge
bamec66557/VICIOUS_MESH-12B-DELTA,bamec66557/VICIOUS_MESH-12B-DELTA,bamec66557,0,True,,6.124,MistralForCausalLM,chatmodels,False,False,base_removed
bamec66557/VICIOUS_MESH-12B-DIGAMMA,bamec66557/VICIOUS_MESH-12B-DIGAMMA,bamec66557,0,True,,6.124,MistralForCausalLM,basemergesandmoerges,False,False,merge
bamec66557/VICIOUS_MESH-12B-EPSILON,bamec66557/VICIOUS_MESH-12B-EPSILON,bamec66557,0,True,,6.124,MistralForCausalLM,basemergesandmoerges,False,False,merge
bamec66557/VICIOUS_MESH-12B-GAMMA,bamec66557/VICIOUS_MESH-12B-GAMMA (Merge),bamec66557,1,False,2024-12,12.248,MistralForCausalLM,basemergesandmoerges,False,False,merge
bamec66557/VICIOUS_MESH-12B-NEMO,bamec66557/VICIOUS_MESH-12B-NEMO (Merge),bamec66557,1,False,2024-12,12.248,MistralForCausalLM,fine-tunedondomain-specificdatasets,False,False,merge
bamec66557/VICIOUS_MESH-12B-OMEGA,bamec66557/VICIOUS_MESH-12B-OMEGA (Merge),bamec66557,1,False,2024-12,12.248,MistralForCausalLM,basemergesandmoerges,False,False,merge
bamec66557/VICIOUS_MESH-12B-UNION,bamec66557/VICIOUS_MESH-12B-UNION,bamec66557,0,True,,6.124,MistralForCausalLM,basemergesandmoerges,False,False,merge
bamec66557/VICIOUS_MESH-12B_Razor,bamec66557/VICIOUS_MESH-12B_Razor,bamec66557,0,True,,6.124,MistralForCausalLM,basemergesandmoerges,False,False,merge
bamec66557/mergekit-model_stock-zdaysvi,bamec66557/mergekit-model_stock-zdaysvi,bamec66557,0,True,,6.124,MistralForCausalLM,fine-tunedondomain-specificdatasets,False,False,base_removed
bamec66557/mergekit-ties-sinbkow,bamec66557/mergekit-ties-sinbkow,bamec66557,0,True,,6.124,MistralForCausalLM,basemergesandmoerges,False,False,merge
belztjti/dffghgjh,belztjti/dffghgjh,belztjti,0,True,,9.543,GlmForCausalLM,fine-tunedondomain-specificdatasets,False,False,base_removed
belztjti/dtfgv,belztjti/dtfgv,belztjti,0,True,,9.543,Qwen2ForCausalLM,fine-tunedondomain-specificdatasets,False,False,base_removed
benhaotang/phi4-qwq-sky-t1,benhaotang/phi4-qwq-sky-t1 (Merge),benhaotang,1,False,2025-01,14.66,LlamaForCausalLM,basemergesandmoerges,False,False,merge
beomi/gemma-mling-7b,beomi/gemma-mling-7b,beomi,0,True,2024-04,8.538,GemmaForCausalLM,continuouslypretrained,False,True,
beowolx/CodeNinja-1.0-OpenChat-7B,beowolx/CodeNinja-1.0-OpenChat-7B,beowolx,0,False,2023-12,7.242,MistralForCausalLM,fine-tunedondomain-specificdatasets,False,True,
berkeley-nest/Starling-LM-7B-alpha,berkeley-nest/Starling-LM-7B-alpha,berkeley-nest,0,False,2023-11,7.242,MistralForCausalLM,chatmodels,False,True,
bfuzzy1/Gunny,bfuzzy1/Gunny,bfuzzy1,0,False,2024-11,3.213,LlamaForCausalLM,fine-tunedondomain-specificdatasets,False,True,
bfuzzy1/acheron,bfuzzy1/acheron (Merge),bfuzzy1,1,False,2024-10,0.514,LlamaForCausalLM,basemergesandmoerges,False,False,merge
bfuzzy1/acheron-c,bfuzzy1/acheron-c (Merge),bfuzzy1,1,False,2024-12,0.514,LlamaForCausalLM,basemergesandmoerges,False,False,merge
bfuzzy1/acheron-d,bfuzzy1/acheron-d (Merge),bfuzzy1,1,False,2025-01,0.514,LlamaForCausalLM,basemergesandmoerges,False,False,merge
bfuzzy1/acheron-m,bfuzzy1/acheron-d (Merge),bfuzzy1,1,False,2025-01,0.514,LlamaForCausalLM,fine-tunedondomain-specificdatasets,False,False,merge
bfuzzy1/acheron-m1a-llama,bfuzzy1/acheron-d (Merge),bfuzzy1,1,False,2025-01,0.514,LlamaForCausalLM,fine-tunedondomain-specificdatasets,False,False,merge
bfuzzy1/llambses-1,bfuzzy1/llambses-1 (Merge),bfuzzy1,1,False,2024-10,7.242,MistralForCausalLM,basemergesandmoerges,False,False,merge
bhuvneshsaini/merged_model,bhuvneshsaini/merged_model,bhuvneshsaini,0,False,2024-12,4.715,LlamaForCausalLM,fine-tunedondomain-specificdatasets,False,True,
bigcode/starcoder2-15b,bigcode/starcoder2-15b,bigcode,0,True,2024-02,15.958,Starcoder2ForCausalLM,pretrained,False,True,
bigcode/starcoder2-3b,bigcode/starcoder2-3b,bigcode,0,True,2023-11,3.03,Starcoder2ForCausalLM,pretrained,False,True,
bigcode/starcoder2-7b,bigcode/starcoder2-7b,bigcode,0,True,2024-02,7.174,Starcoder2ForCausalLM,pretrained,False,True,
bigscience/bloom-1b1,bigscience/bloom-1b1,bigscience,0,True,2022-05,1.065,BloomForCausalLM,pretrained,False,True,
bigscience/bloom-1b7,bigscience/bloom-1b7,bigscience,0,True,2022-05,1.722,BloomForCausalLM,pretrained,False,True,
bigscience/bloom-3b,bigscience/bloom-3b,bigscience,0,True,2022-05,3.003,BloomForCausalLM,pretrained,False,True,
bigscience/bloom-560m,bigscience/bloom-560m,bigscience,0,True,2022-05,0.559,BloomForCausalLM,pretrained,False,True,
bigscience/bloom-7b1,bigscience/bloom-7b1,bigscience,0,True,2022-05,7.069,BloomForCausalLM,pretrained,False,True,
bluuwhale/L3-SthenoMaid-8B-V1,bluuwhale/L3-SthenoMaid-8B-V1 (Merge),bluuwhale,1,False,2024-06,8.03,LlamaForCausalLM,basemergesandmoerges,False,False,merge
bond005/meno-tiny-0.1,bond005/meno-tiny-0.1 (Merge),bond005,1,False,2024-11,1.544,Qwen2ForCausalLM,fine-tunedondomain-specificdatasets,False,False,merge
bosonai/Higgs-Llama-3-70B,meta-llama/Meta-Llama-3-70B,meta-llama,1,True,2024-06,70.554,LlamaForCausalLM,chatmodels,False,True,
braindao/DeepSeek-R1-Distill-Qwen-1.5B-Blunt,braindao/DeepSeek-R1-Distill-Qwen-1.5B-Blunt,braindao,0,False,2025-02,1.777,Qwen2ForCausalLM,fine-tunedondomain-specificdatasets,False,True,
braindao/DeepSeek-R1-Distill-Qwen-1.5B-Reflective,braindao/DeepSeek-R1-Distill-Qwen-1.5B-Reflective,braindao,0,False,2025-02,1.777,Qwen2ForCausalLM,fine-tunedondomain-specificdatasets,False,True,
braindao/DeepSeek-R1-Distill-Qwen-14B,braindao/DeepSeek-R1-Distill-Qwen-14B,braindao,0,False,2025-03,14.77,Qwen2ForCausalLM,fine-tunedondomain-specificdatasets,False,True,
braindao/DeepSeek-R1-Distill-Qwen-14B-ABUB-ST,braindao/DeepSeek-R1-Distill-Qwen-14B-Blunt-Uncensored-Blunt,braindao,1,False,2025-03,14.77,Qwen2ForCausalLM,fine-tunedondomain-specificdatasets,False,True,
braindao/DeepSeek-R1-Distill-Qwen-14B-Blunt,braindao/DeepSeek-R1-Distill-Qwen-14B-Blunt,braindao,0,False,2025-02,14.77,Qwen2ForCausalLM,fine-tunedondomain-specificdatasets,False,True,
braindao/DeepSeek-R1-Distill-Qwen-14B-Blunt-Uncensored,braindao/DeepSeek-R1-Distill-Qwen-14B-Blunt-Uncensored,braindao,0,False,2025-02,14.77,Qwen2ForCausalLM,fine-tunedondomain-specificdatasets,False,True,
braindao/DeepSeek-R1-Distill-Qwen-14B-Blunt-Uncensored-Blunt,braindao/DeepSeek-R1-Distill-Qwen-14B-Blunt-Uncensored-Blunt,braindao,0,False,2025-02,14.77,Qwen2ForCausalLM,fine-tunedondomain-specificdatasets,False,True,
braindao/DeepSeek-R1-Distill-Qwen-14B-Blunt-Uncensored-Blunt-Reflective,braindao/DeepSeek-R1-Distill-Qwen-14B-Blunt-Uncensored-Blunt-Reflective,braindao,0,False,2025-03,14.77,Qwen2ForCausalLM,fine-tunedondomain-specificdatasets,False,True,
braindao/DeepSeek-R1-Distill-Qwen-14B-Blunt-Uncensored-Reflective,braindao/DeepSeek-R1-Distill-Qwen-14B-Blunt-Uncensored-Reflective,braindao,0,False,2025-03,14.77,Qwen2ForCausalLM,fine-tunedondomain-specificdatasets,False,True,
braindao/DeepSeek-R1-Distill-Qwen-14B-Reflective,braindao/DeepSeek-R1-Distill-Qwen-14B-Reflective,braindao,0,False,2025-02,14.77,Qwen2ForCausalLM,fine-tunedondomain-specificdatasets,False,True,
braindao/DeepSeek-R1-Distill-Qwen-7B,braindao/DeepSeek-R1-Distill-Qwen-7B,braindao,0,False,2025-03,7.616,Qwen2ForCausalLM,fine-tunedondomain-specificdatasets,False,True,
braindao/DeepSeek-R1-Distill-Qwen-7B-Blunt,braindao/DeepSeek-R1-Distill-Qwen-7B-Blunt,braindao,0,False,2025-02,7.616,Qwen2ForCausalLM,fine-tunedondomain-specificdatasets,False,True,
braindao/DeepSeek-R1-Distill-Qwen-7B-ORPO-Uncensored,deepseek-ai/DeepSeek-R1-Distill-Qwen-7B,deepseek-ai,1,False,2025-03,7.616,Qwen2ForCausalLM,fine-tunedondomain-specificdatasets,False,True,
braindao/DeepSeek-R1-Distill-Qwen-7B-Reflective,braindao/DeepSeek-R1-Distill-Qwen-7B-Reflective,braindao,0,False,2025-02,7.616,Qwen2ForCausalLM,fine-tunedondomain-specificdatasets,False,True,
braindao/Qwen2.5-14B,braindao/Qwen2.5-14B,braindao,0,True,2025-03,14.77,Qwen2ForCausalLM,pretrained,False,True,
braindao/Qwen2.5-14B-Instruct,Qwen/Qwen2.5-14B,Qwen,1,True,2025-03,14.77,Qwen2ForCausalLM,chatmodels,False,True,
braindao/iq-code-evmind-0.5b,braindao/iq-code-evmind-0.5b-instruct-v0.2411.4,braindao,1,False,2024-12,0.494,Qwen2ForCausalLM,fine-tunedondomain-specificdatasets,False,True,
brgx53/3Bgeneral-ECE-PRYMMAL-Martial,brgx53/3Bgeneral-ECE-PRYMMAL-Martial (Merge),brgx53,1,False,2024-10,3.821,Phi3ForCausalLM,basemergesandmoerges,False,False,merge
brgx53/3Bgeneralv2-ECE-PRYMMAL-Martial,brgx53/3Bgeneralv2-ECE-PRYMMAL-Martial (Merge),brgx53,1,False,2024-11,3.0,Qwen2ForCausalLM,basemergesandmoerges,False,False,merge
brgx53/3Blareneg-ECE-PRYMMAL-Martial,brgx53/3Blareneg-ECE-PRYMMAL-Martial (Merge),brgx53,1,False,2024-10,3.821,Phi3ForCausalLM,basemergesandmoerges,False,False,merge
brgx53/3Blarenegv2-ECE-PRYMMAL-Martial,brgx53/3Blarenegv2-ECE-PRYMMAL-Martial (Merge),brgx53,1,False,2024-11,7.616,Qwen2ForCausalLM,basemergesandmoerges,False,False,merge
brgx53/Barracuda-PRYMMAL-ECE-TW3,brgx53/Barracuda-PRYMMAL-ECE-TW3,brgx53,0,False,2025-03,1.544,Qwen2ForCausalLM,basemergesandmoerges,False,False,merge
brgx53/LaConfiance-PRYMMAL-ECE-TW3,brgx53/LaConfiance-PRYMMAL-ECE-TW3,brgx53,0,False,2025-03,1.777,Qwen2ForCausalLM,basemergesandmoerges,False,False,merge
bunnycore/Best-Mix-Llama-3.1-8B,bunnycore/Best-Mix-Llama-3.1-8B,bunnycore,0,True,,8.03,LlamaForCausalLM,basemergesandmoerges,False,False,merge
bunnycore/Blabbertron-1.0,bunnycore/Blabbertron-1.0 (Merge),bunnycore,1,False,2025-03,7.613,Qwen2ForCausalLM,basemergesandmoerges,False,False,merge
bunnycore/Blabbertron-1.1,bunnycore/Blabbertron-1.1 (Merge),bunnycore,1,False,2025-03,7.613,Qwen2ForCausalLM,basemergesandmoerges,False,False,merge
bunnycore/CyberCore-Qwen-2.1-7B,bunnycore/CyberCore-Qwen-2.1-7B (Merge),bunnycore,1,False,2024-11,7.616,Qwen2ForCausalLM,basemergesandmoerges,False,False,merge
bunnycore/DeepQwen-3B-LCoT-SCE,bunnycore/DeepQwen-3B-LCoT-SCE (Merge),bunnycore,1,False,2025-02,3.396,Qwen2ForCausalLM,basemergesandmoerges,False,False,merge
bunnycore/DeepSeek-R1-Distill-Qwen-7B-RRP-Ex,bunnycore/DeepSeek-R1-Distill-Qwen-7B-RRP-Ex,bunnycore,0,True,,7.616,Qwen2ForCausalLM,chatmodels,False,False,base_removed
bunnycore/DeepThinker-7B-Sce-v1,bunnycore/DeepThinker-7B-Sce-v1,bunnycore,0,True,,7.613,Qwen2ForCausalLM,basemergesandmoerges,False,False,merge
bunnycore/DeepThinker-7B-Sce-v2,bunnycore/DeepThinker-7B-Sce-v2 (Merge),bunnycore,1,False,2025-02,7.613,Qwen2ForCausalLM,basemergesandmoerges,False,False,merge
bunnycore/FuseCyberMix-Qwen-2.5-7B-Instruct,bunnycore/FuseCyberMix-Qwen-2.5-7B-Instruct (Merge),bunnycore,1,False,2024-12,7.616,Qwen2ForCausalLM,basemergesandmoerges,False,False,merge
bunnycore/FuseQwQen-7B,bunnycore/FuseQwQen-7B (Merge),bunnycore,1,False,2024-12,7.616,Qwen2ForCausalLM,basemergesandmoerges,False,False,merge
bunnycore/FwF-Qwen-7B-0.1,bunnycore/FwF-Qwen-7B-0.1 (Merge),bunnycore,1,False,2025-01,7.616,Qwen2ForCausalLM,basemergesandmoerges,False,False,merge
bunnycore/FwF-Qwen-7B-0.2,bunnycore/FwF-Qwen-7B-0.2 (Merge),bunnycore,1,False,2025-01,7.616,Qwen2ForCausalLM,basemergesandmoerges,False,False,merge
bunnycore/Gemma-2-2B-Smart,bunnycore/Gemma-2-2B-Smart (Merge),bunnycore,1,False,2025-01,2.614,Gemma2ForCausalLM,fine-tunedondomain-specificdatasets,False,False,merge
bunnycore/Gemma2-9B-TitanFusion,bunnycore/Gemma2-9B-TitanFusion (Merge),bunnycore,1,False,2024-09,10.159,Gemma2ForCausalLM,basemergesandmoerges,False,False,merge
bunnycore/HyperLlama-3.1-8B,bunnycore/HyperLlama-3.1-8B,bunnycore,0,False,2024-09,8.03,LlamaForCausalLM,basemergesandmoerges,False,False,merge
bunnycore/Llama-3.1-8B-TitanFusion-Mix,bunnycore/Llama-3.1-8B-TitanFusion-Mix (Merge),bunnycore,1,False,2024-09,8.03,LlamaForCausalLM,basemergesandmoerges,False,False,merge
bunnycore/Llama-3.1-8B-TitanFusion-v3,bunnycore/Llama-3.1-8B-TitanFusion-v3 (Merge),bunnycore,1,False,2024-09,8.03,LlamaForCausalLM,basemergesandmoerges,False,False,merge
bunnycore/Llama-3.2-3B-All-Mix,bunnycore/Llama-3.2-3B-All-Mix (Merge),bunnycore,1,False,2024-10,3.607,LlamaForCausalLM,basemergesandmoerges,False,False,merge
bunnycore/Llama-3.2-3B-Bespoke-Thought,bunnycore/Llama-3.2-3B-Bespoke-Thought (Merge),bunnycore,1,False,2025-02,3.213,LlamaForCausalLM,fine-tunedondomain-specificdatasets,False,False,merge
bunnycore/Llama-3.2-3B-Booval,bunnycore/Llama-3.2-3B-Booval (Merge),bunnycore,1,False,2024-10,3.213,LlamaForCausalLM,fine-tunedondomain-specificdatasets,False,False,merge
bunnycore/Llama-3.2-3B-Deep-Test,bunnycore/Llama-3.2-3B-Deep-Test (Merge),bunnycore,1,False,2025-01,1.803,LlamaForCausalLM,basemergesandmoerges,False,False,merge
bunnycore/Llama-3.2-3B-Della,bunnycore/Llama-3.2-3B-Della,bunnycore,0,True,,3.607,LlamaForCausalLM,basemergesandmoerges,False,False,merge
bunnycore/Llama-3.2-3B-Long-Think,bunnycore/Llama-3.2-3B-Long-Think (Merge),bunnycore,1,False,2024-10,3.213,LlamaForCausalLM,fine-tunedondomain-specificdatasets,False,False,merge
bunnycore/Llama-3.2-3B-Mix-Skill,bunnycore/Llama-3.2-3B-Mix-Skill (Merge),bunnycore,1,False,2024-10,3.607,LlamaForCausalLM,fine-tunedondomain-specificdatasets,False,False,merge
bunnycore/Llama-3.2-3B-ProdigyPlus,bunnycore/Llama-3.2-3B-ProdigyPlus (Merge),bunnycore,1,False,2024-10,3.607,LlamaForCausalLM,fine-tunedondomain-specificdatasets,False,False,merge
bunnycore/Llama-3.2-3B-ProdigyPlusPlus,bunnycore/Llama-3.2-3B-ProdigyPlusPlus (Merge),bunnycore,1,False,2024-10,3.607,LlamaForCausalLM,fine-tunedondomain-specificdatasets,False,False,merge
bunnycore/Llama-3.2-3B-RP-DeepThink,bunnycore/Llama-3.2-3B-RP-DeepThink (Merge),bunnycore,1,False,2024-12,3.607,LlamaForCausalLM,basemergesandmoerges,False,False,merge
bunnycore/Llama-3.2-3B-RRStock,bunnycore/Llama-3.2-3B-RRStock (Merge),bunnycore,1,False,2025-02,3.607,LlamaForCausalLM,basemergesandmoerges,False,False,merge
bunnycore/Llama-3.2-3B-ToxicKod,bunnycore/Llama-3.2-3B-ToxicKod (Merge),bunnycore,1,False,2025-03,3.213,LlamaForCausalLM,basemergesandmoerges,False,False,merge
bunnycore/Llama-3.2-3b-RP-Toxic-Fuse,bunnycore/Llama-3.2-3b-RP-Toxic-Fuse (Merge),bunnycore,1,False,2025-03,3.213,LlamaForCausalLM,basemergesandmoerges,False,False,merge
bunnycore/Maestro-S1k-7B-Sce,bunnycore/Maestro-S1k-7B-Sce (Merge),bunnycore,1,False,2025-02,7.613,Qwen2ForCausalLM,basemergesandmoerges,False,False,merge
bunnycore/Phi-3.5-mini-TitanFusion-0.1,bunnycore/Phi-3.5-mini-TitanFusion-0.1 (Merge),bunnycore,1,False,2024-10,3.821,Phi3ForCausalLM,basemergesandmoerges,False,False,merge
bunnycore/Phi-4-Model-Stock,bunnycore/Phi-4-Model-Stock (Merge),bunnycore,1,False,2025-01,14.66,LlamaForCausalLM,basemergesandmoerges,False,False,merge
bunnycore/Phi-4-Model-Stock-v2,bunnycore/Phi-4-Model-Stock-v2 (Merge),bunnycore,1,False,2025-01,14.66,LlamaForCausalLM,basemergesandmoerges,False,False,merge
bunnycore/Phi-4-Model-Stock-v3,bunnycore/Phi-4-Model-Stock-v3 (Merge),bunnycore,1,False,2025-01,14.66,LlamaForCausalLM,basemergesandmoerges,False,False,merge
bunnycore/Phi-4-Model-Stock-v4,bunnycore/Phi-4-Model-Stock-v4 (Merge),bunnycore,1,False,2025-01,14.66,LlamaForCausalLM,basemergesandmoerges,False,False,merge
bunnycore/Phi-4-RP-v0,bunnycore/Phi-4-RP-v0 (Merge),bunnycore,1,False,2025-01,14.66,Phi3ForCausalLM,basemergesandmoerges,False,False,merge
bunnycore/Phi-4-RR-Shoup,bunnycore/Phi-4-RR-Shoup (Merge),bunnycore,1,False,2025-02,14.66,LlamaForCausalLM,basemergesandmoerges,False,False,merge
bunnycore/Phi-4-RStock-v0.1,bunnycore/Phi-4-RStock-v0.1 (Merge),bunnycore,1,False,2025-02,14.66,LlamaForCausalLM,basemergesandmoerges,False,False,merge
bunnycore/Phi-4-ReasoningRP,bunnycore/Phi-4-ReasoningRP (Merge),bunnycore,1,False,2025-01,14.66,LlamaForCausalLM,fine-tunedondomain-specificdatasets,False,False,merge
bunnycore/Phi-4-Sce-exp-v0.1,bunnycore/Phi-4-Sce-exp-v0.1 (Merge),bunnycore,1,False,2025-02,14.66,LlamaForCausalLM,basemergesandmoerges,False,False,merge
bunnycore/Phi-4-Stock-Ex,bunnycore/Phi-4-Stock-Ex (Merge),bunnycore,1,False,2025-01,14.66,LlamaForCausalLM,basemergesandmoerges,False,False,merge
bunnycore/Phi-4-Stock-RP,bunnycore/Phi-4-Stock-RP (Merge),bunnycore,1,False,2025-01,14.66,LlamaForCausalLM,fine-tunedondomain-specificdatasets,False,False,merge
bunnycore/Phi-4-Trim-Exp1,bunnycore/Phi-4-Trim-Exp1 (Merge),bunnycore,1,False,2025-02,7.503,LlamaForCausalLM,basemergesandmoerges,False,False,merge
bunnycore/Phi-Seek-4-Sce-V1,bunnycore/Phi-Seek-4-Sce-V1,bunnycore,0,True,,14.66,LlamaForCausalLM,basemergesandmoerges,False,False,merge
bunnycore/Qandora-2.5-7B-Creative,bunnycore/Qandora-2.5-7B-Creative (Merge),bunnycore,1,False,2024-11,7.616,Qwen2ForCausalLM,basemergesandmoerges,False,False,merge
bunnycore/QandoraExp-7B,bunnycore/QandoraExp-7B (Merge),bunnycore,1,False,2024-11,7.616,Qwen2ForCausalLM,basemergesandmoerges,False,False,merge
bunnycore/QandoraExp-7B-Persona,bunnycore/QandoraExp-7B-Persona (Merge),bunnycore,1,False,2024-11,7.616,Qwen2ForCausalLM,basemergesandmoerges,False,False,merge
bunnycore/QandoraExp-7B-v2,bunnycore/QandoraExp-7B-v2 (Merge),bunnycore,1,False,2024-11,7.616,Qwen2ForCausalLM,basemergesandmoerges,False,False,merge
bunnycore/QwQen-3B-LCoT,bunnycore/QwQen-3B-LCoT (Merge),bunnycore,1,False,2024-12,3.397,Qwen2ForCausalLM,basemergesandmoerges,False,False,merge
bunnycore/QwQen-3B-LCoT-R1,bunnycore/QwQen-3B-LCoT-R1 (Merge),bunnycore,1,False,2025-02,3.085,Qwen2ForCausalLM,fine-tunedondomain-specificdatasets,False,False,merge
bunnycore/Qwen-2.5-7B-Deep-Sky-T1,bunnycore/Qwen-2.5-7B-Deep-Sky-T1 (Merge),bunnycore,1,False,2025-02,7.613,Qwen2ForCausalLM,basemergesandmoerges,False,False,merge
bunnycore/Qwen-2.5-7B-Deep-Stock-v1,bunnycore/Qwen-2.5-7B-Deep-Stock-v1 (Merge),bunnycore,1,False,2025-01,7.613,Qwen2ForCausalLM,basemergesandmoerges,False,False,merge
bunnycore/Qwen-2.5-7B-Deep-Stock-v4,bunnycore/Qwen-2.5-7B-Deep-Stock-v4 (Merge),bunnycore,1,False,2025-01,7.613,Qwen2ForCausalLM,basemergesandmoerges,False,False,merge
bunnycore/Qwen-2.5-7B-Deep-Stock-v5,bunnycore/Qwen-2.5-7B-Deep-Stock-v5 (Merge),bunnycore,1,False,2025-02,7.613,Qwen2ForCausalLM,basemergesandmoerges,False,False,merge
bunnycore/Qwen-2.5-7B-Exp-Sce,bunnycore/Qwen-2.5-7B-Exp-Sce (Merge),bunnycore,1,False,2025-02,7.613,Qwen2ForCausalLM,basemergesandmoerges,False,False,merge
bunnycore/Qwen-2.5-7B-R1-Stock,bunnycore/Qwen-2.5-7B-R1-Stock (Merge),bunnycore,1,False,2025-01,7.613,Qwen2ForCausalLM,basemergesandmoerges,False,False,merge
bunnycore/Qwen-2.5-7B-Stock-Deep-Bespoke,bunnycore/Qwen-2.5-7B-Stock-Deep-Bespoke (Merge),bunnycore,1,False,2025-01,7.613,Qwen2ForCausalLM,basemergesandmoerges,False,False,merge
bunnycore/Qwen-2.5-7b-S1k,bunnycore/Qwen-2.5-7b-S1k (Merge),bunnycore,1,False,2025-02,7.613,Qwen2ForCausalLM,fine-tunedondomain-specificdatasets,False,False,merge
bunnycore/Qwen2.5-1.5B-Model-Stock,bunnycore/Qwen2.5-1.5B-Model-Stock,bunnycore,0,True,,1.776,Qwen2ForCausalLM,basemergesandmoerges,False,False,merge
bunnycore/Qwen2.5-3B-Model-Stock,bunnycore/Qwen2.5-3B-Model-Stock (Merge),bunnycore,1,False,2025-01,3.396,Qwen2ForCausalLM,basemergesandmoerges,False,False,merge
bunnycore/Qwen2.5-3B-Model-Stock-v2,bunnycore/Qwen2.5-3B-Model-Stock-v2 (Merge),bunnycore,1,False,2025-01,3.396,Qwen2ForCausalLM,basemergesandmoerges,False,False,merge
bunnycore/Qwen2.5-3B-Model-Stock-v3.1,bunnycore/Qwen2.5-3B-Model-Stock-v3.1 (Merge),bunnycore,1,False,2025-02,3.396,Qwen2ForCausalLM,basemergesandmoerges,False,False,merge
bunnycore/Qwen2.5-3B-Model-Stock-v3.2,bunnycore/Qwen2.5-3B-Model-Stock-v3.2 (Merge),bunnycore,1,False,2025-02,3.396,Qwen2ForCausalLM,fine-tunedondomain-specificdatasets,False,False,merge
bunnycore/Qwen2.5-3B-Model-Stock-v4.1,bunnycore/Qwen2.5-3B-Model-Stock-v4.1 (Merge),bunnycore,1,False,2025-02,3.396,Qwen2ForCausalLM,basemergesandmoerges,False,False,merge
bunnycore/Qwen2.5-3B-RP-Mix,bunnycore/Qwen2.5-3B-RP-Mix (Merge),bunnycore,1,False,2024-10,3.397,Qwen2ForCausalLM,fine-tunedondomain-specificdatasets,False,False,merge
bunnycore/Qwen2.5-3B-RP-Thinker,bunnycore/Qwen2.5-3B-RP-Thinker (Merge),bunnycore,1,False,2024-12,3.397,Qwen2ForCausalLM,basemergesandmoerges,False,False,merge
bunnycore/Qwen2.5-3B-RP-Thinker-V2,bunnycore/Qwen2.5-3B-RP-Thinker-V2 (Merge),bunnycore,1,False,2024-12,3.397,Qwen2ForCausalLM,basemergesandmoerges,False,False,merge
bunnycore/Qwen2.5-7B-CyberRombos,bunnycore/Qwen2.5-7B-CyberRombos (Merge),bunnycore,1,False,2024-11,7.616,Qwen2ForCausalLM,basemergesandmoerges,False,False,merge
bunnycore/Qwen2.5-7B-Fuse-Exp,bunnycore/Qwen2.5-7B-Fuse-Exp (Merge),bunnycore,1,False,2025-03,7.616,Qwen2ForCausalLM,basemergesandmoerges,False,False,merge
bunnycore/Qwen2.5-7B-Instruct-Fusion,bunnycore/Qwen2.5-7B-Instruct-Fusion (Merge),bunnycore,1,False,2024-10,7.616,Qwen2ForCausalLM,basemergesandmoerges,False,False,merge
bunnycore/Qwen2.5-7B-Instruct-Merge-Stock-v0.1,bunnycore/Qwen2.5-7B-Instruct-Merge-Stock-v0.1 (Merge),bunnycore,1,False,2025-03,7.613,Qwen2ForCausalLM,basemergesandmoerges,False,False,merge
bunnycore/Qwen2.5-7B-MixStock-Sce-V0.3,bunnycore/Qwen2.5-7B-MixStock-Sce-V0.3 (Merge),bunnycore,1,False,2025-02,7.613,Qwen2ForCausalLM,fine-tunedondomain-specificdatasets,False,False,merge
bunnycore/Qwen2.5-7B-MixStock-V0.1,bunnycore/Qwen2.5-7B-MixStock-V0.1 (Merge),bunnycore,1,False,2025-02,7.613,Qwen2ForCausalLM,basemergesandmoerges,False,False,merge
bunnycore/Qwen2.5-7B-R1-Bespoke-Stock,bunnycore/Qwen2.5-7B-R1-Bespoke-Stock (Merge),bunnycore,1,False,2025-01,7.613,Qwen2ForCausalLM,basemergesandmoerges,False,False,merge
bunnycore/Qwen2.5-7B-R1-Bespoke-Task,bunnycore/Qwen2.5-7B-R1-Bespoke-Task (Merge),bunnycore,1,False,2025-01,7.613,Qwen2ForCausalLM,basemergesandmoerges,False,False,merge
bunnycore/Qwen2.5-7B-RRP-1M,bunnycore/Qwen2.5-7B-RRP-1M (Merge),bunnycore,1,False,2025-01,7.613,Qwen2ForCausalLM,fine-tunedondomain-specificdatasets,False,False,merge
bunnycore/Qwen2.5-7B-RRP-1M-Thinker,bunnycore/Qwen2.5-7B-RRP-1M-Thinker (Merge),bunnycore,1,False,2025-02,7.613,Qwen2ForCausalLM,basemergesandmoerges,False,False,merge
bunnycore/Qwen2.5-7B-RRP-ID,bunnycore/Qwen2.5-7B-RRP-ID,bunnycore,0,True,,7.616,Qwen2ForCausalLM,fine-tunedondomain-specificdatasets,False,False,base_removed
bunnycore/Qwen2.5-7B-Sky-R1-Mini,bunnycore/Qwen2.5-7B-Sky-R1-Mini (Merge),bunnycore,1,False,2025-02,7.616,Qwen2ForCausalLM,basemergesandmoerges,False,False,merge
bunnycore/QwenMosaic-7B,bunnycore/QwenMosaic-7B (Merge),bunnycore,1,False,2024-12,7.616,Qwen2ForCausalLM,basemergesandmoerges,False,False,merge
bunnycore/Smol-Llama-3.2-3B,bunnycore/Smol-Llama-3.2-3B (Merge),bunnycore,1,False,2024-12,3.607,LlamaForCausalLM,basemergesandmoerges,False,False,merge
bunnycore/SmolLM2-1.7-Persona,bunnycore/SmolLM2-1.7-Persona,bunnycore,0,False,2024-11,1.711,LlamaForCausalLM,fine-tunedondomain-specificdatasets,False,False,merge
bunnycore/SmolLM2-1.7B-roleplay-lora,HuggingFaceTB/SmolLM2-1.7B-Instruct (Merge),HuggingFaceTB,1,False,2024-11,3.423,?,fine-tunedondomain-specificdatasets,False,False,merge
bunnycore/Tulu-3.1-8B-SuperNova,bunnycore/Tulu-3.1-8B-SuperNova (Merge),bunnycore,1,False,2024-11,8.03,LlamaForCausalLM,basemergesandmoerges,False,False,merge
byroneverson/Mistral-Small-Instruct-2409-abliterated,mistralai/Mistral-Small-Instruct-2409,mistralai,1,False,2024-09,22.247,MistralForCausalLM,fine-tunedondomain-specificdatasets,False,True,
byroneverson/Yi-1.5-9B-Chat-16K-abliterated,01-ai/Yi-1.5-9B-Chat-16K,01-ai,1,False,2024-09,8.829,LlamaForCausalLM,chatmodels,False,True,
byroneverson/Yi-1.5-9B-Chat-abliterated,01-ai/Yi-1.5-9B-Chat,01-ai,1,False,2024-09,8.829,LlamaForCausalLM,fine-tunedondomain-specificdatasets,False,True,
c10x/Q-Pluse,c10x/Q-Pluse,c10x,0,True,,7.616,Qwen2ForCausalLM,basemergesandmoerges,False,False,merge
c10x/longthinker,c10x/longthinker,c10x,0,True,,8.03,LlamaForCausalLM,basemergesandmoerges,False,False,merge
carsenk/flippa-v6,meta-llama/Meta-Llama-3.1-8B,meta-llama,1,False,2024-08,16.061,?,fine-tunedondomain-specificdatasets,False,True,
carsenk/phi3.5_mini_exp_825_uncensored,microsoft/Phi-3.5-mini-instruct,microsoft,1,False,2024-08,3.821,LlamaForCausalLM,fine-tunedondomain-specificdatasets,False,True,
cat-searcher/gemma-2-9b-it-sppo-iter-1,cat-searcher/gemma-2-9b-it-sppo-iter-1,cat-searcher,0,True,,9.242,Gemma2ForCausalLM,chatmodels,False,False,base_removed
cat-searcher/gemma-2-9b-it-sppo-iter-1-evol-1,cat-searcher/gemma-2-9b-it-sppo-iter-1-evol-1,cat-searcher,0,True,,9.242,Gemma2ForCausalLM,chatmodels,False,False,base_removed
cckm/tinymistral_950m,cckm/tinymistral_950m (Merge),cckm,1,False,2025-01,0.955,MistralForCausalLM,pretrained,False,False,merge
cgato/TheSalt-L3-8b-v0.3.2,cgato/TheSalt-L3-8b-v0.3.2,cgato,0,False,2024-06,8.03,LlamaForCausalLM,fine-tunedondomain-specificdatasets,False,True,
chargoddard/prometheus-2-llama-3-8b,chargoddard/prometheus-2-llama-3-8b (Merge),chargoddard,1,False,2024-05,8.03,LlamaForCausalLM,fine-tunedondomain-specificdatasets,False,False,merge
chujiezheng/Llama-3-Instruct-8B-SimPO-ExPO,chujiezheng/Llama-3-Instruct-8B-SimPO-ExPO,chujiezheng,0,False,2024-05,8.03,LlamaForCausalLM,fine-tunedondomain-specificdatasets,False,True,
chujiezheng/Mistral7B-PairRM-SPPO-ExPO,chujiezheng/Mistral7B-PairRM-SPPO-ExPO,chujiezheng,0,False,2024-05,7.242,MistralForCausalLM,fine-tunedondomain-specificdatasets,False,True,
cjvt/GaMS-1B,cjvt/GaMS-1B,cjvt,0,True,2024-09,1.54,OPTForCausalLM,continuouslypretrained,False,True,
cloudyu/Llama-3-70Bx2-MOE,cloudyu/Llama-3-70Bx2-MOE,cloudyu,0,False,2024-05,126.926,MixtralForCausalLM,fine-tunedondomain-specificdatasets,True,True,
cloudyu/Llama-3.2-3Bx4,cloudyu/Llama-3.2-3Bx4,cloudyu,0,True,,9.949,MixtralForCausalLM,fine-tunedondomain-specificdatasets,False,False,base_removed
cloudyu/Mixtral_11Bx2_MoE_19B,cloudyu/Mixtral_11Bx2_MoE_19B,cloudyu,0,False,2023-12,19.188,MixtralForCausalLM,fine-tunedondomain-specificdatasets,True,True,
cloudyu/Mixtral_34Bx2_MoE_60B,cloudyu/Mixtral_34Bx2_MoE_60B,cloudyu,0,False,2024-01,60.814,MixtralForCausalLM,basemergesandmoerges,True,False,merge
cloudyu/Mixtral_7Bx2_MoE,cloudyu/Mixtral_7Bx2_MoE,cloudyu,0,False,2023-12,12.879,MixtralForCausalLM,fine-tunedondomain-specificdatasets,True,True,
cloudyu/S1-Llama-3.2-3Bx4-MoE,cloudyu/S1-Llama-3.2-3Bx4-MoE,cloudyu,0,False,2025-02,9.555,MixtralForCausalLM,fine-tunedondomain-specificdatasets,True,True,
cloudyu/Yi-34Bx2-MoE-60B-DPO,cloudyu/Yi-34Bx2-MoE-60B-DPO,cloudyu,0,False,2024-01,60.814,MixtralForCausalLM,chatmodels,True,True,
cluebbers/Llama-3.1-8B-paraphrase-type-generation-apty-ipo,cluebbers/Llama-3.1-8B-paraphrase-type-generation-apty-ipo (Merge),cluebbers,1,False,2024-11,8.03,LlamaForCausalLM,chatmodels,False,False,merge
cluebbers/Llama-3.1-8B-paraphrase-type-generation-apty-sigmoid,cluebbers/Llama-3.1-8B-paraphrase-type-generation-apty-sigmoid (Merge),cluebbers,1,False,2024-11,8.03,LlamaForCausalLM,chatmodels,False,False,merge
cluebbers/Llama-3.1-8B-paraphrase-type-generation-etpc,cluebbers/Llama-3.1-8B-paraphrase-type-generation-etpc (Merge),cluebbers,1,False,2024-11,8.03,LlamaForCausalLM,chatmodels,False,False,merge
cognitivecomputations/Dolphin3.0-Llama3.1-8B,cognitivecomputations/Dolphin3.0-Llama3.1-8B (Merge),cognitivecomputations,1,False,2024-12,8.03,LlamaForCausalLM,fine-tunedondomain-specificdatasets,False,False,merge
cognitivecomputations/Dolphin3.0-Llama3.2-1B,cognitivecomputations/Dolphin3.0-Llama3.2-1B (Merge),cognitivecomputations,1,False,2024-12,1.236,LlamaForCausalLM,fine-tunedondomain-specificdatasets,False,False,merge
cognitivecomputations/Dolphin3.0-Qwen2.5-0.5B,cognitivecomputations/Dolphin3.0-Qwen2.5-0.5B (Merge),cognitivecomputations,1,False,2024-12,0.494,Qwen2ForCausalLM,fine-tunedondomain-specificdatasets,False,False,merge
cognitivecomputations/Dolphin3.0-R1-Mistral-24B,cognitivecomputations/Dolphin3.0-R1-Mistral-24B (Merge),cognitivecomputations,1,False,2025-02,23.572,MistralForCausalLM,chatmodels,False,False,merge
cognitivecomputations/dolphin-2.9-llama3-8b,meta-llama/Meta-Llama-3-8B,meta-llama,1,True,2024-04,8.03,LlamaForCausalLM,chatmodels,False,True,
cognitivecomputations/dolphin-2.9.1-llama-3-70b,meta-llama/Meta-Llama-3-70B,meta-llama,1,True,2024-05,70.554,LlamaForCausalLM,chatmodels,False,True,
cognitivecomputations/dolphin-2.9.1-yi-1.5-34b,01-ai/Yi-1.5-34B,01-ai,1,True,2024-05,34.389,LlamaForCausalLM,fine-tunedondomain-specificdatasets,False,True,
cognitivecomputations/dolphin-2.9.1-yi-1.5-9b,01-ai/Yi-1.5-9B,01-ai,1,True,2024-05,8.829,LlamaForCausalLM,fine-tunedondomain-specificdatasets,False,True,
cognitivecomputations/dolphin-2.9.2-Phi-3-Medium,cognitivecomputations/dolphin-2.9.2-Phi-3-Medium (Merge),cognitivecomputations,1,False,2024-05,-1.0,MistralForCausalLM,chatmodels,False,False,merge
cognitivecomputations/dolphin-2.9.2-Phi-3-Medium-abliterated,cognitivecomputations/dolphin-2.9.2-Phi-3-Medium-abliterated (Merge),cognitivecomputations,1,False,2024-06,13.96,MistralForCausalLM,fine-tunedondomain-specificdatasets,False,False,merge
cognitivecomputations/dolphin-2.9.2-qwen2-72b,Qwen/Qwen2-72B,Qwen,1,True,2024-05,72.0,Qwen2ForCausalLM,fine-tunedondomain-specificdatasets,False,True,
cognitivecomputations/dolphin-2.9.2-qwen2-7b,Qwen/Qwen2-7B,Qwen,1,True,2024-05,7.616,Qwen2ForCausalLM,chatmodels,False,True,
cognitivecomputations/dolphin-2.9.3-Yi-1.5-34B-32k,01-ai/Yi-1.5-34B-32k,01-ai,1,False,2024-06,34.0,LlamaForCausalLM,fine-tunedondomain-specificdatasets,False,True,
cognitivecomputations/dolphin-2.9.3-mistral-7B-32k,mistralai/Mistral-7B-v0.3,mistralai,1,True,2024-06,7.248,MistralForCausalLM,chatmodels,False,True,
cognitivecomputations/dolphin-2.9.3-mistral-nemo-12b,mistralai/Mistral-Nemo-Base-2407,mistralai,1,True,2024-07,12.248,MistralForCausalLM,fine-tunedondomain-specificdatasets,False,True,
cognitivecomputations/dolphin-2.9.4-gemma2-2b,google/gemma-2-2b,google,1,True,2024-08,2.614,Gemma2ForCausalLM,chatmodels,False,True,
cognitivecomputations/dolphin-2.9.4-llama3.1-8b,meta-llama/Meta-Llama-3.1-8B,meta-llama,1,False,2024-08,8.03,LlamaForCausalLM,fine-tunedondomain-specificdatasets,False,True,
collaiborateorg/Collaiborator-MEDLLM-Llama-3-8B-v2,collaiborateorg/Collaiborator-MEDLLM-Llama-3-8B-v2,collaiborateorg,0,True,,8.03,LlamaForCausalLM,fine-tunedondomain-specificdatasets,False,False,base_removed
cpayne1303/cp2024,cpayne1303/cp2024,cpayne1303,0,True,2024-11,0.031,LlamaForCausalLM,pretrained,False,True,
cpayne1303/cp2024-instruct,cpayne1303/cp2024,cpayne1303,1,True,2024-11,0.031,LlamaForCausalLM,continuouslypretrained,False,True,
cpayne1303/llama-43m-beta,JackFram/llama-68m,JackFram,1,True,2024-11,0.043,LlamaForCausalLM,continuouslypretrained,False,True,
cpayne1303/smallcp2024,cpayne1303/smallcp2024,cpayne1303,0,True,2024-11,0.002,LlamaForCausalLM,pretrained,False,True,
crestf411/MN-Slush,crestf411/MN-Slush (Merge),crestf411,1,False,2024-11,12.248,MistralForCausalLM,continuouslypretrained,False,False,merge
cstr/llama3.1-8b-spaetzle-v90,cstr/llama3.1-8b-spaetzle-v90 (Merge),cstr,1,False,2024-09,8.03,LlamaForCausalLM,basemergesandmoerges,False,False,merge
cyberagent/calm3-22b-chat,cyberagent/calm3-22b-chat,cyberagent,0,False,2024-07,22.543,LlamaForCausalLM,chatmodels,False,True,
darkc0de/BuddyGlassNeverSleeps,darkc0de/BuddyGlassNeverSleeps (Merge),darkc0de,1,False,2024-09,8.03,LlamaForCausalLM,fine-tunedondomain-specificdatasets,False,False,merge
darkc0de/BuddyGlassUncensored2025.2,tiiuae/Falcon3-10B-Base,tiiuae,1,True,2025-01,10.306,LlamaForCausalLM,fine-tunedondomain-specificdatasets,False,True,
darkc0de/BuddyGlass_v0.3_Xortron7MethedUpSwitchedUp,darkc0de/BuddyGlass_v0.3_Xortron7MethedUpSwitchedUp (Merge),darkc0de,1,False,2024-09,0.007,LlamaForCausalLM,basemergesandmoerges,False,False,merge
databricks/dbrx-base,databricks/dbrx-base,databricks,0,False,2024-03,0.0,Unknown,❓other,True,True,
databricks/dbrx-instruct,databricks/dbrx-instruct,databricks,0,False,2024-03,131.597,DbrxForCausalLM,chatmodels,False,True,
databricks/dolly-v1-6b,databricks/dolly-v1-6b,databricks,0,True,2023-03,6.0,GPTJForCausalLM,pretrained,False,True,
databricks/dolly-v2-12b,databricks/dolly-v2-12b,databricks,0,False,2023-04,12.0,GPTNeoXForCausalLM,fine-tunedondomain-specificdatasets,False,True,
databricks/dolly-v2-3b,databricks/dolly-v2-3b,databricks,0,False,2023-04,3.0,GPTNeoXForCausalLM,fine-tunedondomain-specificdatasets,False,True,
databricks/dolly-v2-7b,databricks/dolly-v2-7b,databricks,0,False,2023-04,7.0,GPTNeoXForCausalLM,fine-tunedondomain-specificdatasets,False,True,
davidkim205/Rhea-72b-v0.5,davidkim205/Rhea-72b-v0.5,davidkim205,0,False,2024-03,72.0,LlamaForCausalLM,chatmodels,False,True,
davidkim205/nox-solar-10.7b-v4,davidkim205/nox-solar-10.7b-v4,davidkim205,0,False,2024-03,10.732,LlamaForCausalLM,fine-tunedondomain-specificdatasets,False,True,
deepseek-ai/DeepSeek-R1-Distill-Llama-70B,deepseek-ai/DeepSeek-R1-Distill-Llama-70B,deepseek-ai,0,False,2025-01,70.554,LlamaForCausalLM,chatmodels,False,True,
deepseek-ai/DeepSeek-R1-Distill-Llama-8B,deepseek-ai/DeepSeek-R1-Distill-Llama-8B,deepseek-ai,0,False,2025-01,8.03,LlamaForCausalLM,fine-tunedondomain-specificdatasets,False,True,
deepseek-ai/DeepSeek-R1-Distill-Qwen-1.5B,deepseek-ai/DeepSeek-R1-Distill-Qwen-1.5B,deepseek-ai,0,False,2025-01,1.777,Qwen2ForCausalLM,chatmodels,False,True,
deepseek-ai/DeepSeek-R1-Distill-Qwen-14B,deepseek-ai/DeepSeek-R1-Distill-Qwen-14B,deepseek-ai,0,False,2025-01,14.77,Qwen2ForCausalLM,fine-tunedondomain-specificdatasets,False,True,
deepseek-ai/DeepSeek-R1-Distill-Qwen-32B,deepseek-ai/DeepSeek-R1-Distill-Qwen-32B,deepseek-ai,0,False,2025-01,32.764,Qwen2ForCausalLM,fine-tunedondomain-specificdatasets,False,True,
deepseek-ai/DeepSeek-R1-Distill-Qwen-7B,deepseek-ai/DeepSeek-R1-Distill-Qwen-7B,deepseek-ai,0,False,2025-01,7.616,Qwen2ForCausalLM,chatmodels,False,True,
deepseek-ai/deepseek-llm-67b-chat,deepseek-ai/deepseek-llm-67b-chat,deepseek-ai,0,False,2023-11,67.0,LlamaForCausalLM,chatmodels,False,True,
deepseek-ai/deepseek-llm-7b-base,deepseek-ai/deepseek-llm-7b-base,deepseek-ai,0,True,2023-11,7.0,LlamaForCausalLM,pretrained,False,True,
deepseek-ai/deepseek-llm-7b-chat,deepseek-ai/deepseek-llm-7b-chat,deepseek-ai,0,False,2023-11,7.0,LlamaForCausalLM,chatmodels,False,True,
deepseek-ai/deepseek-moe-16b-base,deepseek-ai/deepseek-moe-16b-base,deepseek-ai,0,True,2024-01,16.376,DeepseekForCausalLM,pretrained,True,True,
deepseek-ai/deepseek-moe-16b-chat,deepseek-ai/deepseek-moe-16b-chat,deepseek-ai,0,False,2024-01,16.376,DeepseekForCausalLM,chatmodels,True,True,
dfurman/CalmeRys-78B-Orpo-v0.1,dfurman/CalmeRys-78B-Orpo-v0.1 (Merge),dfurman,1,False,2024-09,77.965,Qwen2ForCausalLM,chatmodels,False,False,merge
dfurman/Llama-3-70B-Orpo-v0.1,dfurman/Llama-3-70B-Orpo-v0.1 (Merge),dfurman,1,False,2024-04,70.554,LlamaForCausalLM,chatmodels,False,False,merge
dfurman/Llama-3-8B-Orpo-v0.1,dfurman/Llama-3-8B-Orpo-v0.1 (Merge),dfurman,1,False,2024-04,8.03,?,chatmodels,False,False,merge
dfurman/Qwen2-72B-Orpo-v0.1,dfurman/Qwen2-72B-Orpo-v0.1 (Merge),dfurman,1,False,2024-07,72.699,Qwen2ForCausalLM,chatmodels,False,False,merge
dicta-il/dictalm2.0,dicta-il/dictalm2.0,dicta-il,0,True,2024-04,7.251,MistralForCausalLM,continuouslypretrained,False,True,
dicta-il/dictalm2.0-instruct,dicta-il/dictalm2.0,dicta-il,1,True,2024-04,7.251,MistralForCausalLM,chatmodels,False,True,
distilbert/distilgpt2,distilbert/distilgpt2,distilbert,0,True,2022-03,0.088,GPT2LMHeadModel,pretrained,False,True,
divyanshukunwar/SASTRI_1_9B,divyanshukunwar/SASTRI_1_9B (Merge),divyanshukunwar,1,False,2024-11,5.211,Gemma2ForCausalLM,fine-tunedondomain-specificdatasets,False,False,merge
djuna/G2-BigGSHT-27B-2,djuna/G2-BigGSHT-27B-2 (Merge),djuna,1,False,2024-10,27.227,Gemma2ForCausalLM,basemergesandmoerges,False,False,merge
djuna/G2-GSHT,djuna/G2-GSHT (Merge),djuna,1,False,2024-09,10.159,Gemma2ForCausalLM,basemergesandmoerges,False,False,merge
djuna/Gemma-2-gemmama-9b,djuna/Gemma-2-gemmama-9b (Merge),djuna,1,False,2024-08,10.159,Gemma2ForCausalLM,basemergesandmoerges,False,False,merge
djuna/L3.1-ForStHS,djuna/L3.1-ForStHS (Merge),djuna,1,False,2024-09,8.03,LlamaForCausalLM,basemergesandmoerges,False,False,merge
djuna/L3.1-Promissum_Mane-8B-Della-1.5-calc,djuna/L3.1-Promissum_Mane-8B-Della-1.5-calc (Merge),djuna,1,False,2024-10,8.03,LlamaForCausalLM,basemergesandmoerges,False,False,merge
djuna/L3.1-Promissum_Mane-8B-Della-calc,djuna/L3.1-Promissum_Mane-8B-Della-calc (Merge),djuna,1,False,2024-10,8.03,LlamaForCausalLM,basemergesandmoerges,False,False,merge
djuna/L3.1-Purosani-2-8B,djuna/L3.1-Purosani-2-8B (Merge),djuna,1,False,2024-10,8.03,LlamaForCausalLM,basemergesandmoerges,False,False,merge
djuna/L3.1-Suze-Vume-calc,djuna/L3.1-Suze-Vume-calc (Merge),djuna,1,False,2024-08,8.03,LlamaForCausalLM,basemergesandmoerges,False,False,merge
djuna/MN-Chinofun,djuna/MN-Chinofun (Merge),djuna,1,False,2024-09,12.248,MistralForCausalLM,basemergesandmoerges,False,False,merge
djuna/MN-Chinofun-12B-2,djuna/MN-Chinofun-12B-2 (Merge),djuna,1,False,2024-10,12.248,MistralForCausalLM,basemergesandmoerges,False,False,merge
djuna/MN-Chinofun-12B-3,djuna/MN-Chinofun-12B-3 (Merge),djuna,1,False,2024-12,12.248,MistralForCausalLM,basemergesandmoerges,False,False,merge
djuna/MN-Chinofun-12B-4,djuna/MN-Chinofun-12B-4 (Merge),djuna,1,False,2025-01,12.248,MistralForCausalLM,basemergesandmoerges,False,False,merge
djuna/Q2.5-Partron-7B,djuna/Q2.5-Partron-7B (Merge),djuna,1,False,2024-11,7.613,Qwen2ForCausalLM,basemergesandmoerges,False,False,merge
djuna/Q2.5-Veltha-14B,djuna/Q2.5-Veltha-14B (Merge),djuna,1,False,2024-12,14.766,Qwen2ForCausalLM,basemergesandmoerges,False,False,merge
djuna/Q2.5-Veltha-14B-0.5,djuna/Q2.5-Veltha-14B-0.5 (Merge),djuna,1,False,2024-12,14.766,Qwen2ForCausalLM,basemergesandmoerges,False,False,merge
djuna-test-lab/TEST-L3.2-ReWish-3B,djuna-test-lab/TEST-L3.2-ReWish-3B (Merge),djuna-test-lab,1,False,2024-10,3.213,LlamaForCausalLM,basemergesandmoerges,False,False,merge
djuna-test-lab/TEST-L3.2-ReWish-3B-ties-w-base,djuna-test-lab/TEST-L3.2-ReWish-3B-ties-w-base (Merge),djuna-test-lab,1,False,2024-10,3.213,LlamaForCausalLM,basemergesandmoerges,False,False,merge
dnhkng/RYS-Medium,dnhkng/RYS-Medium,dnhkng,0,True,2024-07,18.731,Phi3ForCausalLM,continuouslypretrained,False,True,
dnhkng/RYS-Llama-3-8B-Instruct,dnhkng/RYS-Llama-3-8B-Instruct,dnhkng,0,False,2024-08,8.248,LlamaForCausalLM,chatmodels,False,True,
dnhkng/RYS-Llama-3-Huge-Instruct,dnhkng/RYS-Llama-3-Huge-Instruct,dnhkng,0,False,2024-08,99.646,LlamaForCausalLM,chatmodels,False,True,
dnhkng/RYS-Llama-3-Large-Instruct,dnhkng/RYS-Llama-3-Large-Instruct,dnhkng,0,False,2024-08,73.976,LlamaForCausalLM,chatmodels,False,True,
dnhkng/RYS-Llama-3.1-8B-Instruct,dnhkng/RYS-Llama-3.1-8B-Instruct,dnhkng,0,False,2024-08,8.685,?,fine-tunedondomain-specificdatasets,False,True,
dnhkng/RYS-Llama3.1-Large,dnhkng/RYS-Llama3.1-Large,dnhkng,0,False,2024-08,81.677,LlamaForCausalLM,fine-tunedondomain-specificdatasets,False,True,
dnhkng/RYS-Phi-3-medium-4k-instruct,dnhkng/RYS-Phi-3-medium-4k-instruct,dnhkng,0,True,2024-08,17.709,Phi3ForCausalLM,pretrained,False,True,
dnhkng/RYS-XLarge,dnhkng/RYS-XLarge,dnhkng,0,False,2024-07,77.965,Qwen2ForCausalLM,fine-tunedondomain-specificdatasets,False,True,
dnhkng/RYS-XLarge-base,dnhkng/RYS-XLarge-base,dnhkng,0,False,2024-08,77.972,Qwen2ForCausalLM,fine-tunedondomain-specificdatasets,False,True,
dnhkng/RYS-XLarge2,dnhkng/RYS-XLarge2,dnhkng,0,True,,77.965,Qwen2ForCausalLM,fine-tunedondomain-specificdatasets,False,False,base_removed
dreamgen/WizardLM-2-7B,dreamgen/WizardLM-2-7B,dreamgen,0,False,2024-04,7.242,MistralForCausalLM,fine-tunedondomain-specificdatasets,False,True,
dustinwloring1988/Reflexis-8b-chat-v1,dustinwloring1988/Reflexis-8b-chat-v1,dustinwloring1988,0,True,,8.03,LlamaForCausalLM,fine-tunedondomain-specificdatasets,False,False,base_removed
dustinwloring1988/Reflexis-8b-chat-v2,dustinwloring1988/Reflexis-8b-chat-v2,dustinwloring1988,0,True,,8.03,LlamaForCausalLM,fine-tunedondomain-specificdatasets,False,False,base_removed
dustinwloring1988/Reflexis-8b-chat-v3,dustinwloring1988/Reflexis-8b-chat-v3,dustinwloring1988,0,True,,8.03,LlamaForCausalLM,fine-tunedondomain-specificdatasets,False,False,base_removed
dustinwloring1988/Reflexis-8b-chat-v4,dustinwloring1988/Reflexis-8b-chat-v4,dustinwloring1988,0,True,,8.03,LlamaForCausalLM,fine-tunedondomain-specificdatasets,False,False,base_removed
dustinwloring1988/Reflexis-8b-chat-v5,dustinwloring1988/Reflexis-8b-chat-v5,dustinwloring1988,0,True,,8.03,LlamaForCausalLM,fine-tunedondomain-specificdatasets,False,False,base_removed
dustinwloring1988/Reflexis-8b-chat-v6,dustinwloring1988/Reflexis-8b-chat-v6,dustinwloring1988,0,True,,8.03,LlamaForCausalLM,fine-tunedondomain-specificdatasets,False,False,base_removed
dustinwloring1988/Reflexis-8b-chat-v7,dustinwloring1988/Reflexis-8b-chat-v7,dustinwloring1988,0,True,,8.0,LlamaForCausalLM,fine-tunedondomain-specificdatasets,False,False,base_removed
duyhv1411/Llama-3.2-1B-en-vi,meta-llama/Llama-3.2-1B-Instruct,meta-llama,1,False,2025-03,1.236,LlamaForCausalLM,fine-tunedondomain-specificdatasets,False,True,
duyhv1411/Llama-3.2-3B-en-vi,meta-llama/Llama-3.2-1B-Instruct,meta-llama,1,False,2025-03,1.236,LlamaForCausalLM,fine-tunedondomain-specificdatasets,False,True,
dwikitheduck/gemma-2-2b-id,dwikitheduck/gemma-2-2b-id,dwikitheduck,0,False,2024-10,2.0,Gemma2ForCausalLM,fine-tunedondomain-specificdatasets,False,True,
dwikitheduck/gemma-2-2b-id-inst,dwikitheduck/gemma-2-2b-id-inst,dwikitheduck,0,False,2024-10,2.0,Gemma2ForCausalLM,chatmodels,False,True,
dwikitheduck/gemma-2-2b-id-instruct,dwikitheduck/gemma-2-2b-id-instruct,dwikitheduck,0,False,2024-10,2.0,Gemma2ForCausalLM,fine-tunedondomain-specificdatasets,False,True,
dwikitheduck/gen-inst-1,Qwen/Qwen2.5-14B,Qwen,1,True,2024-11,14.77,Qwen2ForCausalLM,chatmodels,False,True,
dwikitheduck/gen-try1,dwikitheduck/gen-try1 (Merge),dwikitheduck,1,False,2024-11,14.77,Qwen2ForCausalLM,chatmodels,False,False,merge
dwikitheduck/gen-try1-notemp,dwikitheduck/gen-try1-notemp,dwikitheduck,0,True,,14.77,Qwen2ForCausalLM,fine-tunedondomain-specificdatasets,False,False,base_removed
dzakwan/dzakwan-MoE-4x7b-Beta,dzakwan/dzakwan-MoE-4x7b-Beta (Merge),dzakwan,1,False,2024-05,24.154,MixtralForCausalLM,basemergesandmoerges,True,False,merge
ehristoforu/Falcon3-8B-Franken-Basestruct,ehristoforu/Falcon3-8B-Franken-Basestruct (Merge),ehristoforu,1,False,2025-01,8.406,LlamaForCausalLM,fine-tunedondomain-specificdatasets,False,False,merge
ehristoforu/Falcon3-MoE-2x7B-Insruct,ehristoforu/Falcon3-MoE-2x7B-Insruct (Merge),ehristoforu,1,False,2024-12,13.401,MixtralForCausalLM,pretrained,True,False,merge
ehristoforu/Gemma2-9B-it-psy10k-mental_health,google/gemma-2-9b,google,1,True,2024-07,9.242,Gemma2ForCausalLM,fine-tunedondomain-specificdatasets,False,True,
ehristoforu/Gemma2-9b-it-train6,google/gemma-2-9b,google,1,True,2024-07,9.242,Gemma2ForCausalLM,fine-tunedondomain-specificdatasets,False,True,
ehristoforu/HappyLlama1,voidful/Llama-3.2-8B-Instruct,voidful,1,False,2024-11,8.03,LlamaForCausalLM,fine-tunedondomain-specificdatasets,False,True,
ehristoforu/QwenQwen2.5-7B-IT,ehristoforu/QwenQwen2.5-7B-IT (Merge),ehristoforu,1,False,2025-01,7.613,Qwen2ForCausalLM,fine-tunedondomain-specificdatasets,False,False,merge
ehristoforu/QwenQwen2.5-7B-IT-Dare,ehristoforu/QwenQwen2.5-7B-IT-Dare (Merge),ehristoforu,1,False,2025-01,7.613,Qwen2ForCausalLM,fine-tunedondomain-specificdatasets,False,False,merge
ehristoforu/RQwen-v0.1,ehristoforu/RQwen-v0.1 (Merge),ehristoforu,1,False,2024-11,14.77,Qwen2ForCausalLM,fine-tunedondomain-specificdatasets,False,False,merge
ehristoforu/RQwen-v0.2,ehristoforu/RQwen-v0.1 (Merge),ehristoforu,1,False,2024-11,14.77,Qwen2ForCausalLM,fine-tunedondomain-specificdatasets,False,False,merge
ehristoforu/SoRu-0009,Vikhrmodels/Vikhr-Qwen-2.5-0.5b-Instruct (Merge),Vikhrmodels,1,False,2024-11,0.494,Qwen2ForCausalLM,fine-tunedondomain-specificdatasets,False,False,merge
ehristoforu/coolqwen-3b-it,Qwen/Qwen2.5-3B,Qwen,1,True,2025-01,3.085,Qwen2ForCausalLM,fine-tunedondomain-specificdatasets,False,True,
ehristoforu/della-70b-test-v1,ehristoforu/della-70b-test-v1 (Merge),ehristoforu,1,False,2025-02,70.554,LlamaForCausalLM,fine-tunedondomain-specificdatasets,False,False,merge
ehristoforu/falcon3-ultraset,tiiuae/Falcon3-7B-Base,tiiuae,1,True,2024-12,7.456,LlamaForCausalLM,fine-tunedondomain-specificdatasets,False,True,
ehristoforu/fd-lora-merged-16x32,ehristoforu/fd-lora-merged-16x32,ehristoforu,0,False,2025-02,1.776,Qwen2ForCausalLM,fine-tunedondomain-specificdatasets,False,True,
ehristoforu/fd-lora-merged-64x128,ehristoforu/fd-lora-merged-64x128,ehristoforu,0,False,2025-02,1.777,Qwen2ForCausalLM,fine-tunedondomain-specificdatasets,False,True,
ehristoforu/fp4-14b-it-v1,ehristoforu/fp4-14b-it-v1 (Merge),ehristoforu,1,False,2025-01,14.66,LlamaForCausalLM,fine-tunedondomain-specificdatasets,False,False,merge
ehristoforu/fp4-14b-v1-fix,ehristoforu/fp4-14b-v1-fix (Merge),ehristoforu,1,False,2025-01,14.66,LlamaForCausalLM,fine-tunedondomain-specificdatasets,False,False,merge
ehristoforu/fq2.5-7b-it-normalize_false,ehristoforu/fq2.5-7b-it-normalize_false (Merge),ehristoforu,1,False,2025-01,7.616,Qwen2ForCausalLM,fine-tunedondomain-specificdatasets,False,False,merge
ehristoforu/fq2.5-7b-it-normalize_true,ehristoforu/fq2.5-7b-it-normalize_true (Merge),ehristoforu,1,False,2025-01,7.616,Qwen2ForCausalLM,fine-tunedondomain-specificdatasets,False,False,merge
ehristoforu/frqwen2.5-from7b-duable4layers-it,ehristoforu/frqwen2.5-from7b-duable4layers-it (Merge),ehristoforu,1,False,2025-01,8.545,Qwen2ForCausalLM,fine-tunedondomain-specificdatasets,False,False,merge
ehristoforu/frqwen2.5-from7b-it,ehristoforu/frqwen2.5-from7b-it (Merge),ehristoforu,1,False,2025-01,13.206,Qwen2ForCausalLM,fine-tunedondomain-specificdatasets,False,False,merge
ehristoforu/mllama-3.1-8b-instruct,ehristoforu/mllama-3.1-8b-instruct (Merge),ehristoforu,1,False,2024-12,8.03,LlamaForCausalLM,basemergesandmoerges,False,False,merge
ehristoforu/mllama-3.1-8b-it,ehristoforu/mllama-3.1-8b-it (Merge),ehristoforu,1,False,2024-12,8.03,LlamaForCausalLM,basemergesandmoerges,False,False,merge
ehristoforu/moremerge,ehristoforu/moremerge (Merge),ehristoforu,1,False,2025-01,7.613,Qwen2ForCausalLM,fine-tunedondomain-specificdatasets,False,False,merge
ehristoforu/moremerge-upscaled,ehristoforu/moremerge-upscaled (Merge),ehristoforu,1,False,2025-01,8.545,Qwen2ForCausalLM,fine-tunedondomain-specificdatasets,False,False,merge
ehristoforu/phi-4-25b,ehristoforu/phi-4-25b (Merge),ehristoforu,1,False,2025-01,24.883,Phi3ForCausalLM,fine-tunedondomain-specificdatasets,False,False,merge
ehristoforu/qwen2.5-test-32b-it,ehristoforu/qwen2.5-test-32b-it (Merge),ehristoforu,1,False,2024-12,32.764,Qwen2ForCausalLM,chatmodels,False,False,merge
ehristoforu/qwen2.5-with-lora-think-3b-it,Qwen/Qwen2.5-3B,Qwen,1,True,2025-01,3.086,Qwen2ForCausalLM,fine-tunedondomain-specificdatasets,False,True,
ehristoforu/rmoe-v1,ehristoforu/rmoe-v1,ehristoforu,0,False,2025-01,11.026,Qwen2MoeForCausalLM,fine-tunedondomain-specificdatasets,True,True,
ehristoforu/rufalcon3-3b-it,tiiuae/Falcon3-3B-Instruct,tiiuae,1,False,2025-01,3.228,LlamaForCausalLM,fine-tunedondomain-specificdatasets,False,True,
ehristoforu/ruphi-4b,microsoft/Phi-3.5-mini-instruct,microsoft,1,False,2025-01,3.821,Phi3ForCausalLM,fine-tunedondomain-specificdatasets,False,True,
ehristoforu/testq-32b,ehristoforu/testq-32b (Merge),ehristoforu,1,False,2025-01,56.165,Qwen2ForCausalLM,fine-tunedondomain-specificdatasets,False,False,merge
ehristoforu/tmoe,ehristoforu/tmoe,ehristoforu,0,False,2025-01,11.026,Qwen2MoeForCausalLM,fine-tunedondomain-specificdatasets,True,True,
ehristoforu/tmoe-v2,ehristoforu/tmoe-v2,ehristoforu,0,False,2025-01,11.026,Qwen2MoeForCausalLM,fine-tunedondomain-specificdatasets,True,True,
ehristoforu/trd-7b-it,ehristoforu/trd-7b-it (Merge),ehristoforu,1,False,2025-01,7.613,Qwen2ForCausalLM,fine-tunedondomain-specificdatasets,False,False,merge
ehristoforu/ud-14b,ehristoforu/ud-14b (Merge),ehristoforu,1,False,2025-01,14.766,Qwen2ForCausalLM,fine-tunedondomain-specificdatasets,False,False,merge
elinas/Chronos-Gold-12B-1.0,mistralai/Mistral-Nemo-Base-2407,mistralai,1,True,2024-08,12.248,MistralForCausalLM,fine-tunedondomain-specificdatasets,False,False,merge
ell44ot/gemma-2b-def,ell44ot/gemma-2b-def (Merge),ell44ot,1,False,2024-11,1.546,GemmaModel,pretrained,False,False,merge
euclaise/ReMask-3B,euclaise/ReMask-3B,euclaise,0,False,2024-03,2.795,StableLmForCausalLM,fine-tunedondomain-specificdatasets,False,True,
eworojoshua/vas-01,eworojoshua/vas-01 (Merge),eworojoshua,1,False,2025-02,7.616,Qwen2ForCausalLM,basemergesandmoerges,False,False,merge
ewre324/Thinker-Llama-3.2-3B-Instruct-Reasoning,ewre324/Thinker-Llama-3.2-3B-Instruct-Reasoning,ewre324,0,False,2025-01,3.213,LlamaForCausalLM,fine-tunedondomain-specificdatasets,False,True,
ewre324/Thinker-Qwen2.5-0.5B-Instruct-Reasoning,ewre324/Thinker-Qwen2.5-0.5B-Instruct-Reasoning,ewre324,0,False,2025-01,0.494,Qwen2ForCausalLM,fine-tunedondomain-specificdatasets,False,True,
ewre324/Thinker-SmolLM2-135M-Instruct-Reasoning,ewre324/Thinker-SmolLM2-135M-Instruct-Reasoning (Merge),ewre324,1,False,2025-01,0.135,LlamaForCausalLM,fine-tunedondomain-specificdatasets,False,False,merge
ewre324/ewre324-R1-SmolLM2-135M-Distill,ewre324/ewre324-R1-SmolLM2-135M-Distill (Merge),ewre324,1,False,2025-01,0.135,LlamaForCausalLM,fine-tunedondomain-specificdatasets,False,False,merge
experiment-llm/exp-3-q-r,rombodawg/Rombos-LLM-V2.5-Qwen-7b (Merge),rombodawg,1,False,2024-12,7.616,Qwen2ForCausalLM,fine-tunedondomain-specificdatasets,False,False,merge
facebook/opt-1.3b,facebook/opt-1.3b,facebook,0,True,2022-05,1.3,OPTForCausalLM,pretrained,False,True,
facebook/opt-30b,facebook/opt-30b,facebook,0,True,2022-05,30.0,OPTForCausalLM,pretrained,False,True,
failspy/Llama-3-8B-Instruct-MopeyMule,failspy/Llama-3-8B-Instruct-MopeyMule,failspy,0,False,2024-05,8.03,LlamaForCausalLM,fine-tunedondomain-specificdatasets,False,True,
failspy/Llama-3-8B-Instruct-abliterated,failspy/Llama-3-8B-Instruct-abliterated,failspy,0,False,2024-05,8.03,LlamaForCausalLM,fine-tunedondomain-specificdatasets,False,True,
failspy/Meta-Llama-3-70B-Instruct-abliterated-v3.5,failspy/Meta-Llama-3-70B-Instruct-abliterated-v3.5,failspy,0,False,2024-05,70.554,LlamaForCausalLM,fine-tunedondomain-specificdatasets,False,True,
failspy/Meta-Llama-3-8B-Instruct-abliterated-v3,failspy/Meta-Llama-3-8B-Instruct-abliterated-v3,failspy,0,False,2024-05,8.03,LlamaForCausalLM,fine-tunedondomain-specificdatasets,False,True,
failspy/Phi-3-medium-4k-instruct-abliterated-v3,failspy/Phi-3-medium-4k-instruct-abliterated-v3,failspy,0,False,2024-05,13.96,Phi3ForCausalLM,fine-tunedondomain-specificdatasets,False,True,
failspy/llama-3-70B-Instruct-abliterated,failspy/llama-3-70B-Instruct-abliterated,failspy,0,False,2024-05,70.554,LlamaForCausalLM,fine-tunedondomain-specificdatasets,False,True,
fblgit/TheBeagle-v2beta-32B-MGS,fblgit/TheBeagle-v2beta-32B-MGS (Merge),fblgit,1,False,2024-10,32.764,Qwen2ForCausalLM,fine-tunedondomain-specificdatasets,False,False,merge
fblgit/UNA-SimpleSmaug-34b-v1beta,jondurbin/bagel-34b-v0.2,jondurbin,1,False,2024-02,34.389,LlamaForCausalLM,fine-tunedondomain-specificdatasets,False,True,
fblgit/UNA-TheBeagle-7b-v1,fblgit/UNA-TheBeagle-7b-v1,fblgit,0,False,2024-01,7.242,MistralForCausalLM,fine-tunedondomain-specificdatasets,False,True,
fblgit/UNA-ThePitbull-21.4B-v2,fblgit/UNA-ThePitbull-21.4B-v2,fblgit,0,False,2024-05,21.421,LlamaForCausalLM,fine-tunedondomain-specificdatasets,False,True,
fblgit/cybertron-v4-qw7B-MGS,fblgit/cybertron-v4-qw7B-MGS (Merge),fblgit,1,False,2024-10,7.616,Qwen2ForCausalLM,fine-tunedondomain-specificdatasets,False,False,merge
fblgit/cybertron-v4-qw7B-UNAMGS,fblgit/cybertron-v4-qw7B-UNAMGS (Merge),fblgit,1,False,2024-11,7.616,Qwen2ForCausalLM,fine-tunedondomain-specificdatasets,False,False,merge
fblgit/juanako-7b-UNA,fblgit/juanako-7b-UNA,fblgit,0,False,2023-11,7.242,MistralForCausalLM,fine-tunedondomain-specificdatasets,False,True,
fblgit/miniclaus-qw1.5B-UNAMGS,Qwen/Qwen2.5-1.5B,Qwen,1,True,2024-11,1.777,Qwen2ForCausalLM,fine-tunedondomain-specificdatasets,False,True,
fblgit/miniclaus-qw1.5B-UNAMGS-GRPO,Qwen/Qwen2.5-1.5B,Qwen,1,True,2025-02,1.544,Qwen2ForCausalLM,fine-tunedondomain-specificdatasets,False,True,
fblgit/pancho-v1-qw25-3B-UNAMGS,Qwen/Qwen2.5-3B,Qwen,1,True,2024-11,3.397,Qwen2ForCausalLM,continuouslypretrained,False,True,
fblgit/una-cybertron-7b-v2-bf16,fblgit/una-cybertron-7b-v2-bf16,fblgit,0,False,2023-12,7.242,MistralForCausalLM,fine-tunedondomain-specificdatasets,False,True,
fhai50032/RolePlayLake-7B,fhai50032/RolePlayLake-7B (Merge),fhai50032,1,False,2024-01,7.242,MistralForCausalLM,fine-tunedondomain-specificdatasets,False,False,merge
fhai50032/Unaligned-Thinker-PHI-4,microsoft/phi-4,microsoft,1,True,2025-01,14.66,LlamaForCausalLM,fine-tunedondomain-specificdatasets,False,True,
flammenai/Llama3.1-Flammades-70B,flammenai/Llama3.1-Flammades-70B (Merge),flammenai,1,False,2024-10,70.554,LlamaForCausalLM,fine-tunedondomain-specificdatasets,False,False,merge
flammenai/Mahou-1.2a-llama3-8B,flammenai/Mahou-1.2a-llama3-8B (Merge),flammenai,1,False,2024-05,8.03,LlamaForCausalLM,fine-tunedondomain-specificdatasets,False,False,merge
flammenai/Mahou-1.2a-mistral-7B,flammenai/Mahou-1.2a-mistral-7B (Merge),flammenai,1,False,2024-05,7.242,MistralForCausalLM,fine-tunedondomain-specificdatasets,False,False,merge
flammenai/Mahou-1.5-llama3.1-70B,flammenai/Mahou-1.5-llama3.1-70B (Merge),flammenai,1,False,2024-10,70.554,LlamaForCausalLM,fine-tunedondomain-specificdatasets,False,False,merge
flammenai/Mahou-1.5-mistral-nemo-12B,flammenai/Mahou-1.5-mistral-nemo-12B (Merge),flammenai,1,False,2024-10,12.248,MistralForCausalLM,fine-tunedondomain-specificdatasets,False,False,merge
flammenai/flammen15-gutenberg-DPO-v1-7B,flammenai/flammen15-gutenberg-DPO-v1-7B (Merge),flammenai,1,False,2024-04,7.242,MistralForCausalLM,fine-tunedondomain-specificdatasets,False,False,merge
fluently-lm/FluentlyLM-Prinum,fluently-lm/FluentlyLM-Prinum,fluently-lm,0,False,2025-02,32.764,Qwen2ForCausalLM,chatmodels,False,True,
fluently-lm/Llama-TI-8B,meta-llama/Llama-3.1-8B,meta-llama,1,False,2024-12,8.03,LlamaForCausalLM,fine-tunedondomain-specificdatasets,False,True,
fluently-lm/Llama-TI-8B-Instruct,meta-llama/Meta-Llama-3.1-8B,meta-llama,1,False,2024-12,8.03,LlamaForCausalLM,fine-tunedondomain-specificdatasets,False,True,
fluently-sets/FalconThink3-10B-IT,tiiuae/Falcon3-10B-Base,tiiuae,1,True,2024-12,10.306,LlamaForCausalLM,fine-tunedondomain-specificdatasets,False,True,
fluently-sets/reasoning-1-1k-demo,Qwen/Qwen2.5-14B,Qwen,1,True,2024-12,14.77,Qwen2ForCausalLM,fine-tunedondomain-specificdatasets,False,True,
formulae/mita-elite-sce-gen1.1-v1-7b-2-26-2025-exp,formulae/mita-elite-sce-gen1.1-v1-7b-2-26-2025-exp (Merge),formulae,1,False,2025-02,7.616,Qwen2ForCausalLM,basemergesandmoerges,False,False,merge
formulae/mita-elite-v1.1-7b-2-25-2025,formulae/mita-elite-v1.1-7b-2-25-2025 (Merge),formulae,1,False,2025-02,7.616,Qwen2ForCausalLM,basemergesandmoerges,False,False,merge
formulae/mita-elite-v1.1-gen2-7b-2-25-2025,formulae/mita-elite-v1.1-gen2-7b-2-25-2025 (Merge),formulae,1,False,2025-02,7.616,Qwen2ForCausalLM,basemergesandmoerges,False,False,merge
formulae/mita-elite-v1.2-7b-2-26-2025,formulae/mita-elite-v1.2-7b-2-26-2025 (Merge),formulae,1,False,2025-02,7.616,Qwen2ForCausalLM,basemergesandmoerges,False,False,merge
formulae/mita-gen3-7b-2-26-2025,formulae/mita-gen3-7b-2-26-2025 (Merge),formulae,1,False,2025-02,7.616,Qwen2ForCausalLM,basemergesandmoerges,False,False,merge
formulae/mita-gen3-v1.2-7b-2-26-2025,formulae/mita-gen3-v1.2-7b-2-26-2025 (Merge),formulae,1,False,2025-02,7.616,Qwen2ForCausalLM,basemergesandmoerges,False,False,merge
formulae/mita-math-v2.3-2-25-2025,formulae/mita-math-v2.3-2-25-2025 (Merge),formulae,1,False,2025-02,7.616,Qwen2ForCausalLM,basemergesandmoerges,False,False,merge
formulae/mita-v1-7b,formulae/mita-v1-7b (Merge),formulae,1,False,2025-02,7.616,Qwen2ForCausalLM,basemergesandmoerges,False,False,merge
formulae/mita-v1.1-7b-2-24-2025,formulae/mita-v1.1-7b-2-24-2025 (Merge),formulae,1,False,2025-02,7.616,Qwen2ForCausalLM,basemergesandmoerges,False,False,merge
formulae/mita-v1.2-7b-2-24-2025,formulae/mita-v1.2-7b-2-24-2025 (Merge),formulae,1,False,2025-02,7.616,Qwen2ForCausalLM,basemergesandmoerges,False,False,merge
frameai/Loxa-4B,frameai/Loxa-4B,frameai,0,True,2025-01,4.018,LlamaForCausalLM,pretrained,False,True,
freewheelin/free-evo-qwen72b-v0.8-re,freewheelin/free-evo-qwen72b-v0.8-re,freewheelin,0,False,2024-05,72.288,LlamaForCausalLM,fine-tunedondomain-specificdatasets,False,True,
freewheelin/free-solar-evo-v0.1,freewheelin/free-solar-evo-v0.1,freewheelin,0,False,2024-04,10.732,LlamaForCausalLM,fine-tunedondomain-specificdatasets,False,True,
freewheelin/free-solar-evo-v0.11,freewheelin/free-solar-evo-v0.11,freewheelin,0,False,2024-04,10.732,LlamaForCausalLM,fine-tunedondomain-specificdatasets,False,True,
freewheelin/free-solar-evo-v0.13,freewheelin/free-solar-evo-v0.13,freewheelin,0,False,2024-04,10.732,LlamaForCausalLM,fine-tunedondomain-specificdatasets,False,True,
fulim/FineLlama-3.1-8B,meta-llama/Meta-Llama-3.1-8B,meta-llama,1,False,2024-12,8.0,LlamaForCausalLM,fine-tunedondomain-specificdatasets,False,True,
gabrielmbmb/SmolLM-1.7B-Instruct-IFEval,HuggingFaceTB/SmolLM-1.7B,HuggingFaceTB,1,True,2024-10,1.711,LlamaForCausalLM,fine-tunedondomain-specificdatasets,False,True,
gaverfraxz/Meta-Llama-3.1-8B-Instruct-HalfAbliterated-DELLA,gaverfraxz/Meta-Llama-3.1-8B-Instruct-HalfAbliterated-DELLA (Merge),gaverfraxz,1,False,2024-09,8.03,LlamaForCausalLM,basemergesandmoerges,False,False,merge
gaverfraxz/Meta-Llama-3.1-8B-Instruct-HalfAbliterated-TIES,gaverfraxz/Meta-Llama-3.1-8B-Instruct-HalfAbliterated-TIES (Merge),gaverfraxz,1,False,2024-09,8.03,LlamaForCausalLM,basemergesandmoerges,False,False,merge
gbueno86/Brinebreath-Llama-3.1-70B,gbueno86/Brinebreath-Llama-3.1-70B (Merge),gbueno86,1,False,2024-08,70.554,LlamaForCausalLM,basemergesandmoerges,False,False,merge
gbueno86/Meta-LLama-3-Cat-Smaug-LLama-70b,gbueno86/Meta-LLama-3-Cat-Smaug-LLama-70b (Merge),gbueno86,1,False,2024-05,70.554,LlamaForCausalLM,basemergesandmoerges,False,False,merge
ghost-x/ghost-8b-beta-1608,ghost-x/ghost-8b-beta,ghost-x,1,False,2024-08,8.03,LlamaForCausalLM,chatmodels,False,True,
glaiveai/Reflection-Llama-3.1-70B,glaiveai/Reflection-Llama-3.1-70B,glaiveai,0,True,,69.5,LlamaForCausalLM,chatmodels,False,False,base_removed
gmonsoon/SahabatAI-Llama-11B-Test,gmonsoon/SahabatAI-Llama-11B-Test (Merge),gmonsoon,1,False,2024-11,11.52,LlamaForCausalLM,basemergesandmoerges,False,False,merge
gmonsoon/SahabatAI-MediChatIndo-8B-v1,gmonsoon/SahabatAI-MediChatIndo-8B-v1 (Merge),gmonsoon,1,False,2024-11,8.03,LlamaForCausalLM,chatmodels,False,False,merge
gmonsoon/SahabatAI-Rebase-8B-Test,gmonsoon/SahabatAI-Rebase-8B-Test (Merge),gmonsoon,1,False,2024-11,8.03,LlamaForCausalLM,chatmodels,False,False,merge
gmonsoon/StockSeaLLMs-7B-v1,gmonsoon/StockSeaLLMs-7B-v1 (Merge),gmonsoon,1,False,2024-11,7.616,Qwen2ForCausalLM,chatmodels,False,False,merge
gmonsoon/gemma2-9b-sahabatai-v1-instruct-BaseTIES,gmonsoon/gemma2-9b-sahabatai-v1-instruct-BaseTIES (Merge),gmonsoon,1,False,2024-11,9.242,Gemma2ForCausalLM,basemergesandmoerges,False,False,merge
godlikehhd/alpaca_data_full_2,godlikehhd/alpaca_data_full_2,godlikehhd,0,False,2025-01,1.544,Qwen2ForCausalLM,fine-tunedondomain-specificdatasets,False,True,
godlikehhd/alpaca_data_full_3B,godlikehhd/alpaca_data_full_3B,godlikehhd,0,False,2025-01,3.086,Qwen2ForCausalLM,fine-tunedondomain-specificdatasets,False,True,
godlikehhd/alpaca_data_ifd_max_2600,godlikehhd/alpaca_data_ifd_max_2600,godlikehhd,0,False,2025-01,1.544,Qwen2ForCausalLM,fine-tunedondomain-specificdatasets,False,True,
godlikehhd/alpaca_data_ifd_max_2600_3B,godlikehhd/alpaca_data_ifd_max_2600_3B,godlikehhd,0,False,2025-01,3.086,Qwen2ForCausalLM,fine-tunedondomain-specificdatasets,False,True,
godlikehhd/alpaca_data_ifd_me_max_5200,godlikehhd/alpaca_data_ifd_me_max_5200,godlikehhd,0,True,,1.544,Qwen2ForCausalLM,fine-tunedondomain-specificdatasets,False,False,base_removed
godlikehhd/alpaca_data_ifd_min_2600,godlikehhd/alpaca_data_ifd_min_2600,godlikehhd,0,False,2025-01,1.544,Qwen2ForCausalLM,fine-tunedondomain-specificdatasets,False,True,
godlikehhd/alpaca_data_ins_ans_max_5200,godlikehhd/alpaca_data_ins_ans_max_5200,godlikehhd,0,True,,1.544,Qwen2ForCausalLM,fine-tunedondomain-specificdatasets,False,False,base_removed
godlikehhd/alpaca_data_ins_max_5200,godlikehhd/alpaca_data_ins_max_5200,godlikehhd,0,False,2025-01,1.544,Qwen2ForCausalLM,fine-tunedondomain-specificdatasets,False,True,
godlikehhd/alpaca_data_ins_min_2600,godlikehhd/alpaca_data_ins_min_2600,godlikehhd,0,False,2025-01,1.544,Qwen2ForCausalLM,fine-tunedondomain-specificdatasets,False,True,
godlikehhd/alpaca_data_ins_min_5200,godlikehhd/alpaca_data_ins_min_5200,godlikehhd,0,False,2025-01,1.544,Qwen2ForCausalLM,fine-tunedondomain-specificdatasets,False,True,
godlikehhd/alpaca_data_sampled_ifd_5200,godlikehhd/alpaca_data_sampled_ifd_5200,godlikehhd,0,False,2025-01,1.544,Qwen2ForCausalLM,fine-tunedondomain-specificdatasets,False,True,
godlikehhd/alpaca_data_sampled_ifd_new_5200,godlikehhd/alpaca_data_sampled_ifd_new_5200,godlikehhd,0,False,2025-01,1.544,Qwen2ForCausalLM,fine-tunedondomain-specificdatasets,False,True,
godlikehhd/alpaca_data_score_max_0.1_2600,godlikehhd/alpaca_data_score_max_0.1_2600,godlikehhd,0,False,2025-01,1.544,Qwen2ForCausalLM,fine-tunedondomain-specificdatasets,False,True,
godlikehhd/alpaca_data_score_max_0.3_2600,godlikehhd/alpaca_data_score_max_0.3_2600,godlikehhd,0,False,2025-01,1.544,Qwen2ForCausalLM,fine-tunedondomain-specificdatasets,False,True,
godlikehhd/alpaca_data_score_max_0.7_2600,godlikehhd/alpaca_data_score_max_0.7_2600,godlikehhd,0,False,2025-01,1.544,Qwen2ForCausalLM,fine-tunedondomain-specificdatasets,False,True,
godlikehhd/alpaca_data_score_max_2500,godlikehhd/alpaca_data_score_max_2500,godlikehhd,0,False,2025-01,1.544,Qwen2ForCausalLM,fine-tunedondomain-specificdatasets,False,True,
godlikehhd/alpaca_data_score_max_2600_3B,godlikehhd/alpaca_data_score_max_2600_3B,godlikehhd,0,False,2025-01,3.086,Qwen2ForCausalLM,fine-tunedondomain-specificdatasets,False,True,
godlikehhd/alpaca_data_score_max_5200,godlikehhd/alpaca_data_score_max_5200,godlikehhd,0,False,2025-01,1.544,Qwen2ForCausalLM,fine-tunedondomain-specificdatasets,False,True,
godlikehhd/ifd_2500_qwen,godlikehhd/ifd_2500_qwen,godlikehhd,0,True,,1.544,Qwen2ForCausalLM,fine-tunedondomain-specificdatasets,False,False,base_removed
godlikehhd/ifd_new_correct_all_sample_2500_qwen,godlikehhd/ifd_new_correct_all_sample_2500_qwen,godlikehhd,0,True,,1.544,Qwen2ForCausalLM,fine-tunedondomain-specificdatasets,False,False,base_removed
godlikehhd/ifd_new_correct_sample_2500_qwen,godlikehhd/ifd_new_correct_sample_2500_qwen,godlikehhd,0,True,,1.544,Qwen2ForCausalLM,fine-tunedondomain-specificdatasets,False,False,base_removed
godlikehhd/ifd_new_qwen_2500,godlikehhd/ifd_new_qwen_2500,godlikehhd,0,True,,1.544,Qwen2ForCausalLM,fine-tunedondomain-specificdatasets,False,False,base_removed
godlikehhd/qwen-2.5-1.5b-cherry,godlikehhd/qwen-2.5-1.5b-cherry,godlikehhd,0,True,,0.772,Qwen2ForCausalLM,fine-tunedondomain-specificdatasets,False,False,base_removed
godlikehhd/qwen_2.5-1.5b-cherry_new,godlikehhd/qwen_2.5-1.5b-cherry_new,godlikehhd,0,True,,1.544,Qwen2ForCausalLM,fine-tunedondomain-specificdatasets,False,False,base_removed
godlikehhd/qwen_full_data_alpaca,godlikehhd/qwen_full_data_alpaca,godlikehhd,0,True,,1.544,Qwen2ForCausalLM,fine-tunedondomain-specificdatasets,False,False,base_removed
godlikehhd/qwen_ins_ans_2500,godlikehhd/qwen_ins_ans_2500,godlikehhd,0,True,,1.544,Qwen2ForCausalLM,fine-tunedondomain-specificdatasets,False,False,base_removed
google/codegemma-1.1-2b,google/codegemma-1.1-2b,google,0,True,2024-04,2.506,GemmaForCausalLM,pretrained,False,True,
google/flan-t5-base,google/flan-t5-base,google,0,True,2022-10,0.248,T5ForConditionalGeneration,pretrained,False,True,
google/flan-t5-large,google/flan-t5-large,google,0,True,2022-10,0.783,T5ForConditionalGeneration,pretrained,False,True,
google/flan-t5-small,google/flan-t5-small,google,0,True,2022-10,0.077,T5ForConditionalGeneration,pretrained,False,True,
google/flan-t5-xl,google/flan-t5-xl,google,0,True,2022-10,2.85,T5ForConditionalGeneration,pretrained,False,True,
google/flan-t5-xxl,google/flan-t5-xxl,google,0,False,2022-10,11.267,T5ForConditionalGeneration,fine-tunedondomain-specificdatasets,False,True,
google/flan-ul2,google/flan-ul2,google,0,True,2023-03,19.46,T5ForConditionalGeneration,pretrained,False,True,
google/gemma-1.1-2b-it,google/gemma-1.1-2b-it,google,0,False,2024-03,2.506,GemmaForCausalLM,chatmodels,False,True,
google/gemma-1.1-7b-it,google/gemma-1.1-7b-it,google,0,False,2024-03,8.538,GemmaForCausalLM,chatmodels,False,True,
google/gemma-2-27b,google/gemma-2-27b,google,0,True,2024-06,27.227,Gemma2ForCausalLM,pretrained,False,True,
google/gemma-2-27b-it,google/gemma-2-27b,google,1,True,2024-06,27.227,Gemma2ForCausalLM,chatmodels,False,True,
google/gemma-2-2b,google/gemma-2-2b,google,0,True,2024-07,2.614,InternLM2ForCausalLM,pretrained,False,True,
google/gemma-2-2b-it,google/gemma-2-2b,google,1,True,2024-07,2.614,InternLM2ForCausalLM,fine-tunedondomain-specificdatasets,False,True,
google/gemma-2-2b-jpn-it,google/gemma-2-2b,google,1,True,2024-09,2.614,Gemma2ForCausalLM,pretrained,False,True,
google/gemma-2-9b,google/gemma-2-9b,google,0,True,2024-06,9.0,Gemma2ForCausalLM,pretrained,False,True,
google/gemma-2-9b-it,google/gemma-2-9b,google,1,True,2024-06,9.0,Gemma2ForCausalLM,chatmodels,False,True,
google/gemma-2b,google/gemma-2b,google,0,True,2024-02,2.506,GemmaForCausalLM,pretrained,False,True,
google/gemma-2b-it,google/gemma-2b-it,google,0,False,2024-02,2.506,GemmaForCausalLM,chatmodels,False,True,
google/gemma-7b,google/gemma-7b,google,0,True,2024-02,8.538,GemmaForCausalLM,pretrained,False,True,
google/gemma-7b-it,google/gemma-7b,google,1,True,2024-02,8.538,GemmaForCausalLM,chatmodels,False,True,
google/mt5-base,google/mt5-base,google,0,False,2022-03,0.39,MT5ForConditionalGeneration,fine-tunedondomain-specificdatasets,False,True,
google/mt5-small,google/mt5-small,google,0,False,2022-03,0.17,MT5ForConditionalGeneration,fine-tunedondomain-specificdatasets,False,True,
google/mt5-xl,google/mt5-xl,google,0,False,2022-03,3.23,MT5ForConditionalGeneration,fine-tunedondomain-specificdatasets,False,True,
google/mt5-xxl,google/mt5-xxl,google,0,False,2022-03,11.9,T5ForConditionalGeneration,fine-tunedondomain-specificdatasets,False,True,
google/recurrentgemma-2b,google/recurrentgemma-2b,google,0,True,2024-04,2.683,RecurrentGemmaForCausalLM,pretrained,False,True,
google/recurrentgemma-2b-it,google/recurrentgemma-2b-it,google,0,False,2024-04,2.683,RecurrentGemmaForCausalLM,chatmodels,False,True,
google/recurrentgemma-9b,google/recurrentgemma-9b,google,0,True,2024-06,9.0,RecurrentGemmaForCausalLM,pretrained,False,True,
google/recurrentgemma-9b-it,google/recurrentgemma-9b-it,google,0,False,2024-06,9.0,RecurrentGemmaForCausalLM,chatmodels,False,True,
google/switch-base-8,google/switch-base-8,google,0,False,2022-10,0.62,SwitchTransformersForConditionalGeneration,fine-tunedondomain-specificdatasets,False,True,
google/umt5-base,google/umt5-base,google,0,False,2023-07,-1.0,UMT5ForConditionalGeneration,fine-tunedondomain-specificdatasets,False,True,
goulue5/merging_LLM,goulue5/merging_LLM,goulue5,0,False,2024-11,1.544,Qwen2ForCausalLM,basemergesandmoerges,False,False,merge
gpt2,gpt2,gpt2,0,True,2022-03,0.137,GPT2LMHeadModel,pretrained,False,True,
gradientai/Llama-3-8B-Instruct-Gradient-1048k,gradientai/Llama-3-8B-Instruct-Gradient-1048k,gradientai,0,False,2024-04,8.03,LlamaForCausalLM,chatmodels,False,True,
grimjim/DeepSauerHuatuoSkywork-R1-o1-Llama-3.1-8B,grimjim/DeepSauerHuatuoSkywork-R1-o1-Llama-3.1-8B (Merge),grimjim,1,False,2025-01,8.03,LlamaForCausalLM,basemergesandmoerges,False,False,merge
grimjim/Gigantes-v1-gemma2-9b-it,grimjim/Gigantes-v1-gemma2-9b-it (Merge),grimjim,1,False,2024-12,9.242,Gemma2ForCausalLM,basemergesandmoerges,False,False,merge
grimjim/Gigantes-v2-gemma2-9b-it,grimjim/Gigantes-v2-gemma2-9b-it (Merge),grimjim,1,False,2024-12,9.242,Gemma2ForCausalLM,basemergesandmoerges,False,False,merge
grimjim/Gigantes-v3-gemma2-9b-it,grimjim/Gigantes-v3-gemma2-9b-it (Merge),grimjim,1,False,2024-12,9.242,Gemma2ForCausalLM,basemergesandmoerges,False,False,merge
grimjim/HuatuoSkywork-o1-Llama-3.1-8B,grimjim/HuatuoSkywork-o1-Llama-3.1-8B (Merge),grimjim,1,False,2025-01,8.03,LlamaForCausalLM,basemergesandmoerges,False,False,merge
grimjim/Llama-3-Instruct-8B-SPPO-Iter3-SimPO-merge,grimjim/Llama-3-Instruct-8B-SPPO-Iter3-SimPO-merge (Merge),grimjim,1,False,2024-06,8.03,LlamaForCausalLM,basemergesandmoerges,False,False,merge
grimjim/Llama-3-Instruct-8B-SimPO-SPPO-Iter3-merge,grimjim/Llama-3-Instruct-8B-SimPO-SPPO-Iter3-merge (Merge),grimjim,1,False,2024-06,8.0,LlamaForCausalLM,basemergesandmoerges,False,False,merge
grimjim/Llama-3.1-8B-Instruct-abliterated_via_adapter,grimjim/Llama-3.1-8B-Instruct-abliterated_via_adapter (Merge),grimjim,1,False,2024-07,8.03,LlamaForCausalLM,fine-tunedondomain-specificdatasets,False,False,merge
grimjim/Llama-3.1-Bonsaikraft-8B-Instruct,grimjim/Llama-3.1-Bonsaikraft-8B-Instruct (Merge),grimjim,1,False,2024-11,8.03,LlamaForCausalLM,basemergesandmoerges,False,False,merge
grimjim/Llama-Nephilim-Metamorphosis-v2-8B,grimjim/Llama-Nephilim-Metamorphosis-v2-8B (Merge),grimjim,1,False,2024-10,8.03,LlamaForCausalLM,basemergesandmoerges,False,False,merge
grimjim/Llama3.1-SuperNovaLite-HuatuoSkywork-o1-8B,grimjim/Llama3.1-SuperNovaLite-HuatuoSkywork-o1-8B (Merge),grimjim,1,False,2025-01,8.03,LlamaForCausalLM,basemergesandmoerges,False,False,merge
grimjim/Magnolia-v1-Gemma2-8k-9B,grimjim/Magnolia-v1-Gemma2-8k-9B (Merge),grimjim,1,False,2024-10,9.242,Gemma2ForCausalLM,basemergesandmoerges,False,False,merge
grimjim/Magnolia-v2-12B,grimjim/Magnolia-v2-12B (Merge),grimjim,1,False,2024-12,12.248,MistralForCausalLM,basemergesandmoerges,False,False,merge
grimjim/Magnolia-v2-Gemma2-8k-9B,grimjim/Magnolia-v2-Gemma2-8k-9B (Merge),grimjim,1,False,2024-10,9.242,Gemma2ForCausalLM,basemergesandmoerges,False,False,merge
grimjim/Magnolia-v3-12B,grimjim/Magnolia-v3-12B (Merge),grimjim,1,False,2024-12,12.248,MistralForCausalLM,basemergesandmoerges,False,False,merge
grimjim/Magnolia-v3-Gemma2-8k-9B,grimjim/Magnolia-v3-Gemma2-8k-9B (Merge),grimjim,1,False,2024-12,9.242,Gemma2ForCausalLM,basemergesandmoerges,False,False,merge
grimjim/Magnolia-v4-12B,grimjim/Magnolia-v4-12B (Merge),grimjim,1,False,2025-01,12.248,MistralForCausalLM,basemergesandmoerges,False,False,merge
grimjim/Magnolia-v5a-12B,grimjim/Magnolia-v5a-12B (Merge),grimjim,1,False,2025-02,12.248,MistralForCausalLM,basemergesandmoerges,False,False,merge
grimjim/Magot-v1-Gemma2-8k-9B,grimjim/Magot-v1-Gemma2-8k-9B (Merge),grimjim,1,False,2024-09,9.242,Gemma2ForCausalLM,basemergesandmoerges,False,False,merge
grimjim/Magot-v2-Gemma2-8k-9B,grimjim/Magot-v2-Gemma2-8k-9B (Merge),grimjim,1,False,2024-09,9.242,Gemma2ForCausalLM,basemergesandmoerges,False,False,merge
grimjim/SauerHuatuoSkywork-o1-Llama-3.1-8B,grimjim/SauerHuatuoSkywork-o1-Llama-3.1-8B (Merge),grimjim,1,False,2025-01,8.03,LlamaForCausalLM,basemergesandmoerges,False,False,merge
grimjim/llama-3-Nephilim-v1-8B,grimjim/llama-3-Nephilim-v1-8B (Merge),grimjim,1,False,2024-06,8.03,LlamaForCausalLM,basemergesandmoerges,False,False,merge
grimjim/llama-3-Nephilim-v2-8B,grimjim/llama-3-Nephilim-v2-8B (Merge),grimjim,1,False,2024-06,8.03,LlamaForCausalLM,basemergesandmoerges,False,False,merge
grimjim/llama-3-Nephilim-v2.1-8B,grimjim/llama-3-Nephilim-v2.1-8B (Merge),grimjim,1,False,2024-07,8.03,LlamaForCausalLM,basemergesandmoerges,False,False,merge
grimjim/llama-3-Nephilim-v3-8B,grimjim/llama-3-Nephilim-v3-8B (Merge),grimjim,1,False,2024-07,8.03,LlamaForCausalLM,basemergesandmoerges,False,False,merge
gupta-tanish/llama-7b-dpo-baseline,gupta-tanish/llama-7b-dpo-baseline (Merge),gupta-tanish,1,False,2024-09,6.738,LlamaForCausalLM,fine-tunedondomain-specificdatasets,False,False,merge
gz987/qwen2.5-7b-cabs-v0.1,gz987/qwen2.5-7b-cabs-v0.1 (Merge),gz987,1,False,2025-02,7.616,Qwen2ForCausalLM,basemergesandmoerges,False,False,merge
gz987/qwen2.5-7b-cabs-v0.2,gz987/qwen2.5-7b-cabs-v0.2 (Merge),gz987,1,False,2025-02,7.616,Qwen2ForCausalLM,basemergesandmoerges,False,False,merge
gz987/qwen2.5-7b-cabs-v0.3,gz987/qwen2.5-7b-cabs-v0.3 (Merge),gz987,1,False,2025-02,7.616,Qwen2ForCausalLM,basemergesandmoerges,False,False,merge
gz987/qwen2.5-7b-cabs-v0.4,gz987/qwen2.5-7b-cabs-v0.4 (Merge),gz987,1,False,2025-02,7.616,Qwen2ForCausalLM,basemergesandmoerges,False,False,merge
h2oai/h2o-danube-1.8b-chat,h2oai/h2o-danube-1.8b-chat,h2oai,0,False,2024-01,1.831,MistralForCausalLM,fine-tunedondomain-specificdatasets,False,True,
h2oai/h2o-danube3-4b-base,h2oai/h2o-danube3-4b-base,h2oai,0,True,2024-07,3.962,LlamaForCausalLM,continuouslypretrained,False,True,
h2oai/h2o-danube3-4b-chat,h2oai/h2o-danube3-4b-chat,h2oai,0,False,2024-07,3.962,LlamaForCausalLM,chatmodels,False,True,
h2oai/h2o-danube3-500m-chat,h2oai/h2o-danube3-500m-chat,h2oai,0,False,2024-07,0.514,LlamaForCausalLM,chatmodels,False,True,
h2oai/h2o-danube3.1-4b-chat,h2oai/h2o-danube3.1-4b-chat,h2oai,0,False,2024-11,3.962,LlamaForCausalLM,chatmodels,False,True,
haoranxu/ALMA-13B-R,haoranxu/ALMA-13B-R,haoranxu,0,False,2024-01,13.0,?,chatmodels,False,True,
haoranxu/Llama-3-Instruct-8B-CPO-SimPO,haoranxu/Llama-3-Instruct-8B-CPO-SimPO,haoranxu,0,False,2024-06,8.03,LlamaForCausalLM,chatmodels,False,True,
haoranxu/Llama-3-Instruct-8B-SimPO,meta-llama/Meta-Llama-3-8B-Instruct,meta-llama,1,False,2024-06,8.03,LlamaForCausalLM,chatmodels,False,True,
hatemmahmoud/qwen2.5-1.5b-sft-raft-grpo-hra-doc,hatemmahmoud/qwen2.5-1.5b-sft-raft-grpo-hra-doc,hatemmahmoud,0,False,2025-03,1.544,Qwen2ForCausalLM,chatmodels,False,True,
hon9kon9ize/CantoneseLLMChat-v0.5,hon9kon9ize/CantoneseLLMChat-v0.5,hon9kon9ize,0,True,2024-07,6.069,LlamaForCausalLM,continuouslypretrained,False,True,
hon9kon9ize/CantoneseLLMChat-v1.0-7B,hon9kon9ize/CantoneseLLMChat-v1.0-7B,hon9kon9ize,0,True,2024-10,7.616,Qwen2ForCausalLM,fine-tunedondomain-specificdatasets,False,False,base_removed
hongbai12/li-0.4-pre,hongbai12/li-0.4-pre,hongbai12,0,True,,14.77,Qwen2ForCausalLM,basemergesandmoerges,False,False,merge
hotmailuser/Deepseek-qwen-modelstock-2B,hotmailuser/Deepseek-qwen-modelstock-2B (Merge),hotmailuser,1,False,2025-01,1.777,Qwen2ForCausalLM,basemergesandmoerges,False,False,merge
hotmailuser/Falcon3Slerp1-10B,hotmailuser/Falcon3Slerp1-10B (Merge),hotmailuser,1,False,2024-12,10.306,LlamaForCausalLM,basemergesandmoerges,False,False,merge
hotmailuser/Falcon3Slerp2-10B,hotmailuser/Falcon3Slerp2-10B (Merge),hotmailuser,1,False,2024-12,10.306,LlamaForCausalLM,basemergesandmoerges,False,False,merge
hotmailuser/Falcon3Slerp4-10B,hotmailuser/Falcon3Slerp4-10B (Merge),hotmailuser,1,False,2024-12,10.306,LlamaForCausalLM,basemergesandmoerges,False,False,merge
hotmailuser/FalconSlerp-3B,hotmailuser/FalconSlerp-3B (Merge),hotmailuser,1,False,2025-01,3.228,LlamaForCausalLM,basemergesandmoerges,False,False,merge
hotmailuser/FalconSlerp1-7B,hotmailuser/FalconSlerp1-7B (Merge),hotmailuser,1,False,2024-12,7.456,LlamaForCausalLM,basemergesandmoerges,False,False,merge
hotmailuser/FalconSlerp2-7B,hotmailuser/FalconSlerp2-7B (Merge),hotmailuser,1,False,2024-12,7.456,LlamaForCausalLM,basemergesandmoerges,False,False,merge
hotmailuser/FalconSlerp3-10B,hotmailuser/FalconSlerp3-10B (Merge),hotmailuser,1,False,2024-12,10.306,LlamaForCausalLM,basemergesandmoerges,False,False,merge
hotmailuser/FalconSlerp3-7B,hotmailuser/FalconSlerp3-7B (Merge),hotmailuser,1,False,2024-12,7.456,LlamaForCausalLM,basemergesandmoerges,False,False,merge
hotmailuser/FalconSlerp4-7B,hotmailuser/FalconSlerp4-7B (Merge),hotmailuser,1,False,2025-01,7.456,LlamaForCausalLM,basemergesandmoerges,False,False,merge
hotmailuser/FalconSlerp6-7B,hotmailuser/FalconSlerp6-7B (Merge),hotmailuser,1,False,2025-01,7.456,LlamaForCausalLM,basemergesandmoerges,False,False,merge
hotmailuser/Gemma2Crono-27B,hotmailuser/Gemma2Crono-27B (Merge),hotmailuser,1,False,2024-12,27.227,Gemma2ForCausalLM,basemergesandmoerges,False,False,merge
hotmailuser/Gemma2SimPO-27B,hotmailuser/Gemma2SimPO-27B,hotmailuser,0,True,,27.227,Gemma2ForCausalLM,basemergesandmoerges,False,False,merge
hotmailuser/Gemma2atlas-27B,hotmailuser/Gemma2atlas-27B (Merge),hotmailuser,1,False,2024-12,27.227,Gemma2ForCausalLM,basemergesandmoerges,False,False,merge
hotmailuser/Gemma2magnum-27b,hotmailuser/Gemma2magnum-27b,hotmailuser,0,True,,27.227,Gemma2ForCausalLM,basemergesandmoerges,False,False,merge
hotmailuser/Llama-Hermes-slerp-8B,hotmailuser/Llama-Hermes-slerp-8B (Merge),hotmailuser,1,False,2024-12,8.03,LlamaForCausalLM,basemergesandmoerges,False,False,merge
hotmailuser/Llama-Hermes-slerp2-8B,hotmailuser/Llama-Hermes-slerp2-8B (Merge),hotmailuser,1,False,2024-12,8.03,LlamaForCausalLM,basemergesandmoerges,False,False,merge
hotmailuser/LlamaStock-8B,hotmailuser/LlamaStock-8B (Merge),hotmailuser,1,False,2024-12,8.03,LlamaForCausalLM,basemergesandmoerges,False,False,merge
hotmailuser/Mistral-modelstock-24B,hotmailuser/Mistral-modelstock-24B (Merge),hotmailuser,1,False,2025-02,23.572,MistralForCausalLM,basemergesandmoerges,False,False,merge
hotmailuser/Mistral-modelstock2-24B,hotmailuser/Mistral-modelstock2-24B (Merge),hotmailuser,1,False,2025-02,23.572,MistralForCausalLM,basemergesandmoerges,False,False,merge
hotmailuser/Phi4-Slerp4-14B,hotmailuser/Phi4-Slerp4-14B (Merge),hotmailuser,1,False,2025-01,14.66,LlamaForCausalLM,basemergesandmoerges,False,False,merge
hotmailuser/Qwen2.5-HomerSlerp-7B,hotmailuser/Qwen2.5-HomerSlerp-7B (Merge),hotmailuser,1,False,2024-12,7.616,Qwen2ForCausalLM,basemergesandmoerges,False,False,merge
hotmailuser/QwenModelStock-1.8B,hotmailuser/QwenModelStock-1.8B (Merge),hotmailuser,1,False,2025-01,1.777,Qwen2ForCausalLM,basemergesandmoerges,False,False,merge
hotmailuser/QwenSlerp-14B,hotmailuser/QwenSlerp-14B (Merge),hotmailuser,1,False,2024-12,14.766,Qwen2ForCausalLM,basemergesandmoerges,False,False,merge
hotmailuser/QwenSlerp-3B,hotmailuser/QwenSlerp-3B (Merge),hotmailuser,1,False,2025-01,3.397,Qwen2ForCausalLM,basemergesandmoerges,False,False,merge
hotmailuser/QwenSlerp-7B,hotmailuser/QwenSlerp-7B (Merge),hotmailuser,1,False,2024-12,7.616,Qwen2ForCausalLM,basemergesandmoerges,False,False,merge
hotmailuser/QwenSlerp2-14B,hotmailuser/QwenSlerp2-14B (Merge),hotmailuser,1,False,2025-01,14.766,Qwen2ForCausalLM,basemergesandmoerges,False,False,merge
hotmailuser/QwenSlerp2-3B,hotmailuser/QwenSlerp2-3B (Merge),hotmailuser,1,False,2025-01,3.397,Qwen2ForCausalLM,basemergesandmoerges,False,False,merge
hotmailuser/QwenSlerp3-14B,hotmailuser/QwenSlerp3-14B (Merge),hotmailuser,1,False,2025-01,14.766,Qwen2ForCausalLM,basemergesandmoerges,False,False,merge
hotmailuser/QwenSparse-7B,hotmailuser/QwenSparse-7B (Merge),hotmailuser,1,False,2025-01,7.616,Qwen2ForCausalLM,basemergesandmoerges,False,False,merge
hotmailuser/QwenStock-0.5B,hotmailuser/QwenStock-0.5B (Merge),hotmailuser,1,False,2025-01,0.63,Qwen2ForCausalLM,basemergesandmoerges,False,False,merge
hotmailuser/QwenStock-1.7B,hotmailuser/QwenStock-1.7B (Merge),hotmailuser,1,False,2025-01,1.777,Qwen2ForCausalLM,basemergesandmoerges,False,False,merge
hotmailuser/QwenStock1-14B,hotmailuser/QwenStock1-14B (Merge),hotmailuser,1,False,2024-12,14.766,Qwen2ForCausalLM,basemergesandmoerges,False,False,merge
hotmailuser/RombosBeagle-v2beta-MGS-32B,hotmailuser/RombosBeagle-v2beta-MGS-32B (Merge),hotmailuser,1,False,2024-12,32.764,Qwen2ForCausalLM,basemergesandmoerges,False,False,merge
huggyllama/llama-13b,huggyllama/llama-13b,huggyllama,0,False,2023-04,13.016,LlamaForCausalLM,fine-tunedondomain-specificdatasets,False,True,
huggyllama/llama-65b,huggyllama/llama-65b,huggyllama,0,True,2023-04,65.286,LlamaForCausalLM,pretrained,False,True,
huggyllama/llama-7b,huggyllama/llama-7b,huggyllama,0,False,2023-04,6.738,LlamaForCausalLM,fine-tunedondomain-specificdatasets,False,True,
huihui-ai/DeepSeek-R1-Distill-Qwen-14B-abliterated-v2,huihui-ai/DeepSeek-R1-Distill-Qwen-14B-abliterated-v2 (Merge),huihui-ai,1,False,2025-01,14.77,Qwen2ForCausalLM,fine-tunedondomain-specificdatasets,False,False,merge
huihui-ai/QwQ-32B-Coder-Fusion-7030,huihui-ai/QwQ-32B-Coder-Fusion-7030 (Merge),huihui-ai,1,False,2024-11,32.764,Qwen2ForCausalLM,basemergesandmoerges,False,False,merge
huihui-ai/QwQ-32B-Coder-Fusion-8020,huihui-ai/QwQ-32B-Coder-Fusion-8020 (Merge),huihui-ai,1,False,2024-11,32.764,Qwen2ForCausalLM,basemergesandmoerges,False,False,merge
huihui-ai/QwQ-32B-Coder-Fusion-9010,huihui-ai/QwQ-32B-Coder-Fusion-9010 (Merge),huihui-ai,1,False,2024-11,32.764,Qwen2ForCausalLM,basemergesandmoerges,False,False,merge
huihui-ai/Qwen2.5-14B-Instruct-abliterated-v2,Qwen/Qwen2.5-14B,Qwen,1,True,2024-10,14.77,Qwen2ForCausalLM,fine-tunedondomain-specificdatasets,False,True,
huihui-ai/Qwen2.5-72B-Instruct-abliterated,Qwen/Qwen2.5-72B,Qwen,1,True,2024-10,72.706,Qwen2ForCausalLM,fine-tunedondomain-specificdatasets,False,True,
huihui-ai/Qwen2.5-7B-Instruct-abliterated,Qwen/Qwen2.5-7B,Qwen,1,True,2024-09,7.616,Qwen2ForCausalLM,fine-tunedondomain-specificdatasets,False,True,
huihui-ai/Qwen2.5-7B-Instruct-abliterated-v2,Qwen/Qwen2.5-7B,Qwen,1,True,2024-09,7.616,Qwen2ForCausalLM,fine-tunedondomain-specificdatasets,False,True,
huu-ontocord/wide_3b_orpo_stage1.1-ss1-orpo3,huu-ontocord/wide_3b_orpo_stage1.1-ss1-orpo3,huu-ontocord,0,True,,3.759,Qwen2ForCausalLM,pretrained,False,False,base_removed
iFaz/llama31_8B_en_emo_v4,iFaz/llama31_8B_en_emo_v4,iFaz,0,True,,4.777,,fine-tunedondomain-specificdatasets,False,False,base_removed
iFaz/llama32_1B_en_emo_v1,meta-llama/Llama-3.2-3B-Instruct,meta-llama,1,False,2024-12,0.765,LlamaForCausalLM,fine-tunedondomain-specificdatasets,False,True,
iFaz/llama32_3B_en_emo_1000_stp,meta-llama/Llama-3.2-3B-Instruct,meta-llama,1,False,2025-03,1.848,LlamaForCausalLM,fine-tunedondomain-specificdatasets,False,True,
iFaz/llama32_3B_en_emo_2000_stp,meta-llama/Llama-3.2-3B-Instruct,meta-llama,1,False,2025-03,1.848,LlamaForCausalLM,fine-tunedondomain-specificdatasets,False,True,
iFaz/llama32_3B_en_emo_300_stp,meta-llama/Llama-3.2-3B-Instruct,meta-llama,1,False,2025-03,1.848,LlamaForCausalLM,fine-tunedondomain-specificdatasets,False,True,
iFaz/llama32_3B_en_emo_5000_stp,meta-llama/Llama-3.2-3B-Instruct,meta-llama,1,False,2025-03,1.848,LlamaForCausalLM,fine-tunedondomain-specificdatasets,False,True,
iFaz/llama32_3B_en_emo_v2,meta-llama/Llama-3.2-3B-Instruct,meta-llama,1,False,2024-12,1.848,LlamaForCausalLM,fine-tunedondomain-specificdatasets,False,True,
iFaz/llama32_3B_en_emo_v3,meta-llama/Llama-3.2-3B-Instruct,meta-llama,1,False,2025-02,1.848,LlamaForCausalLM,fine-tunedondomain-specificdatasets,False,True,
iRyanBell/ARC1,iRyanBell/ARC1,iRyanBell,0,False,2024-05,8.03,LlamaForCausalLM,fine-tunedondomain-specificdatasets,False,True,
iRyanBell/ARC1-II,iRyanBell/ARC1-II,iRyanBell,0,False,2024-06,8.03,LlamaForCausalLM,fine-tunedondomain-specificdatasets,False,True,
ibivibiv/colossus_120b,ibivibiv/colossus_120b,ibivibiv,0,False,2024-04,117.749,LlamaForCausalLM,fine-tunedondomain-specificdatasets,False,True,
ibivibiv/multimaster-7b-v6,ibivibiv/multimaster-7b-v6,ibivibiv,0,False,2024-02,35.428,MixtralForCausalLM,fine-tunedondomain-specificdatasets,False,True,
ibm/PowerLM-3b,ibm/PowerLM-3b,ibm,0,True,2024-08,3.512,GraniteForCausalLM,pretrained,False,True,
ibm/merlinite-7b,mistralai/Mistral-7B-v0.1,mistralai,1,True,2024-03,7.242,MistralForCausalLM,chatmodels,False,True,
ibm-granite/granite-3.0-1b-a400m-base,ibm-granite/granite-3.0-1b-a400m-base,ibm-granite,0,True,2024-10,1.335,GraniteForCausalLM,pretrained,False,True,
ibm-granite/granite-3.0-1b-a400m-instruct,ibm-granite/granite-3.0-1b-a400m-instruct (Merge),ibm-granite,1,False,2024-10,1.335,GraniteForCausalLM,chatmodels,False,False,merge
ibm-granite/granite-3.0-2b-base,ibm-granite/granite-3.0-2b-base,ibm-granite,0,True,2024-10,2.634,GraniteForCausalLM,pretrained,False,True,
ibm-granite/granite-3.0-2b-instruct,ibm-granite/granite-3.0-2b-instruct (Merge),ibm-granite,1,False,2024-10,2.634,GraniteForCausalLM,chatmodels,False,False,merge
ibm-granite/granite-3.0-3b-a800m-base,ibm-granite/granite-3.0-3b-a800m-base,ibm-granite,0,True,2024-10,3.374,GraniteForCausalLM,pretrained,False,True,
ibm-granite/granite-3.0-3b-a800m-instruct,ibm-granite/granite-3.0-3b-a800m-instruct (Merge),ibm-granite,1,False,2024-10,3.374,GraniteForCausalLM,chatmodels,False,False,merge
ibm-granite/granite-3.0-8b-base,ibm-granite/granite-3.0-8b-base,ibm-granite,0,True,2024-10,8.171,GraniteForCausalLM,pretrained,False,True,
ibm-granite/granite-3.0-8b-instruct,ibm-granite/granite-3.0-8b-instruct (Merge),ibm-granite,1,False,2024-10,8.171,GraniteForCausalLM,chatmodels,False,False,merge
ibm-granite/granite-3.1-1b-a400m-base,ibm-granite/granite-3.1-1b-a400m-base,ibm-granite,0,True,2024-12,1.335,GraniteMoeForCausalLM,pretrained,False,True,
ibm-granite/granite-3.1-1b-a400m-instruct,ibm-granite/granite-3.1-1b-a400m-instruct (Merge),ibm-granite,1,False,2024-12,1.335,GraniteMoeForCausalLM,chatmodels,False,False,merge
ibm-granite/granite-3.1-2b-base,ibm-granite/granite-3.1-2b-base,ibm-granite,0,True,2024-12,2.534,GraniteForCausalLM,pretrained,False,True,
ibm-granite/granite-3.1-2b-instruct,ibm-granite/granite-3.1-2b-instruct (Merge),ibm-granite,1,False,2024-12,2.534,GraniteForCausalLM,chatmodels,False,False,merge
ibm-granite/granite-3.1-3b-a800m-base,ibm-granite/granite-3.1-3b-a800m-base,ibm-granite,0,True,2024-12,3.299,GraniteMoeForCausalLM,pretrained,False,True,
ibm-granite/granite-3.1-3b-a800m-instruct,ibm-granite/granite-3.1-3b-a800m-instruct (Merge),ibm-granite,1,False,2024-12,3.299,GraniteMoeForCausalLM,chatmodels,False,False,merge
ibm-granite/granite-3.1-8b-base,ibm-granite/granite-3.1-8b-base,ibm-granite,0,True,2024-12,8.171,GraniteForCausalLM,pretrained,False,True,
ibm-granite/granite-3.1-8b-instruct,ibm-granite/granite-3.1-8b-instruct (Merge),ibm-granite,1,False,2024-12,8.171,GraniteForCausalLM,chatmodels,False,False,merge
ibm-granite/granite-3.2-2b-instruct,ibm-granite/granite-3.2-2b-instruct (Merge),ibm-granite,1,False,2025-02,2.534,GraniteForCausalLM,chatmodels,False,False,merge
ibm-granite/granite-3.2-8b-instruct,ibm-granite/granite-3.2-8b-instruct (Merge),ibm-granite,1,False,2025-02,8.171,GraniteForCausalLM,chatmodels,False,False,merge
ibm-granite/granite-7b-base,ibm-granite/granite-7b-base,ibm-granite,0,True,2024-04,6.738,LlamaForCausalLM,pretrained,False,True,
ibm-granite/granite-7b-instruct,ibm/granite-7b-base,ibm,1,False,2024-05,6.738,LlamaForCausalLM,chatmodels,False,True,
icefog72/Ice0.15-02.10-RP,icefog72/Ice0.15-02.10-RP,icefog72,0,False,2024-10,7.242,MistralForCausalLM,basemergesandmoerges,False,False,merge
icefog72/Ice0.16-02.10-RP,icefog72/Ice0.16-02.10-RP,icefog72,0,False,2024-10,7.242,MistralForCausalLM,basemergesandmoerges,False,False,merge
icefog72/Ice0.17-03.10-RP,icefog72/Ice0.17-03.10-RP,icefog72,0,False,2024-10,7.242,MistralForCausalLM,basemergesandmoerges,False,False,merge
icefog72/Ice0.27-06.11-RP,icefog72/Ice0.27-06.11-RP (Merge),icefog72,1,False,2024-11,7.242,MistralForCausalLM,basemergesandmoerges,False,False,merge
icefog72/Ice0.29-06.11-RP,icefog72/Ice0.29-06.11-RP (Merge),icefog72,1,False,2024-11,7.242,MistralForCausalLM,basemergesandmoerges,False,False,merge
icefog72/Ice0.31-08.11-RP,icefog72/Ice0.31-08.11-RP (Merge),icefog72,1,False,2024-11,7.242,MistralForCausalLM,basemergesandmoerges,False,False,merge
icefog72/Ice0.32-10.11-RP,icefog72/Ice0.32-10.11-RP (Merge),icefog72,1,False,2024-11,7.242,MistralForCausalLM,basemergesandmoerges,False,False,merge
icefog72/Ice0.34b-14.11-RP,icefog72/Ice0.34b-14.11-RP (Merge),icefog72,1,False,2024-11,7.242,MistralForCausalLM,basemergesandmoerges,False,False,merge
icefog72/Ice0.34n-14.11-RP,icefog72/Ice0.34n-14.11-RP (Merge),icefog72,1,False,2024-11,7.242,MistralForCausalLM,basemergesandmoerges,False,False,merge
icefog72/Ice0.37-18.11-RP,icefog72/Ice0.37-18.11-RP (Merge),icefog72,1,False,2024-11,7.242,MistralForCausalLM,basemergesandmoerges,False,False,merge
icefog72/Ice0.38-19.11-RP,icefog72/Ice0.38-19.11-RP,icefog72,0,True,,7.242,MistralForCausalLM,basemergesandmoerges,False,False,merge
icefog72/Ice0.39-19.11-RP,icefog72/Ice0.39-19.11-RP,icefog72,0,True,,7.242,MistralForCausalLM,basemergesandmoerges,False,False,merge
icefog72/Ice0.40-20.11-RP,icefog72/Ice0.40-20.11-RP (Merge),icefog72,1,False,2024-11,7.242,MistralForCausalLM,basemergesandmoerges,False,False,merge
icefog72/Ice0.41-22.11-RP,icefog72/Ice0.41-22.11-RP (Merge),icefog72,1,False,2024-11,7.242,MistralForCausalLM,basemergesandmoerges,False,False,merge
icefog72/Ice0.50-16.01-RP,icefog72/Ice0.50-16.01-RP (Merge),icefog72,1,False,2025-01,7.242,MistralForCausalLM,basemergesandmoerges,False,False,merge
icefog72/Ice0.50.1-16.01-RP,icefog72/Ice0.50.1-16.01-RP (Merge),icefog72,1,False,2025-01,7.242,MistralForCausalLM,basemergesandmoerges,False,False,merge
icefog72/Ice0.51-16.01-RP,icefog72/Ice0.51-16.01-RP (Merge),icefog72,1,False,2025-01,7.242,MistralForCausalLM,basemergesandmoerges,False,False,merge
icefog72/Ice0.51.1-16.01-RP,icefog72/Ice0.51.1-16.01-RP (Merge),icefog72,1,False,2025-01,7.242,MistralForCausalLM,basemergesandmoerges,False,False,merge
icefog72/Ice0.52-16.01-RP,icefog72/Ice0.52-16.01-RP (Merge),icefog72,1,False,2025-01,7.242,MistralForCausalLM,basemergesandmoerges,False,False,merge
icefog72/Ice0.52.1-16.01-RP,icefog72/Ice0.52.1-16.01-RP (Merge),icefog72,1,False,2025-01,7.242,MistralForCausalLM,basemergesandmoerges,False,False,merge
icefog72/Ice0.53-16.01-RP,icefog72/Ice0.53-16.01-RP (Merge),icefog72,1,False,2025-01,7.242,MistralForCausalLM,basemergesandmoerges,False,False,merge
icefog72/Ice0.54-17.01-RP,icefog72/Ice0.54-17.01-RP (Merge),icefog72,1,False,2025-01,7.242,MistralForCausalLM,basemergesandmoerges,False,False,merge
icefog72/Ice0.55-17.01-RP,icefog72/Ice0.55-17.01-RP (Merge),icefog72,1,False,2025-01,7.242,MistralForCausalLM,basemergesandmoerges,False,False,merge
icefog72/Ice0.57-17.01-RP,icefog72/Ice0.57-17.01-RP (Merge),icefog72,1,False,2025-01,7.242,MistralForCausalLM,basemergesandmoerges,False,False,merge
icefog72/Ice0.60-18.01-RP,icefog72/Ice0.60-18.01-RP (Merge),icefog72,1,False,2025-01,7.242,MistralForCausalLM,basemergesandmoerges,False,False,merge
icefog72/Ice0.60.1-18.01-RP,icefog72/Ice0.60.1-18.01-RP (Merge),icefog72,1,False,2025-01,7.242,MistralForCausalLM,basemergesandmoerges,False,False,merge
icefog72/Ice0.61-18.01-RP,icefog72/Ice0.61-18.01-RP (Merge),icefog72,1,False,2025-01,7.242,MistralForCausalLM,basemergesandmoerges,False,False,merge
icefog72/Ice0.62-18.01-RP,icefog72/Ice0.62-18.01-RP (Merge),icefog72,1,False,2025-01,7.242,MistralForCausalLM,basemergesandmoerges,False,False,merge
icefog72/Ice0.62.1-24.01-RP,icefog72/Ice0.62.1-24.01-RP (Merge),icefog72,1,False,2025-01,7.242,MistralForCausalLM,basemergesandmoerges,False,False,merge
icefog72/Ice0.64-24.01-RP,icefog72/Ice0.64-24.01-RP (Merge),icefog72,1,False,2025-01,7.242,MistralForCausalLM,basemergesandmoerges,False,False,merge
icefog72/Ice0.64.1-24.01-RP,icefog72/Ice0.64.1-24.01-RP (Merge),icefog72,1,False,2025-01,7.242,MistralForCausalLM,basemergesandmoerges,False,False,merge
icefog72/Ice0.65-25.01-RP,icefog72/Ice0.65-25.01-RP (Merge),icefog72,1,False,2025-01,7.242,MistralForCausalLM,basemergesandmoerges,False,False,merge
icefog72/Ice0.66-25.01-RP,icefog72/Ice0.66-25.01-RP (Merge),icefog72,1,False,2025-01,7.242,MistralForCausalLM,basemergesandmoerges,False,False,merge
icefog72/Ice0.67-25.01-RP,icefog72/Ice0.67-25.01-RP (Merge),icefog72,1,False,2025-01,7.242,MistralForCausalLM,basemergesandmoerges,False,False,merge
icefog72/Ice0.68-25.01-RP,icefog72/Ice0.68-25.01-RP (Merge),icefog72,1,False,2025-01,7.242,MistralForCausalLM,basemergesandmoerges,False,False,merge
icefog72/Ice0.69-25.01-RP,icefog72/Ice0.69-25.01-RP (Merge),icefog72,1,False,2025-01,7.242,MistralForCausalLM,basemergesandmoerges,False,False,merge
icefog72/Ice0.7-29.09-RP,icefog72/Ice0.7-29.09-RP (Merge),icefog72,1,False,2024-09,7.242,MistralForCausalLM,basemergesandmoerges,False,False,merge
icefog72/Ice0.70-25.01-RP,icefog72/Ice0.70-25.01-RP,icefog72,0,False,2025-01,7.242,MistralForCausalLM,basemergesandmoerges,False,False,merge
icefog72/Ice0.70.1-01.02-RP,icefog72/Ice0.70.1-01.02-RP (Merge),icefog72,1,False,2025-02,7.242,MistralForCausalLM,basemergesandmoerges,False,False,merge
icefog72/Ice0.73-01.02-RP,icefog72/Ice0.73-01.02-RP (Merge),icefog72,1,False,2025-02,7.242,MistralForCausalLM,basemergesandmoerges,False,False,merge
icefog72/Ice0.74-02.02-RP,icefog72/Ice0.74-02.02-RP (Merge),icefog72,1,False,2025-02,7.242,MistralForCausalLM,basemergesandmoerges,False,False,merge
icefog72/Ice0.76-02.02-RP,icefog72/Ice0.76-02.02-RP (Merge),icefog72,1,False,2025-02,7.242,MistralForCausalLM,basemergesandmoerges,False,False,merge
icefog72/Ice0.77-02.02-RP,icefog72/Ice0.77-02.02-RP (Merge),icefog72,1,False,2025-02,7.242,MistralForCausalLM,basemergesandmoerges,False,False,merge
icefog72/Ice0.78-02.02-RP,icefog72/Ice0.78-02.02-RP (Merge),icefog72,1,False,2025-02,7.242,MistralForCausalLM,basemergesandmoerges,False,False,merge
icefog72/Ice0.80-03.02-RP,icefog72/Ice0.80-03.02-RP (Merge),icefog72,1,False,2025-02,7.242,MistralForCausalLM,basemergesandmoerges,False,False,merge
icefog72/IceCocoaRP-7b,icefog72/IceCocoaRP-7b (Merge),icefog72,1,False,2024-06,7.242,MistralForCausalLM,basemergesandmoerges,False,False,merge
icefog72/IceCoffeeRP-7b,icefog72/IceCoffeeRP-7b,icefog72,0,False,2024-04,7.242,MistralForCausalLM,basemergesandmoerges,False,False,merge
icefog72/IceDrinkByFrankensteinV3RP,icefog72/IceDrinkByFrankensteinV3RP,icefog72,0,False,2024-09,7.242,MistralForCausalLM,basemergesandmoerges,False,False,merge
icefog72/IceDrinkNameGoesHereRP-7b-Model_Stock,icefog72/IceDrinkNameGoesHereRP-7b-Model_Stock,icefog72,0,False,2024-09,7.242,MistralForCausalLM,basemergesandmoerges,False,False,merge
icefog72/IceDrinkNameNotFoundRP-7b-Model_Stock,icefog72/IceDrinkNameNotFoundRP-7b-Model_Stock,icefog72,0,False,2024-09,7.242,MistralForCausalLM,basemergesandmoerges,False,False,merge
icefog72/IceDrunkCherryRP-7b,icefog72/IceDrunkCherryRP-7b,icefog72,0,False,2024-09,7.242,MistralForCausalLM,basemergesandmoerges,False,False,merge
icefog72/IceDrunkenCherryRP-7b,icefog72/IceDrunkenCherryRP-7b (Merge),icefog72,1,False,2024-11,7.242,MistralForCausalLM,basemergesandmoerges,False,False,merge
icefog72/IceEspressoRPv2-7b,icefog72/IceEspressoRPv2-7b (Merge),icefog72,1,False,2024-09,7.242,MistralForCausalLM,basemergesandmoerges,False,False,merge
icefog72/IceLemonTeaRP-32k-7b,icefog72/IceLemonTeaRP-32k-7b (Merge),icefog72,1,False,2024-04,7.242,MistralForCausalLM,basemergesandmoerges,False,False,merge
icefog72/IceMartiniRP-7b,icefog72/IceMartiniRP-7b,icefog72,0,False,2024-09,7.242,MistralForCausalLM,fine-tunedondomain-specificdatasets,False,True,
icefog72/IceNalyvkaRP-7b,icefog72/IceNalyvkaRP-7b,icefog72,0,False,2025-01,7.242,MistralForCausalLM,basemergesandmoerges,False,False,merge
icefog72/IceSakeRP-7b,icefog72/IceSakeRP-7b (Merge),icefog72,1,False,2024-07,7.242,MistralForCausalLM,basemergesandmoerges,False,False,merge
icefog72/IceSakeV4RP-7b,icefog72/IceSakeV4RP-7b,icefog72,0,True,,7.242,MistralForCausalLM,basemergesandmoerges,False,False,merge
icefog72/IceSakeV6RP-7b,icefog72/IceSakeV6RP-7b,icefog72,0,True,,7.242,MistralForCausalLM,basemergesandmoerges,False,False,merge
icefog72/IceSakeV8RP-7b,icefog72/IceSakeV8RP-7b,icefog72,0,False,2024-06,7.242,MistralForCausalLM,basemergesandmoerges,False,False,merge
icefog72/IceTea21EnergyDrinkRPV13-DPOv3,icefog72/IceTea21EnergyDrinkRPV13-DPOv3 (Merge),icefog72,1,False,2024-09,7.242,MistralForCausalLM,basemergesandmoerges,False,False,merge
icefog72/IceTea21EnergyDrinkRPV13-DPOv3.5,icefog72/IceTea21EnergyDrinkRPV13-DPOv3.5,icefog72,0,True,,7.242,MistralForCausalLM,basemergesandmoerges,False,False,merge
ifable/gemma-2-Ifable-9B,ifable/gemma-2-Ifable-9B,ifable,0,False,2024-09,9.242,Gemma2ForCausalLM,fine-tunedondomain-specificdatasets,False,True,
ilsp/Llama-Krikri-8B-Instruct,ilsp/Llama-Krikri-8B-Instruct (Merge),ilsp,1,False,2025-02,8.202,LlamaForCausalLM,chatmodels,False,False,merge
inflatebot/MN-12B-Mag-Mell-R1,inflatebot/MN-12B-Mag-Mell-R1 (Merge),inflatebot,1,False,2024-09,12.248,MistralForCausalLM,basemergesandmoerges,False,False,merge
informatiker/Qwen2-7B-Instruct-abliterated,informatiker/Qwen2-7B-Instruct-abliterated,informatiker,0,False,2024-07,7.616,Qwen2ForCausalLM,fine-tunedondomain-specificdatasets,False,True,
insightfactory/Llama-3.2-3B-Instruct-unsloth-bnb-4bitlora_model,meta-llama/Llama-3.2-3B-Instruct,meta-llama,1,False,2025-02,1.933,,fine-tunedondomain-specificdatasets,False,True,
instruction-pretrain/InstructLM-500M,instruction-pretrain/InstructLM-500M,instruction-pretrain,0,True,2024-06,0.5,MistralForCausalLM,pretrained,False,True,
internlm/internlm2-1_8b,internlm/internlm2-1_8b,internlm,0,True,2024-01,8.0,InternLM2ForCausalLM,pretrained,False,True,
internlm/internlm2-7b,internlm/internlm2-7b,internlm,0,False,2024-01,0.0,Unknown,❓other,False,True,
internlm/internlm2-chat-1_8b,internlm/internlm2-chat-1_8b,internlm,0,False,2024-01,1.889,InternLM2ForCausalLM,chatmodels,False,True,
internlm/internlm2_5-1_8b-chat,internlm/internlm2_5-1_8b-chat,internlm,0,False,2024-07,1.89,InternLM2ForCausalLM,chatmodels,False,True,
internlm/internlm2_5-20b-chat,internlm/internlm2_5-20b-chat,internlm,0,False,2024-07,19.86,InternLM2ForCausalLM,chatmodels,False,True,
internlm/internlm2_5-7b-chat,internlm/internlm2_5-7b-chat,internlm,0,False,2024-06,7.738,InternLM2ForCausalLM,chatmodels,False,True,
intervitens/mini-magnum-12b-v1.1,intervitens/mini-magnum-12b-v1.1,intervitens,0,False,2024-07,12.248,MistralForCausalLM,fine-tunedondomain-specificdatasets,False,True,
inumulaisk/eval_model,inumulaisk/eval_model,inumulaisk,0,False,2025-03,1.777,Qwen2ForCausalLM,fine-tunedondomain-specificdatasets,False,True,
invalid-coder/Sakura-SOLAR-Instruct-CarbonVillain-en-10.7B-v2-slerp,invalid-coder/Sakura-SOLAR-Instruct-CarbonVillain-en-10.7B-v2-slerp,invalid-coder,0,False,2024-01,10.732,LlamaForCausalLM,basemergesandmoerges,False,False,merge
invisietch/EtherealRainbow-v0.2-8B,invisietch/EtherealRainbow-v0.2-8B,invisietch,0,False,2024-06,8.03,LlamaForCausalLM,basemergesandmoerges,False,False,merge
invisietch/EtherealRainbow-v0.3-8B,invisietch/EtherealRainbow-v0.3-8B,invisietch,0,False,2024-06,8.03,LlamaForCausalLM,basemergesandmoerges,False,False,merge
invisietch/MiS-Firefly-v0.2-22B,invisietch/MiS-Firefly-v0.2-22B,invisietch,0,False,2024-11,22.247,MistralForCausalLM,fine-tunedondomain-specificdatasets,False,True,
invisietch/Nimbus-Miqu-v0.1-70B,invisietch/Nimbus-Miqu-v0.1-70B,invisietch,0,False,2024-06,68.977,LlamaForCausalLM,basemergesandmoerges,False,False,merge
irahulpandey/mistralai-7B-slerp-v0.1,irahulpandey/mistralai-7B-slerp-v0.1,irahulpandey,0,False,2025-01,7.242,MistralForCausalLM,basemergesandmoerges,False,False,merge
jaredjoss/pythia-410m-roberta-lr_8e7-kl_01-steps_12000-rlhf-model,jaredjoss/pythia-410m-roberta-lr_8e7-kl_01-steps_12000-rlhf-model,jaredjoss,0,False,2024-04,0.407,GPTNeoXForCausalLM,chatmodels,False,True,
jaspionjader/Auro-Kosmos-EVAA-v2-8B,jaspionjader/Auro-Kosmos-EVAA-v2-8B (Merge),jaspionjader,1,False,2024-12,8.03,LlamaForCausalLM,basemergesandmoerges,False,False,merge
jaspionjader/Auro-Kosmos-EVAA-v2.1-8B,jaspionjader/Auro-Kosmos-EVAA-v2.1-8B (Merge),jaspionjader,1,False,2024-12,8.03,LlamaForCausalLM,basemergesandmoerges,False,False,merge
jaspionjader/Auro-Kosmos-EVAA-v2.2-8B,jaspionjader/Auro-Kosmos-EVAA-v2.2-8B (Merge),jaspionjader,1,False,2024-12,8.03,LlamaForCausalLM,basemergesandmoerges,False,False,merge
jaspionjader/Auro-Kosmos-EVAA-v2.3-8B,jaspionjader/Auro-Kosmos-EVAA-v2.3-8B (Merge),jaspionjader,1,False,2024-12,8.03,LlamaForCausalLM,basemergesandmoerges,False,False,merge
jaspionjader/Kosmos-Aurora_faustus-8B,jaspionjader/Kosmos-Aurora_faustus-8B (Merge),jaspionjader,1,False,2024-12,8.03,LlamaForCausalLM,basemergesandmoerges,False,False,merge
jaspionjader/Kosmos-EVAA-8B,jaspionjader/Kosmos-EVAA-8B (Merge),jaspionjader,1,False,2024-12,8.03,LlamaForCausalLM,basemergesandmoerges,False,False,merge
jaspionjader/Kosmos-EVAA-Franken-Immersive-v39-8B,jaspionjader/Kosmos-EVAA-Franken-Immersive-v39-8B (Merge),jaspionjader,1,False,2025-01,8.03,LlamaForCausalLM,basemergesandmoerges,False,False,merge
jaspionjader/Kosmos-EVAA-Franken-v38-8B,jaspionjader/Kosmos-EVAA-Franken-v38-8B (Merge),jaspionjader,1,False,2025-01,8.03,LlamaForCausalLM,basemergesandmoerges,False,False,merge
jaspionjader/Kosmos-EVAA-Fusion-8B,jaspionjader/Kosmos-EVAA-Fusion-8B (Merge),jaspionjader,1,False,2024-12,8.03,LlamaForCausalLM,basemergesandmoerges,False,False,merge
jaspionjader/Kosmos-EVAA-PRP-8B,jaspionjader/Kosmos-EVAA-PRP-8B (Merge),jaspionjader,1,False,2024-12,8.03,LlamaForCausalLM,basemergesandmoerges,False,False,merge
jaspionjader/Kosmos-EVAA-PRP-light-8B,jaspionjader/Kosmos-EVAA-PRP-light-8B (Merge),jaspionjader,1,False,2024-12,8.03,LlamaForCausalLM,basemergesandmoerges,False,False,merge
jaspionjader/Kosmos-EVAA-PRP-v23-8B,jaspionjader/Kosmos-EVAA-PRP-v23-8B (Merge),jaspionjader,1,False,2024-12,8.03,LlamaForCausalLM,basemergesandmoerges,False,False,merge
jaspionjader/Kosmos-EVAA-PRP-v24-8B,jaspionjader/Kosmos-EVAA-PRP-v24-8B (Merge),jaspionjader,1,False,2024-12,8.03,LlamaForCausalLM,basemergesandmoerges,False,False,merge
jaspionjader/Kosmos-EVAA-PRP-v25-8B,jaspionjader/Kosmos-EVAA-PRP-v25-8B (Merge),jaspionjader,1,False,2024-12,8.03,LlamaForCausalLM,basemergesandmoerges,False,False,merge
jaspionjader/Kosmos-EVAA-PRP-v26-8B,jaspionjader/Kosmos-EVAA-PRP-v26-8B (Merge),jaspionjader,1,False,2024-12,8.03,LlamaForCausalLM,basemergesandmoerges,False,False,merge
jaspionjader/Kosmos-EVAA-PRP-v27-8B,jaspionjader/Kosmos-EVAA-PRP-v27-8B (Merge),jaspionjader,1,False,2024-12,8.03,LlamaForCausalLM,basemergesandmoerges,False,False,merge
jaspionjader/Kosmos-EVAA-PRP-v28-8B,jaspionjader/Kosmos-EVAA-PRP-v28-8B (Merge),jaspionjader,1,False,2024-12,8.03,LlamaForCausalLM,basemergesandmoerges,False,False,merge
jaspionjader/Kosmos-EVAA-PRP-v29-8B,jaspionjader/Kosmos-EVAA-PRP-v29-8B (Merge),jaspionjader,1,False,2024-12,8.03,LlamaForCausalLM,basemergesandmoerges,False,False,merge
jaspionjader/Kosmos-EVAA-PRP-v30-8B,jaspionjader/Kosmos-EVAA-PRP-v30-8B (Merge),jaspionjader,1,False,2024-12,8.03,LlamaForCausalLM,basemergesandmoerges,False,False,merge
jaspionjader/Kosmos-EVAA-PRP-v31-8B,jaspionjader/Kosmos-EVAA-PRP-v31-8B (Merge),jaspionjader,1,False,2024-12,8.03,LlamaForCausalLM,basemergesandmoerges,False,False,merge
jaspionjader/Kosmos-EVAA-PRP-v32-8B,jaspionjader/Kosmos-EVAA-PRP-v32-8B (Merge),jaspionjader,1,False,2024-12,8.03,LlamaForCausalLM,basemergesandmoerges,False,False,merge
jaspionjader/Kosmos-EVAA-PRP-v33-8B,jaspionjader/Kosmos-EVAA-PRP-v33-8B (Merge),jaspionjader,1,False,2024-12,8.03,LlamaForCausalLM,basemergesandmoerges,False,False,merge
jaspionjader/Kosmos-EVAA-PRP-v34-8B,jaspionjader/Kosmos-EVAA-PRP-v34-8B (Merge),jaspionjader,1,False,2024-12,8.03,LlamaForCausalLM,basemergesandmoerges,False,False,merge
jaspionjader/Kosmos-EVAA-TSN-8B,jaspionjader/Kosmos-EVAA-TSN-8B (Merge),jaspionjader,1,False,2024-12,8.03,LlamaForCausalLM,fine-tunedondomain-specificdatasets,False,False,merge
jaspionjader/Kosmos-EVAA-TSN-light-8B,jaspionjader/Kosmos-EVAA-TSN-light-8B (Merge),jaspionjader,1,False,2024-12,8.03,LlamaForCausalLM,basemergesandmoerges,False,False,merge
jaspionjader/Kosmos-EVAA-TSN-v19-8B,jaspionjader/Kosmos-EVAA-TSN-v19-8B (Merge),jaspionjader,1,False,2024-12,8.03,LlamaForCausalLM,basemergesandmoerges,False,False,merge
jaspionjader/Kosmos-EVAA-TSN-v20-8B,jaspionjader/Kosmos-EVAA-TSN-v20-8B (Merge),jaspionjader,1,False,2024-12,8.03,LlamaForCausalLM,basemergesandmoerges,False,False,merge
jaspionjader/Kosmos-EVAA-TSN-v21-8B,jaspionjader/Kosmos-EVAA-TSN-v21-8B (Merge),jaspionjader,1,False,2024-12,8.03,LlamaForCausalLM,basemergesandmoerges,False,False,merge
jaspionjader/Kosmos-EVAA-TSN-v22-8B,jaspionjader/Kosmos-EVAA-TSN-v22-8B (Merge),jaspionjader,1,False,2024-12,8.03,LlamaForCausalLM,basemergesandmoerges,False,False,merge
jaspionjader/Kosmos-EVAA-gamma-8B,jaspionjader/Kosmos-EVAA-gamma-8B (Merge),jaspionjader,1,False,2024-12,8.03,LlamaForCausalLM,basemergesandmoerges,False,False,merge
jaspionjader/Kosmos-EVAA-gamma-alt-8B,jaspionjader/Kosmos-EVAA-gamma-alt-8B (Merge),jaspionjader,1,False,2024-12,8.03,LlamaForCausalLM,basemergesandmoerges,False,False,merge
jaspionjader/Kosmos-EVAA-gamma-light-8B,jaspionjader/Kosmos-EVAA-gamma-light-8B (Merge),jaspionjader,1,False,2024-12,8.03,LlamaForCausalLM,basemergesandmoerges,False,False,merge
jaspionjader/Kosmos-EVAA-gamma-light-alt-8B,jaspionjader/Kosmos-EVAA-gamma-light-alt-8B (Merge),jaspionjader,1,False,2024-12,8.03,LlamaForCausalLM,basemergesandmoerges,False,False,merge
jaspionjader/Kosmos-EVAA-gamma-ultra-light-8B,jaspionjader/Kosmos-EVAA-gamma-ultra-light-8B (Merge),jaspionjader,1,False,2024-12,8.03,LlamaForCausalLM,basemergesandmoerges,False,False,merge
jaspionjader/Kosmos-EVAA-gamma-v13-8B,jaspionjader/Kosmos-EVAA-gamma-v13-8B (Merge),jaspionjader,1,False,2024-12,8.03,LlamaForCausalLM,basemergesandmoerges,False,False,merge
jaspionjader/Kosmos-EVAA-gamma-v14-8B,jaspionjader/Kosmos-EVAA-gamma-v14-8B (Merge),jaspionjader,1,False,2024-12,8.03,LlamaForCausalLM,basemergesandmoerges,False,False,merge
jaspionjader/Kosmos-EVAA-gamma-v15-8B,jaspionjader/Kosmos-EVAA-gamma-v15-8B (Merge),jaspionjader,1,False,2024-12,8.03,LlamaForCausalLM,basemergesandmoerges,False,False,merge
jaspionjader/Kosmos-EVAA-gamma-v16-8B,jaspionjader/Kosmos-EVAA-gamma-v16-8B (Merge),jaspionjader,1,False,2024-12,8.03,LlamaForCausalLM,basemergesandmoerges,False,False,merge
jaspionjader/Kosmos-EVAA-gamma-v17-8B,jaspionjader/Kosmos-EVAA-gamma-v17-8B (Merge),jaspionjader,1,False,2024-12,8.03,LlamaForCausalLM,basemergesandmoerges,False,False,merge
jaspionjader/Kosmos-EVAA-gamma-v18-8B,jaspionjader/Kosmos-EVAA-gamma-v18-8B (Merge),jaspionjader,1,False,2024-12,8.03,LlamaForCausalLM,basemergesandmoerges,False,False,merge
jaspionjader/Kosmos-EVAA-immersive-sof-v44-8B,jaspionjader/Kosmos-EVAA-immersive-sof-v44-8B (Merge),jaspionjader,1,False,2025-01,8.03,LlamaForCausalLM,basemergesandmoerges,False,False,merge
jaspionjader/Kosmos-EVAA-v10-8B,jaspionjader/Kosmos-EVAA-v10-8B (Merge),jaspionjader,1,False,2024-12,8.03,LlamaForCausalLM,basemergesandmoerges,False,False,merge
jaspionjader/Kosmos-EVAA-v11-8B,jaspionjader/Kosmos-EVAA-v11-8B (Merge),jaspionjader,1,False,2024-12,8.03,LlamaForCausalLM,basemergesandmoerges,False,False,merge
jaspionjader/Kosmos-EVAA-v12-8B,jaspionjader/Kosmos-EVAA-v12-8B (Merge),jaspionjader,1,False,2024-12,8.03,LlamaForCausalLM,basemergesandmoerges,False,False,merge
jaspionjader/Kosmos-EVAA-v2-8B,jaspionjader/Kosmos-EVAA-v2-8B (Merge),jaspionjader,1,False,2024-12,8.03,LlamaForCausalLM,basemergesandmoerges,False,False,merge
jaspionjader/Kosmos-EVAA-v3-8B,jaspionjader/Kosmos-EVAA-v3-8B (Merge),jaspionjader,1,False,2024-12,8.03,LlamaForCausalLM,basemergesandmoerges,False,False,merge
jaspionjader/Kosmos-EVAA-v4-8B,jaspionjader/Kosmos-EVAA-v4-8B (Merge),jaspionjader,1,False,2024-12,8.03,LlamaForCausalLM,basemergesandmoerges,False,False,merge
jaspionjader/Kosmos-EVAA-v5-8B,jaspionjader/Kosmos-EVAA-v5-8B (Merge),jaspionjader,1,False,2024-12,8.03,LlamaForCausalLM,basemergesandmoerges,False,False,merge
jaspionjader/Kosmos-EVAA-v6-8B,jaspionjader/Kosmos-EVAA-v6-8B (Merge),jaspionjader,1,False,2024-12,8.03,LlamaForCausalLM,basemergesandmoerges,False,False,merge
jaspionjader/Kosmos-EVAA-v7-8B,jaspionjader/Kosmos-EVAA-v7-8B (Merge),jaspionjader,1,False,2024-12,8.03,LlamaForCausalLM,basemergesandmoerges,False,False,merge
jaspionjader/Kosmos-EVAA-v8-8B,jaspionjader/Kosmos-EVAA-v8-8B (Merge),jaspionjader,1,False,2024-12,8.03,LlamaForCausalLM,basemergesandmoerges,False,False,merge
jaspionjader/Kosmos-EVAA-v9-8B,jaspionjader/Kosmos-EVAA-v9-8B (Merge),jaspionjader,1,False,2024-12,8.03,LlamaForCausalLM,basemergesandmoerges,False,False,merge
jaspionjader/Kosmos-EVAA-v9-TitanFusion-Mix-8B,jaspionjader/Kosmos-EVAA-v9-TitanFusion-Mix-8B (Merge),jaspionjader,1,False,2024-12,8.03,LlamaForCausalLM,basemergesandmoerges,False,False,merge
jaspionjader/Kosmos-Elusive-8b,jaspionjader/Kosmos-Elusive-8b (Merge),jaspionjader,1,False,2024-12,8.03,LlamaForCausalLM,basemergesandmoerges,False,False,merge
jaspionjader/Kosmos-Elusive-VENN-8B,jaspionjader/Kosmos-Elusive-VENN-8B (Merge),jaspionjader,1,False,2024-12,8.03,LlamaForCausalLM,basemergesandmoerges,False,False,merge
jaspionjader/Kosmos-Elusive-VENN-Asymmetric-8B,jaspionjader/Kosmos-Elusive-VENN-Asymmetric-8B (Merge),jaspionjader,1,False,2024-12,8.03,LlamaForCausalLM,basemergesandmoerges,False,False,merge
jaspionjader/Kosmos-Elusive-VENN-Aurora_faustus-8B,jaspionjader/Kosmos-Elusive-VENN-Aurora_faustus-8B (Merge),jaspionjader,1,False,2024-12,8.03,LlamaForCausalLM,basemergesandmoerges,False,False,merge
jaspionjader/Kosmos-VENN-8B,jaspionjader/Kosmos-VENN-8B (Merge),jaspionjader,1,False,2024-12,8.03,LlamaForCausalLM,basemergesandmoerges,False,False,merge
jaspionjader/PRP-Kosmos-EVAA-8B,jaspionjader/PRP-Kosmos-EVAA-8B (Merge),jaspionjader,1,False,2024-12,8.03,LlamaForCausalLM,basemergesandmoerges,False,False,merge
jaspionjader/PRP-Kosmos-EVAA-light-8B,jaspionjader/PRP-Kosmos-EVAA-light-8B (Merge),jaspionjader,1,False,2024-12,8.03,LlamaForCausalLM,basemergesandmoerges,False,False,merge
jaspionjader/TSN-Kosmos-EVAA-8B,jaspionjader/TSN-Kosmos-EVAA-8B (Merge),jaspionjader,1,False,2024-12,8.03,LlamaForCausalLM,basemergesandmoerges,False,False,merge
jaspionjader/TSN-Kosmos-EVAA-v2-8B,jaspionjader/TSN-Kosmos-EVAA-v2-8B (Merge),jaspionjader,1,False,2024-12,8.03,LlamaForCausalLM,basemergesandmoerges,False,False,merge
jaspionjader/bbb-1,jaspionjader/bbb-1 (Merge),jaspionjader,1,False,2025-01,8.03,LlamaForCausalLM,basemergesandmoerges,False,False,merge
jaspionjader/bbb-2,jaspionjader/bbb-2 (Merge),jaspionjader,1,False,2025-01,8.03,LlamaForCausalLM,basemergesandmoerges,False,False,merge
jaspionjader/bbb-3,jaspionjader/bbb-3 (Merge),jaspionjader,1,False,2025-01,8.03,LlamaForCausalLM,basemergesandmoerges,False,False,merge
jaspionjader/bbb-4,jaspionjader/bbb-4 (Merge),jaspionjader,1,False,2025-01,8.03,LlamaForCausalLM,basemergesandmoerges,False,False,merge
jaspionjader/bbb-5,jaspionjader/bbb-5 (Merge),jaspionjader,1,False,2025-01,8.03,LlamaForCausalLM,basemergesandmoerges,False,False,merge
jaspionjader/bbb-6,jaspionjader/bbb-6 (Merge),jaspionjader,1,False,2025-01,8.03,LlamaForCausalLM,basemergesandmoerges,False,False,merge
jaspionjader/bbb-7,jaspionjader/bbb-7 (Merge),jaspionjader,1,False,2025-01,8.03,LlamaForCausalLM,basemergesandmoerges,False,False,merge
jaspionjader/bh-1,jaspionjader/bh-1 (Merge),jaspionjader,1,False,2025-02,8.03,LlamaForCausalLM,basemergesandmoerges,False,False,merge
jaspionjader/bh-10,jaspionjader/bh-10 (Merge),jaspionjader,1,False,2025-02,8.03,LlamaForCausalLM,basemergesandmoerges,False,False,merge
jaspionjader/bh-11,jaspionjader/bh-11 (Merge),jaspionjader,1,False,2025-02,8.03,LlamaForCausalLM,basemergesandmoerges,False,False,merge
jaspionjader/bh-12,jaspionjader/bh-12 (Merge),jaspionjader,1,False,2025-02,8.03,LlamaForCausalLM,basemergesandmoerges,False,False,merge
jaspionjader/bh-13,jaspionjader/bh-13 (Merge),jaspionjader,1,False,2025-02,8.03,LlamaForCausalLM,basemergesandmoerges,False,False,merge
jaspionjader/bh-15,jaspionjader/bh-15 (Merge),jaspionjader,1,False,2025-02,8.03,LlamaForCausalLM,basemergesandmoerges,False,False,merge
jaspionjader/bh-16,jaspionjader/bh-16 (Merge),jaspionjader,1,False,2025-02,8.03,LlamaForCausalLM,basemergesandmoerges,False,False,merge
jaspionjader/bh-17,jaspionjader/bh-17 (Merge),jaspionjader,1,False,2025-02,8.03,LlamaForCausalLM,basemergesandmoerges,False,False,merge
jaspionjader/bh-18,jaspionjader/bh-18 (Merge),jaspionjader,1,False,2025-02,8.03,LlamaForCausalLM,basemergesandmoerges,False,False,merge
jaspionjader/bh-19,jaspionjader/bh-19 (Merge),jaspionjader,1,False,2025-02,8.03,LlamaForCausalLM,basemergesandmoerges,False,False,merge
jaspionjader/bh-2,jaspionjader/bh-2 (Merge),jaspionjader,1,False,2025-02,8.03,LlamaForCausalLM,basemergesandmoerges,False,False,merge
jaspionjader/bh-20,jaspionjader/bh-20 (Merge),jaspionjader,1,False,2025-02,8.03,LlamaForCausalLM,basemergesandmoerges,False,False,merge
jaspionjader/bh-21,jaspionjader/bh-21 (Merge),jaspionjader,1,False,2025-02,8.03,LlamaForCausalLM,basemergesandmoerges,False,False,merge
jaspionjader/bh-22,jaspionjader/bh-22 (Merge),jaspionjader,1,False,2025-02,8.03,LlamaForCausalLM,basemergesandmoerges,False,False,merge
jaspionjader/bh-23,jaspionjader/bh-23 (Merge),jaspionjader,1,False,2025-02,8.03,LlamaForCausalLM,basemergesandmoerges,False,False,merge
jaspionjader/bh-24,jaspionjader/bh-24 (Merge),jaspionjader,1,False,2025-02,8.03,LlamaForCausalLM,basemergesandmoerges,False,False,merge
jaspionjader/bh-25,jaspionjader/bh-25 (Merge),jaspionjader,1,False,2025-02,8.03,LlamaForCausalLM,basemergesandmoerges,False,False,merge
jaspionjader/bh-26,jaspionjader/bh-26 (Merge),jaspionjader,1,False,2025-02,8.03,LlamaForCausalLM,basemergesandmoerges,False,False,merge
jaspionjader/bh-27,jaspionjader/bh-27 (Merge),jaspionjader,1,False,2025-02,8.03,LlamaForCausalLM,basemergesandmoerges,False,False,merge
jaspionjader/bh-28,jaspionjader/bh-28 (Merge),jaspionjader,1,False,2025-02,8.03,LlamaForCausalLM,basemergesandmoerges,False,False,merge
jaspionjader/bh-29,jaspionjader/bh-29 (Merge),jaspionjader,1,False,2025-02,8.03,LlamaForCausalLM,basemergesandmoerges,False,False,merge
jaspionjader/bh-3,jaspionjader/bh-3 (Merge),jaspionjader,1,False,2025-02,8.03,LlamaForCausalLM,basemergesandmoerges,False,False,merge
jaspionjader/bh-30,jaspionjader/bh-30 (Merge),jaspionjader,1,False,2025-02,8.03,LlamaForCausalLM,basemergesandmoerges,False,False,merge
jaspionjader/bh-31,jaspionjader/bh-31 (Merge),jaspionjader,1,False,2025-02,8.03,LlamaForCausalLM,basemergesandmoerges,False,False,merge
jaspionjader/bh-32,jaspionjader/bh-32 (Merge),jaspionjader,1,False,2025-02,8.03,LlamaForCausalLM,basemergesandmoerges,False,False,merge
jaspionjader/bh-33,jaspionjader/bh-33 (Merge),jaspionjader,1,False,2025-02,8.03,LlamaForCausalLM,basemergesandmoerges,False,False,merge
jaspionjader/bh-34,jaspionjader/bh-34 (Merge),jaspionjader,1,False,2025-02,8.03,LlamaForCausalLM,basemergesandmoerges,False,False,merge
jaspionjader/bh-35,jaspionjader/bh-35 (Merge),jaspionjader,1,False,2025-02,8.03,LlamaForCausalLM,basemergesandmoerges,False,False,merge
jaspionjader/bh-36,jaspionjader/bh-36 (Merge),jaspionjader,1,False,2025-02,8.03,LlamaForCausalLM,basemergesandmoerges,False,False,merge
jaspionjader/bh-37,jaspionjader/bh-37 (Merge),jaspionjader,1,False,2025-02,8.03,LlamaForCausalLM,basemergesandmoerges,False,False,merge
jaspionjader/bh-38,jaspionjader/bh-38 (Merge),jaspionjader,1,False,2025-02,8.03,LlamaForCausalLM,basemergesandmoerges,False,False,merge
jaspionjader/bh-39,jaspionjader/bh-39 (Merge),jaspionjader,1,False,2025-02,8.03,LlamaForCausalLM,basemergesandmoerges,False,False,merge
jaspionjader/bh-4,jaspionjader/bh-4 (Merge),jaspionjader,1,False,2025-02,8.03,LlamaForCausalLM,basemergesandmoerges,False,False,merge
jaspionjader/bh-40,jaspionjader/bh-40 (Merge),jaspionjader,1,False,2025-02,8.03,LlamaForCausalLM,basemergesandmoerges,False,False,merge
jaspionjader/bh-41,jaspionjader/bh-41 (Merge),jaspionjader,1,False,2025-02,8.03,LlamaForCausalLM,basemergesandmoerges,False,False,merge
jaspionjader/bh-42,jaspionjader/bh-42 (Merge),jaspionjader,1,False,2025-02,8.03,LlamaForCausalLM,basemergesandmoerges,False,False,merge
jaspionjader/bh-43,jaspionjader/bh-43 (Merge),jaspionjader,1,False,2025-02,8.03,LlamaForCausalLM,basemergesandmoerges,False,False,merge
jaspionjader/bh-44,jaspionjader/bh-44 (Merge),jaspionjader,1,False,2025-02,8.03,LlamaForCausalLM,basemergesandmoerges,False,False,merge
jaspionjader/bh-46,jaspionjader/bh-46 (Merge),jaspionjader,1,False,2025-02,8.03,LlamaForCausalLM,basemergesandmoerges,False,False,merge
jaspionjader/bh-47,jaspionjader/bh-47 (Merge),jaspionjader,1,False,2025-02,8.03,LlamaForCausalLM,basemergesandmoerges,False,False,merge
jaspionjader/bh-48,jaspionjader/bh-48 (Merge),jaspionjader,1,False,2025-02,8.03,LlamaForCausalLM,basemergesandmoerges,False,False,merge
jaspionjader/bh-49,jaspionjader/bh-49 (Merge),jaspionjader,1,False,2025-02,8.03,LlamaForCausalLM,basemergesandmoerges,False,False,merge
jaspionjader/bh-5,jaspionjader/bh-5 (Merge),jaspionjader,1,False,2025-02,8.03,LlamaForCausalLM,basemergesandmoerges,False,False,merge
jaspionjader/bh-50,jaspionjader/bh-50 (Merge),jaspionjader,1,False,2025-02,8.03,LlamaForCausalLM,basemergesandmoerges,False,False,merge
jaspionjader/bh-51,jaspionjader/bh-51 (Merge),jaspionjader,1,False,2025-02,8.03,LlamaForCausalLM,basemergesandmoerges,False,False,merge
jaspionjader/bh-52,jaspionjader/bh-52 (Merge),jaspionjader,1,False,2025-02,8.03,LlamaForCausalLM,basemergesandmoerges,False,False,merge
jaspionjader/bh-53,jaspionjader/bh-53 (Merge),jaspionjader,1,False,2025-02,8.03,LlamaForCausalLM,basemergesandmoerges,False,False,merge
jaspionjader/bh-54,jaspionjader/bh-54 (Merge),jaspionjader,1,False,2025-02,8.03,LlamaForCausalLM,basemergesandmoerges,False,False,merge
jaspionjader/bh-55,jaspionjader/bh-55 (Merge),jaspionjader,1,False,2025-02,8.03,LlamaForCausalLM,basemergesandmoerges,False,False,merge
jaspionjader/bh-56,jaspionjader/bh-56 (Merge),jaspionjader,1,False,2025-02,8.03,LlamaForCausalLM,basemergesandmoerges,False,False,merge
jaspionjader/bh-57,jaspionjader/bh-57 (Merge),jaspionjader,1,False,2025-02,8.03,LlamaForCausalLM,basemergesandmoerges,False,False,merge
jaspionjader/bh-58,jaspionjader/bh-58 (Merge),jaspionjader,1,False,2025-02,8.03,LlamaForCausalLM,basemergesandmoerges,False,False,merge
jaspionjader/bh-59,jaspionjader/bh-59 (Merge),jaspionjader,1,False,2025-02,8.03,LlamaForCausalLM,basemergesandmoerges,False,False,merge
jaspionjader/bh-6,jaspionjader/bh-6 (Merge),jaspionjader,1,False,2025-02,8.03,LlamaForCausalLM,basemergesandmoerges,False,False,merge
jaspionjader/bh-60,jaspionjader/bh-60 (Merge),jaspionjader,1,False,2025-02,8.03,LlamaForCausalLM,basemergesandmoerges,False,False,merge
jaspionjader/bh-61,jaspionjader/bh-61 (Merge),jaspionjader,1,False,2025-02,8.03,LlamaForCausalLM,basemergesandmoerges,False,False,merge
jaspionjader/bh-62,jaspionjader/bh-62 (Merge),jaspionjader,1,False,2025-02,8.03,LlamaForCausalLM,basemergesandmoerges,False,False,merge
jaspionjader/bh-63,jaspionjader/bh-63 (Merge),jaspionjader,1,False,2025-02,8.03,LlamaForCausalLM,basemergesandmoerges,False,False,merge
jaspionjader/bh-64,jaspionjader/bh-64 (Merge),jaspionjader,1,False,2025-02,8.03,LlamaForCausalLM,basemergesandmoerges,False,False,merge
jaspionjader/bh-7,jaspionjader/bh-7 (Merge),jaspionjader,1,False,2025-02,8.03,LlamaForCausalLM,basemergesandmoerges,False,False,merge
jaspionjader/bh-8,jaspionjader/bh-8 (Merge),jaspionjader,1,False,2025-02,8.03,LlamaForCausalLM,basemergesandmoerges,False,False,merge
jaspionjader/bh-9,jaspionjader/bh-9 (Merge),jaspionjader,1,False,2025-02,8.03,LlamaForCausalLM,basemergesandmoerges,False,False,merge
jaspionjader/dp-6-8b,jaspionjader/dp-6-8b (Merge),jaspionjader,1,False,2025-01,8.03,LlamaForCausalLM,basemergesandmoerges,False,False,merge
jaspionjader/dp-7-8b,jaspionjader/dp-7-8b (Merge),jaspionjader,1,False,2025-01,8.03,LlamaForCausalLM,basemergesandmoerges,False,False,merge
jaspionjader/ek-6,jaspionjader/ek-6 (Merge),jaspionjader,1,False,2025-01,8.03,LlamaForCausalLM,basemergesandmoerges,False,False,merge
jaspionjader/ek-7,jaspionjader/ek-7 (Merge),jaspionjader,1,False,2025-01,8.03,LlamaForCausalLM,basemergesandmoerges,False,False,merge
jaspionjader/f-1-8b,jaspionjader/f-1-8b (Merge),jaspionjader,1,False,2025-01,8.03,LlamaForCausalLM,basemergesandmoerges,False,False,merge
jaspionjader/f-2-8b,jaspionjader/f-2-8b (Merge),jaspionjader,1,False,2025-01,8.03,LlamaForCausalLM,basemergesandmoerges,False,False,merge
jaspionjader/f-3-8b,jaspionjader/f-3-8b (Merge),jaspionjader,1,False,2025-01,8.03,LlamaForCausalLM,basemergesandmoerges,False,False,merge
jaspionjader/f-4-8b,jaspionjader/f-4-8b (Merge),jaspionjader,1,False,2025-01,8.03,LlamaForCausalLM,basemergesandmoerges,False,False,merge
jaspionjader/f-5-8b,jaspionjader/f-5-8b (Merge),jaspionjader,1,False,2025-01,8.03,LlamaForCausalLM,basemergesandmoerges,False,False,merge
jaspionjader/f-6-8b,jaspionjader/f-6-8b (Merge),jaspionjader,1,False,2025-01,8.03,LlamaForCausalLM,basemergesandmoerges,False,False,merge
jaspionjader/f-7-8b,jaspionjader/f-7-8b (Merge),jaspionjader,1,False,2025-01,8.03,LlamaForCausalLM,basemergesandmoerges,False,False,merge
jaspionjader/f-8-8b,jaspionjader/f-8-8b (Merge),jaspionjader,1,False,2025-01,8.03,LlamaForCausalLM,basemergesandmoerges,False,False,merge
jaspionjader/f-9-8b,jaspionjader/f-9-8b (Merge),jaspionjader,1,False,2025-01,8.03,LlamaForCausalLM,basemergesandmoerges,False,False,merge
jaspionjader/fct-14-8b,jaspionjader/fct-14-8b (Merge),jaspionjader,1,False,2025-01,8.03,LlamaForCausalLM,basemergesandmoerges,False,False,merge
jaspionjader/fct-9-8b,jaspionjader/fct-9-8b (Merge),jaspionjader,1,False,2025-01,8.03,LlamaForCausalLM,basemergesandmoerges,False,False,merge
jaspionjader/fr-1-8b,jaspionjader/fr-1-8b (Merge),jaspionjader,1,False,2025-01,8.03,LlamaForCausalLM,basemergesandmoerges,False,False,merge
jaspionjader/fr-10-8b,jaspionjader/fr-10-8b (Merge),jaspionjader,1,False,2025-01,8.03,LlamaForCausalLM,basemergesandmoerges,False,False,merge
jaspionjader/fr-3-8b,jaspionjader/fr-3-8b (Merge),jaspionjader,1,False,2025-01,8.03,LlamaForCausalLM,basemergesandmoerges,False,False,merge
jaspionjader/gamma-Kosmos-EVAA-8B,jaspionjader/gamma-Kosmos-EVAA-8B (Merge),jaspionjader,1,False,2024-12,8.03,LlamaForCausalLM,basemergesandmoerges,False,False,merge
jaspionjader/gamma-Kosmos-EVAA-v2-8B,jaspionjader/gamma-Kosmos-EVAA-v2-8B (Merge),jaspionjader,1,False,2024-12,8.03,LlamaForCausalLM,basemergesandmoerges,False,False,merge
jaspionjader/gamma-Kosmos-EVAA-v3-8B,jaspionjader/gamma-Kosmos-EVAA-v3-8B (Merge),jaspionjader,1,False,2024-12,8.03,LlamaForCausalLM,basemergesandmoerges,False,False,merge
jaspionjader/knf-2-8b,jaspionjader/knf-2-8b (Merge),jaspionjader,1,False,2025-01,8.03,LlamaForCausalLM,basemergesandmoerges,False,False,merge
jaspionjader/knfp-2-8b,jaspionjader/knfp-2-8b (Merge),jaspionjader,1,False,2025-01,8.03,LlamaForCausalLM,basemergesandmoerges,False,False,merge
jaspionjader/knfp-3-8b,jaspionjader/knfp-3-8b (Merge),jaspionjader,1,False,2025-01,8.03,LlamaForCausalLM,basemergesandmoerges,False,False,merge
jaspionjader/kstc-1-8b,jaspionjader/kstc-1-8b (Merge),jaspionjader,1,False,2025-01,8.03,LlamaForCausalLM,basemergesandmoerges,False,False,merge
jaspionjader/kstc-11-8b,jaspionjader/kstc-11-8b,jaspionjader,0,True,,8.03,LlamaForCausalLM,basemergesandmoerges,False,False,merge
jaspionjader/kstc-4-8b,jaspionjader/kstc-4-8b (Merge),jaspionjader,1,False,2025-01,8.03,LlamaForCausalLM,basemergesandmoerges,False,False,merge
jaspionjader/kstc-5-8b,jaspionjader/kstc-5-8b (Merge),jaspionjader,1,False,2025-01,8.03,LlamaForCausalLM,basemergesandmoerges,False,False,merge
jaspionjader/kstc-6-8b,jaspionjader/kstc-6-8b,jaspionjader,0,True,,8.03,LlamaForCausalLM,basemergesandmoerges,False,False,merge
jaspionjader/kstc-8-8b,jaspionjader/kstc-8-8b,jaspionjader,0,True,,8.03,LlamaForCausalLM,basemergesandmoerges,False,False,merge
jaspionjader/kstc-9-8b,jaspionjader/kstc-9-8b,jaspionjader,0,True,,8.03,LlamaForCausalLM,basemergesandmoerges,False,False,merge
jaspionjader/slu-10,jaspionjader/slu-10 (Merge),jaspionjader,1,False,2025-02,8.03,LlamaForCausalLM,basemergesandmoerges,False,False,merge
jaspionjader/slu-11,jaspionjader/slu-11 (Merge),jaspionjader,1,False,2025-02,8.03,LlamaForCausalLM,basemergesandmoerges,False,False,merge
jaspionjader/slu-13,jaspionjader/slu-13 (Merge),jaspionjader,1,False,2025-02,8.03,LlamaForCausalLM,basemergesandmoerges,False,False,merge
jaspionjader/slu-14,jaspionjader/slu-14 (Merge),jaspionjader,1,False,2025-02,8.03,LlamaForCausalLM,basemergesandmoerges,False,False,merge
jaspionjader/slu-17,jaspionjader/slu-17 (Merge),jaspionjader,1,False,2025-02,8.03,LlamaForCausalLM,basemergesandmoerges,False,False,merge
jaspionjader/slu-2,jaspionjader/slu-2 (Merge),jaspionjader,1,False,2025-02,8.03,LlamaForCausalLM,basemergesandmoerges,False,False,merge
jaspionjader/slu-20,jaspionjader/slu-20 (Merge),jaspionjader,1,False,2025-02,8.03,LlamaForCausalLM,fine-tunedondomain-specificdatasets,False,False,merge
jaspionjader/slu-22,jaspionjader/slu-22 (Merge),jaspionjader,1,False,2025-02,8.03,LlamaForCausalLM,basemergesandmoerges,False,False,merge
jaspionjader/slu-23,jaspionjader/slu-23 (Merge),jaspionjader,1,False,2025-02,8.03,LlamaForCausalLM,basemergesandmoerges,False,False,merge
jaspionjader/slu-25,jaspionjader/slu-25 (Merge),jaspionjader,1,False,2025-02,8.03,LlamaForCausalLM,basemergesandmoerges,False,False,merge
jaspionjader/slu-29,jaspionjader/slu-29 (Merge),jaspionjader,1,False,2025-02,8.03,LlamaForCausalLM,basemergesandmoerges,False,False,merge
jaspionjader/slu-32,jaspionjader/slu-32 (Merge),jaspionjader,1,False,2025-02,8.03,LlamaForCausalLM,basemergesandmoerges,False,False,merge
jaspionjader/slu-33,jaspionjader/slu-33 (Merge),jaspionjader,1,False,2025-02,8.03,LlamaForCausalLM,basemergesandmoerges,False,False,merge
jaspionjader/slu-34,jaspionjader/slu-34 (Merge),jaspionjader,1,False,2025-02,8.03,LlamaForCausalLM,basemergesandmoerges,False,False,merge
jaspionjader/slu-35,jaspionjader/slu-35 (Merge),jaspionjader,1,False,2025-02,8.03,LlamaForCausalLM,basemergesandmoerges,False,False,merge
jaspionjader/slu-36,jaspionjader/slu-36 (Merge),jaspionjader,1,False,2025-02,8.03,LlamaForCausalLM,basemergesandmoerges,False,False,merge
jaspionjader/slu-37,jaspionjader/slu-37 (Merge),jaspionjader,1,False,2025-02,8.03,LlamaForCausalLM,basemergesandmoerges,False,False,merge
jaspionjader/slu-6,jaspionjader/slu-6 (Merge),jaspionjader,1,False,2025-02,8.03,LlamaForCausalLM,basemergesandmoerges,False,False,merge
jaspionjader/slu-mix-1,jaspionjader/slu-mix-1 (Merge),jaspionjader,1,False,2025-02,8.03,LlamaForCausalLM,basemergesandmoerges,False,False,merge
jaspionjader/sof-1,jaspionjader/sof-1 (Merge),jaspionjader,1,False,2025-01,8.03,LlamaForCausalLM,basemergesandmoerges,False,False,merge
jaspionjader/sof-10,jaspionjader/sof-10 (Merge),jaspionjader,1,False,2025-01,8.03,LlamaForCausalLM,basemergesandmoerges,False,False,merge
jaspionjader/sof-3,jaspionjader/sof-3 (Merge),jaspionjader,1,False,2025-01,8.03,LlamaForCausalLM,fine-tunedondomain-specificdatasets,False,False,merge
jaspionjader/sof-6,jaspionjader/sof-6 (Merge),jaspionjader,1,False,2025-01,8.03,LlamaForCausalLM,basemergesandmoerges,False,False,merge
jaspionjader/test-10,jaspionjader/test-10,jaspionjader,0,True,,4.015,LlamaForCausalLM,basemergesandmoerges,False,False,merge
jaspionjader/test-11,jaspionjader/test-11,jaspionjader,0,True,,4.015,LlamaForCausalLM,basemergesandmoerges,False,False,merge
jaspionjader/test-12,jaspionjader/test-12,jaspionjader,0,True,,4.015,LlamaForCausalLM,basemergesandmoerges,False,False,merge
jaspionjader/test-13,jaspionjader/test-13,jaspionjader,0,True,,4.015,LlamaForCausalLM,basemergesandmoerges,False,False,merge
jaspionjader/test-14,jaspionjader/test-14,jaspionjader,0,True,,4.015,LlamaForCausalLM,basemergesandmoerges,False,False,merge
jaspionjader/test-15,jaspionjader/test-15,jaspionjader,0,True,,4.015,LlamaForCausalLM,basemergesandmoerges,False,False,merge
jaspionjader/test-16,jaspionjader/test-16,jaspionjader,0,True,,4.015,LlamaForCausalLM,basemergesandmoerges,False,False,merge
jaspionjader/test-17,jaspionjader/test-17,jaspionjader,0,True,,4.015,LlamaForCausalLM,basemergesandmoerges,False,False,merge
jaspionjader/test-18,jaspionjader/test-18 (Merge),jaspionjader,1,False,2025-01,8.03,LlamaForCausalLM,basemergesandmoerges,False,False,merge
jaspionjader/test-19,jaspionjader/test-19 (Merge),jaspionjader,1,False,2025-01,8.03,LlamaForCausalLM,basemergesandmoerges,False,False,merge
jaspionjader/test-20,jaspionjader/test-20 (Merge),jaspionjader,1,False,2025-01,8.03,LlamaForCausalLM,basemergesandmoerges,False,False,merge
jayasuryajsk/Qwen2.5-3B-reasoner,Qwen/Qwen2.5-3B,Qwen,1,True,2025-02,3.086,Qwen2ForCausalLM,fine-tunedondomain-specificdatasets,False,True,
jeanmichela/o-distil-qwen,jeanmichela/o-distil-qwen (Merge),jeanmichela,1,False,2025-02,14.77,Qwen2ForCausalLM,basemergesandmoerges,False,False,merge
jebcarter/psyonic-cetacean-20B,jebcarter/psyonic-cetacean-20B,jebcarter,0,False,2023-11,19.994,LlamaForCausalLM,basemergesandmoerges,False,False,merge
jebish7/Llama-3-Nanda-10B-Chat,jebish7/Llama-3-Nanda-10B-Chat,jebish7,0,True,2025-02,9.985,LlamaForCausalLM,pretrained,False,True,
jebish7/Llama-3.1-8B-Instruct,meta-llama/Meta-Llama-3.1-8B,meta-llama,1,False,2025-02,8.03,LlamaForCausalLM,pretrained,False,True,
jebish7/Nemotron-4-Mini-Hindi-4B-Base,jebish7/Nemotron-4-Mini-Hindi-4B-Base,jebish7,0,True,2025-02,4.191,NemotronForCausalLM,pretrained,False,True,
jebish7/Nemotron-4-Mini-Hindi-4B-Instruct,jebish7/Nemotron-4-Mini-Hindi-4B-Instruct,jebish7,0,True,2025-02,4.191,NemotronForCausalLM,pretrained,False,True,
jebish7/Nemotron-Mini-4B-Instruct,jebish7/Nemotron-Mini-4B-Instruct,jebish7,0,True,2025-02,4.191,NemotronForCausalLM,pretrained,False,True,
jebish7/aya-expanse-8b,jebish7/aya-expanse-8b,jebish7,0,True,2025-02,8.028,CohereForCausalLM,pretrained,False,True,
jebish7/gemma-2-2b-it,google/gemma-2-2b,google,1,True,2025-02,2.614,Gemma2ForCausalLM,pretrained,False,True,
jebish7/gemma-2-9b-it,google/gemma-2-9b,google,1,True,2025-02,9.242,Gemma2ForCausalLM,pretrained,False,True,
jebish7/qwen2.5-0.5B-IHA-Hin,jebish7/qwen2.5-0.5B-IHA-Hin,jebish7,0,False,2025-02,0.494,Qwen2ForCausalLM,fine-tunedondomain-specificdatasets,False,True,
jeffmeloy/Qwen-7B-nerd-uncensored-v1.0,jeffmeloy/Qwen-7B-nerd-uncensored-v1.0 (Merge),jeffmeloy,1,False,2024-10,7.616,Qwen2ForCausalLM,chatmodels,False,False,merge
jeffmeloy/Qwen2.5-7B-minperplexity-2,jeffmeloy/Qwen2.5-7B-minperplexity-2 (Merge),jeffmeloy,1,False,2024-12,7.0,Qwen2ForCausalLM,chatmodels,False,False,merge
jeffmeloy/Qwen2.5-7B-nerd-uncensored-v0.9,jeffmeloy/Qwen2.5-7B-nerd-uncensored-v0.9 (Merge),jeffmeloy,1,False,2024-11,7.616,Qwen2ForCausalLM,chatmodels,False,False,merge
jeffmeloy/Qwen2.5-7B-nerd-uncensored-v1.0,jeffmeloy/Qwen2.5-7B-nerd-uncensored-v1.0 (Merge),jeffmeloy,1,False,2024-10,7.616,Qwen2ForCausalLM,basemergesandmoerges,False,False,merge
jeffmeloy/Qwen2.5-7B-nerd-uncensored-v1.1,jeffmeloy/Qwen2.5-7B-nerd-uncensored-v1.1 (Merge),jeffmeloy,1,False,2024-11,7.616,Qwen2ForCausalLM,chatmodels,False,False,merge
jeffmeloy/Qwen2.5-7B-nerd-uncensored-v1.2,jeffmeloy/Qwen2.5-7B-nerd-uncensored-v1.2 (Merge),jeffmeloy,1,False,2024-11,7.616,Qwen2ForCausalLM,chatmodels,False,False,merge
jeffmeloy/Qwen2.5-7B-nerd-uncensored-v1.3,jeffmeloy/Qwen2.5-7B-nerd-uncensored-v1.3 (Merge),jeffmeloy,1,False,2024-11,7.0,Qwen2ForCausalLM,chatmodels,False,False,merge
jeffmeloy/Qwen2.5-7B-nerd-uncensored-v1.4,jeffmeloy/Qwen2.5-7B-nerd-uncensored-v1.4 (Merge),jeffmeloy,1,False,2024-11,7.616,Qwen2ForCausalLM,chatmodels,False,False,merge
jeffmeloy/Qwen2.5-7B-nerd-uncensored-v1.5,jeffmeloy/Qwen2.5-7B-nerd-uncensored-v1.5 (Merge),jeffmeloy,1,False,2024-11,7.616,Qwen2ForCausalLM,chatmodels,False,False,merge
jeffmeloy/Qwen2.5-7B-nerd-uncensored-v1.7,jeffmeloy/Qwen2.5-7B-nerd-uncensored-v1.7 (Merge),jeffmeloy,1,False,2024-11,7.616,Qwen2ForCausalLM,chatmodels,False,False,merge
jeffmeloy/Qwen2.5-7B-nerd-uncensored-v1.8,jeffmeloy/Qwen2.5-7B-nerd-uncensored-v1.8 (Merge),jeffmeloy,1,False,2024-11,7.616,Qwen2ForCausalLM,chatmodels,False,False,merge
jeffmeloy/Qwen2.5-7B-olm-v1.0,jeffmeloy/Qwen2.5-7B-olm-v1.0 (Merge),jeffmeloy,1,False,2024-12,7.616,Qwen2ForCausalLM,chatmodels,False,False,merge
jeffmeloy/Qwen2.5-7B-olm-v1.1,jeffmeloy/Qwen2.5-7B-olm-v1.1 (Merge),jeffmeloy,1,False,2024-12,7.616,Qwen2ForCausalLM,chatmodels,False,False,merge
jeffmeloy/Qwen2.5-7B-olm-v1.2,jeffmeloy/Qwen2.5-7B-olm-v1.2 (Merge),jeffmeloy,1,False,2025-01,7.616,Qwen2ForCausalLM,chatmodels,False,False,merge
jeffmeloy/Qwen2.5-7B-olm-v1.3,jeffmeloy/Qwen2.5-7B-olm-v1.3 (Merge),jeffmeloy,1,False,2025-01,7.616,Qwen2ForCausalLM,chatmodels,False,False,merge
jeffmeloy/Qwen2.5-7B-olm-v1.4,jeffmeloy/Qwen2.5-7B-olm-v1.4 (Merge),jeffmeloy,1,False,2025-01,7.616,Qwen2ForCausalLM,chatmodels,False,False,merge
jeffmeloy/Qwen2.5-7B-olm-v1.5,jeffmeloy/Qwen2.5-7B-olm-v1.5 (Merge),jeffmeloy,1,False,2025-02,7.616,Qwen2ForCausalLM,basemergesandmoerges,False,False,merge
jeffmeloy/jeffmeloy_Qwen2.5-7B-minperplexity-1,jeffmeloy/jeffmeloy_Qwen2.5-7B-minperplexity-1 (Merge),jeffmeloy,1,False,2024-11,7.616,Qwen2ForCausalLM,chatmodels,False,False,merge
jeonsworld/CarbonVillain-en-10.7B-v4,jeonsworld/CarbonVillain-en-10.7B-v4,jeonsworld,0,False,2023-12,10.732,LlamaForCausalLM,basemergesandmoerges,False,False,merge
jiangxinyang-shanda/Homer-LLama3-8B,jiangxinyang-shanda/Homer-LLama3-8B,jiangxinyang-shanda,0,True,,8.03,LlamaForCausalLM,chatmodels,False,False,base_removed
jieliu/Storm-7B,mistralai/Mistral-7B-v0.1,mistralai,1,True,2024-04,7.242,MistralForCausalLM,fine-tunedondomain-specificdatasets,False,True,
jiviai/medX_v2,jiviai/medX_v2,jiviai,0,False,2024-05,8.03,LlamaForCausalLM,fine-tunedondomain-specificdatasets,False,True,
jlzhou/Qwen2.5-3B-Infinity-Instruct-0625,jlzhou/Qwen2.5-3B-Infinity-Instruct-0625 (Merge),jlzhou,1,False,2025-01,3.086,Qwen2ForCausalLM,fine-tunedondomain-specificdatasets,False,False,merge
johnsutor/Llama-3-8B-Instruct_breadcrumbs-density-0.1-gamma-0.01,johnsutor/Llama-3-8B-Instruct_breadcrumbs-density-0.1-gamma-0.01 (Merge),johnsutor,1,False,2024-06,8.03,LlamaForCausalLM,basemergesandmoerges,False,False,merge
johnsutor/Llama-3-8B-Instruct_breadcrumbs-density-0.1-gamma-0.1,johnsutor/Llama-3-8B-Instruct_breadcrumbs-density-0.1-gamma-0.1 (Merge),johnsutor,1,False,2024-06,8.03,LlamaForCausalLM,basemergesandmoerges,False,False,merge
johnsutor/Llama-3-8B-Instruct_breadcrumbs-density-0.3-gamma-0.01,johnsutor/Llama-3-8B-Instruct_breadcrumbs-density-0.3-gamma-0.01 (Merge),johnsutor,1,False,2024-06,8.03,LlamaForCausalLM,basemergesandmoerges,False,False,merge
johnsutor/Llama-3-8B-Instruct_breadcrumbs-density-0.3-gamma-0.1,johnsutor/Llama-3-8B-Instruct_breadcrumbs-density-0.3-gamma-0.1 (Merge),johnsutor,1,False,2024-06,8.03,LlamaForCausalLM,basemergesandmoerges,False,False,merge
johnsutor/Llama-3-8B-Instruct_breadcrumbs-density-0.5-gamma-0.01,johnsutor/Llama-3-8B-Instruct_breadcrumbs-density-0.5-gamma-0.01 (Merge),johnsutor,1,False,2024-06,8.03,LlamaForCausalLM,basemergesandmoerges,False,False,merge
johnsutor/Llama-3-8B-Instruct_breadcrumbs-density-0.5-gamma-0.1,johnsutor/Llama-3-8B-Instruct_breadcrumbs-density-0.5-gamma-0.1 (Merge),johnsutor,1,False,2024-06,8.03,LlamaForCausalLM,basemergesandmoerges,False,False,merge
johnsutor/Llama-3-8B-Instruct_breadcrumbs-density-0.7-gamma-0.01,johnsutor/Llama-3-8B-Instruct_breadcrumbs-density-0.7-gamma-0.01 (Merge),johnsutor,1,False,2024-06,8.03,LlamaForCausalLM,basemergesandmoerges,False,False,merge
johnsutor/Llama-3-8B-Instruct_breadcrumbs-density-0.7-gamma-0.1,johnsutor/Llama-3-8B-Instruct_breadcrumbs-density-0.7-gamma-0.1 (Merge),johnsutor,1,False,2024-06,8.03,LlamaForCausalLM,basemergesandmoerges,False,False,merge
johnsutor/Llama-3-8B-Instruct_breadcrumbs-density-0.9-gamma-0.01,johnsutor/Llama-3-8B-Instruct_breadcrumbs-density-0.9-gamma-0.01 (Merge),johnsutor,1,False,2024-06,8.03,LlamaForCausalLM,basemergesandmoerges,False,False,merge
johnsutor/Llama-3-8B-Instruct_breadcrumbs-density-0.9-gamma-0.1,johnsutor/Llama-3-8B-Instruct_breadcrumbs-density-0.9-gamma-0.1 (Merge),johnsutor,1,False,2024-06,8.03,LlamaForCausalLM,basemergesandmoerges,False,False,merge
johnsutor/Llama-3-8B-Instruct_breadcrumbs_ties-density-0.1-gamma-0.01,johnsutor/Llama-3-8B-Instruct_breadcrumbs_ties-density-0.1-gamma-0.01 (Merge),johnsutor,1,False,2024-06,8.03,LlamaForCausalLM,basemergesandmoerges,False,False,merge
johnsutor/Llama-3-8B-Instruct_breadcrumbs_ties-density-0.1-gamma-0.1,johnsutor/Llama-3-8B-Instruct_breadcrumbs_ties-density-0.1-gamma-0.1 (Merge),johnsutor,1,False,2024-06,8.03,LlamaForCausalLM,basemergesandmoerges,False,False,merge
johnsutor/Llama-3-8B-Instruct_breadcrumbs_ties-density-0.3-gamma-0.01,johnsutor/Llama-3-8B-Instruct_breadcrumbs_ties-density-0.3-gamma-0.01 (Merge),johnsutor,1,False,2024-06,8.03,LlamaForCausalLM,basemergesandmoerges,False,False,merge
johnsutor/Llama-3-8B-Instruct_breadcrumbs_ties-density-0.3-gamma-0.1,johnsutor/Llama-3-8B-Instruct_breadcrumbs_ties-density-0.3-gamma-0.1 (Merge),johnsutor,1,False,2024-06,8.03,LlamaForCausalLM,basemergesandmoerges,False,False,merge
johnsutor/Llama-3-8B-Instruct_breadcrumbs_ties-density-0.5-gamma-0.01,johnsutor/Llama-3-8B-Instruct_breadcrumbs_ties-density-0.5-gamma-0.01 (Merge),johnsutor,1,False,2024-06,8.03,LlamaForCausalLM,basemergesandmoerges,False,False,merge
johnsutor/Llama-3-8B-Instruct_breadcrumbs_ties-density-0.5-gamma-0.1,johnsutor/Llama-3-8B-Instruct_breadcrumbs_ties-density-0.5-gamma-0.1 (Merge),johnsutor,1,False,2024-06,8.03,LlamaForCausalLM,basemergesandmoerges,False,False,merge
johnsutor/Llama-3-8B-Instruct_breadcrumbs_ties-density-0.7-gamma-0.01,johnsutor/Llama-3-8B-Instruct_breadcrumbs_ties-density-0.7-gamma-0.01 (Merge),johnsutor,1,False,2024-06,8.03,LlamaForCausalLM,basemergesandmoerges,False,False,merge
johnsutor/Llama-3-8B-Instruct_breadcrumbs_ties-density-0.7-gamma-0.1,johnsutor/Llama-3-8B-Instruct_breadcrumbs_ties-density-0.7-gamma-0.1 (Merge),johnsutor,1,False,2024-06,8.03,LlamaForCausalLM,basemergesandmoerges,False,False,merge
johnsutor/Llama-3-8B-Instruct_breadcrumbs_ties-density-0.9-gamma-0.01,johnsutor/Llama-3-8B-Instruct_breadcrumbs_ties-density-0.9-gamma-0.01 (Merge),johnsutor,1,False,2024-06,8.03,LlamaForCausalLM,basemergesandmoerges,False,False,merge
johnsutor/Llama-3-8B-Instruct_breadcrumbs_ties-density-0.9-gamma-0.1,johnsutor/Llama-3-8B-Instruct_breadcrumbs_ties-density-0.9-gamma-0.1 (Merge),johnsutor,1,False,2024-06,8.03,LlamaForCausalLM,basemergesandmoerges,False,False,merge
johnsutor/Llama-3-8B-Instruct_dare_linear,johnsutor/Llama-3-8B-Instruct_dare_linear (Merge),johnsutor,1,False,2024-06,8.03,LlamaForCausalLM,basemergesandmoerges,False,False,merge
johnsutor/Llama-3-8B-Instruct_dare_ties-density-0.1,johnsutor/Llama-3-8B-Instruct_dare_ties-density-0.1 (Merge),johnsutor,1,False,2024-06,8.03,LlamaForCausalLM,basemergesandmoerges,False,False,merge
johnsutor/Llama-3-8B-Instruct_dare_ties-density-0.3,johnsutor/Llama-3-8B-Instruct_dare_ties-density-0.3 (Merge),johnsutor,1,False,2024-06,8.03,LlamaForCausalLM,basemergesandmoerges,False,False,merge
johnsutor/Llama-3-8B-Instruct_dare_ties-density-0.7,johnsutor/Llama-3-8B-Instruct_dare_ties-density-0.7 (Merge),johnsutor,1,False,2024-06,8.03,LlamaForCausalLM,basemergesandmoerges,False,False,merge
johnsutor/Llama-3-8B-Instruct_dare_ties-density-0.9,johnsutor/Llama-3-8B-Instruct_dare_ties-density-0.9 (Merge),johnsutor,1,False,2024-06,8.03,LlamaForCausalLM,basemergesandmoerges,False,False,merge
johnsutor/Llama-3-8B-Instruct_linear,johnsutor/Llama-3-8B-Instruct_linear (Merge),johnsutor,1,False,2024-06,8.03,LlamaForCausalLM,basemergesandmoerges,False,False,merge
johnsutor/Llama-3-8B-Instruct_ties-density-0.1,johnsutor/Llama-3-8B-Instruct_ties-density-0.1 (Merge),johnsutor,1,False,2024-06,8.03,LlamaForCausalLM,basemergesandmoerges,False,False,merge
johnsutor/Llama-3-8B-Instruct_ties-density-0.3,johnsutor/Llama-3-8B-Instruct_ties-density-0.3 (Merge),johnsutor,1,False,2024-06,8.03,LlamaForCausalLM,basemergesandmoerges,False,False,merge
johnsutor/Llama-3-8B-Instruct_ties-density-0.5,johnsutor/Llama-3-8B-Instruct_ties-density-0.5 (Merge),johnsutor,1,False,2024-06,8.03,LlamaForCausalLM,basemergesandmoerges,False,False,merge
johnsutor/Llama-3-8B-Instruct_ties-density-0.7,johnsutor/Llama-3-8B-Instruct_ties-density-0.7 (Merge),johnsutor,1,False,2024-06,8.03,LlamaForCausalLM,basemergesandmoerges,False,False,merge
johnsutor/Llama-3-8B-Instruct_ties-density-0.9,johnsutor/Llama-3-8B-Instruct_ties-density-0.9 (Merge),johnsutor,1,False,2024-06,8.03,LlamaForCausalLM,basemergesandmoerges,False,False,merge
jpacifico/Chocolatine-14B-Instruct-4k-DPO,jpacifico/Chocolatine-14B-Instruct-4k-DPO,jpacifico,0,False,2024-08,13.96,Phi3ForCausalLM,fine-tunedondomain-specificdatasets,False,True,
jpacifico/Chocolatine-14B-Instruct-DPO-v1.2,jpacifico/Chocolatine-14B-Instruct-DPO-v1.2,jpacifico,0,False,2024-08,13.96,Phi3ForCausalLM,chatmodels,False,True,
jpacifico/Chocolatine-14B-Instruct-DPO-v1.3,jpacifico/Chocolatine-14B-Instruct-DPO-v1.3 (Merge),jpacifico,1,False,2024-12,14.66,Phi3ForCausalLM,chatmodels,False,False,merge
jpacifico/Chocolatine-2-14B-Instruct-DPO-v2.0b1,jpacifico/Chocolatine-2-14B-Instruct-DPO-v2.0b1,jpacifico,0,True,,14.66,LlamaForCausalLM,chatmodels,False,False,base_removed
jpacifico/Chocolatine-2-14B-Instruct-v2.0,jpacifico/Chocolatine-2-14B-Instruct-v2.0,jpacifico,0,False,2025-02,14.66,LlamaForCausalLM,fine-tunedondomain-specificdatasets,False,True,
jpacifico/Chocolatine-2-14B-Instruct-v2.0.1,jpacifico/Chocolatine-2-14B-Instruct-v2.0.1,jpacifico,0,True,,14.66,LlamaForCausalLM,fine-tunedondomain-specificdatasets,False,False,base_removed
jpacifico/Chocolatine-2-14B-Instruct-v2.0.3,jpacifico/Chocolatine-2-14B-Instruct-v2.0.3,jpacifico,0,False,2025-02,14.766,Qwen2ForCausalLM,fine-tunedondomain-specificdatasets,False,True,
jpacifico/Chocolatine-2-14B-Instruct-v2.0b2,jpacifico/Chocolatine-2-14B-Instruct-v2.0b2,jpacifico,0,False,2025-01,14.766,Qwen2ForCausalLM,fine-tunedondomain-specificdatasets,False,True,
jpacifico/Chocolatine-2-14B-Instruct-v2.0b3,jpacifico/Chocolatine-2-14B-Instruct-v2.0b3,jpacifico,0,False,2025-01,14.766,Qwen2ForCausalLM,fine-tunedondomain-specificdatasets,False,True,
jpacifico/Chocolatine-3B-Instruct-DPO-Revised,jpacifico/Chocolatine-3B-Instruct-DPO-Revised,jpacifico,0,False,2024-07,3.821,Phi3ForCausalLM,chatmodels,False,True,
jpacifico/Chocolatine-3B-Instruct-DPO-v1.0,jpacifico/Chocolatine-3B-Instruct-DPO-v1.0,jpacifico,0,False,2024-07,3.821,Phi3ForCausalLM,fine-tunedondomain-specificdatasets,False,True,
jpacifico/Chocolatine-3B-Instruct-DPO-v1.2,jpacifico/Chocolatine-3B-Instruct-DPO-v1.2,jpacifico,0,False,2024-08,3.821,Phi3ForCausalLM,chatmodels,False,True,
jpacifico/Distilucie-7B-Math-Instruct-DPO-v0.1,jpacifico/Distilucie-7B-Math-Instruct-DPO-v0.1,jpacifico,0,False,2025-03,6.707,LlamaForCausalLM,fine-tunedondomain-specificdatasets,False,True,
jpacifico/Lucie-7B-Instruct-DPO-v1.1,jpacifico/Lucie-7B-Instruct-DPO-v1.1,jpacifico,0,False,2025-02,6.707,LlamaForCausalLM,fine-tunedondomain-specificdatasets,False,True,
jpacifico/Lucie-7B-Instruct-DPO-v1.1.3,jpacifico/Lucie-7B-Instruct-DPO-v1.1.3,jpacifico,0,True,,6.707,LlamaForCausalLM,fine-tunedondomain-specificdatasets,False,False,base_removed
jpacifico/Lucie-7B-Instruct-Merged-Model_Stock-v1.0,jpacifico/Lucie-7B-Instruct-Merged-Model_Stock-v1.0 (Merge),jpacifico,1,False,2025-02,6.707,LlamaForCausalLM,basemergesandmoerges,False,False,merge
jpacifico/Lucie-7B-Instruct-Merged-Model_Stock-v1.1,jpacifico/Lucie-7B-Instruct-Merged-Model_Stock-v1.1,jpacifico,0,True,,6.707,LlamaForCausalLM,basemergesandmoerges,False,False,merge
jpacifico/Lucie-Boosted-7B-Instruct,jpacifico/Lucie-Boosted-7B-Instruct,jpacifico,0,False,2025-01,6.707,LlamaForCausalLM,fine-tunedondomain-specificdatasets,False,True,
jsfs11/L3-8B-Stheno-slerp,jsfs11/L3-8B-Stheno-slerp (Merge),jsfs11,1,False,2024-06,8.03,LlamaForCausalLM,basemergesandmoerges,False,False,merge
jsfs11/MixtureofMerges-MoE-4x7b-v4,jsfs11/MixtureofMerges-MoE-4x7b-v4 (Merge),jsfs11,1,False,2024-02,24.154,MixtralForCausalLM,basemergesandmoerges,True,False,merge
jsfs11/MixtureofMerges-MoE-4x7b-v5,jsfs11/MixtureofMerges-MoE-4x7b-v5 (Merge),jsfs11,1,False,2024-02,24.154,MixtralForCausalLM,basemergesandmoerges,True,False,merge
kaist-ai/janus-7b,alpindale/Mistral-7B-v0.2-hf,alpindale,1,False,2024-04,7.242,MistralForCausalLM,fine-tunedondomain-specificdatasets,False,True,
kaist-ai/janus-dpo-7b,kaist-ai/janus-dpo-7b,kaist-ai,0,True,2024-04,7.242,MistralForCausalLM,fine-tunedondomain-specificdatasets,False,False,base_removed
kaist-ai/janus-rm-7b,kaist-ai/janus-rm-7b,kaist-ai,0,False,2024-05,7.111,LLMForSequenceRegression,fine-tunedondomain-specificdatasets,False,True,
kaist-ai/mistral-orpo-capybara-7k,kaist-ai/mistral-orpo-capybara-7k (Merge),kaist-ai,1,False,2024-03,7.242,MistralForCausalLM,chatmodels,False,False,merge
kavonalds/BunderMaxx-0710,kavonalds/BunderMaxx-0710,kavonalds,0,True,,1.236,LlamaForCausalLM,basemergesandmoerges,False,False,merge
kavonalds/BunderMaxx-1010,kavonalds/BunderMaxx-1010,kavonalds,0,True,,1.236,LlamaForCausalLM,basemergesandmoerges,False,False,merge
kavonalds/Lancer-1-1b-Instruct,kavonalds/Lancer-1-1b-Instruct,kavonalds,0,True,,1.236,LlamaForCausalLM,fine-tunedondomain-specificdatasets,False,False,base_removed
kayfour/T3Q-Qwen2.5-7B-it-KOR-Safe,kayfour/T3Q-Qwen2.5-7B-it-KOR-Safe,kayfour,0,False,2024-11,7.616,Qwen2ForCausalLM,fine-tunedondomain-specificdatasets,False,True,
keeeeenw/MicroLlama,keeeeenw/MicroLlama,keeeeenw,0,True,2024-03,0.305,LlamaForCausalLM,pretrained,False,True,
kekmodel/StopCarbon-10.7B-v5,kekmodel/StopCarbon-10.7B-v5,kekmodel,0,False,2023-12,10.732,LlamaForCausalLM,basemergesandmoerges,False,False,merge
kevin009/llamaRAGdrama,kevin009/llamaRAGdrama,kevin009,0,False,2024-02,7.242,MistralForCausalLM,fine-tunedondomain-specificdatasets,False,True,
khoantap/cheap-moe-merge,khoantap/cheap-moe-merge,khoantap,0,False,2025-01,19.305,Qwen2MoeForCausalLM,basemergesandmoerges,True,False,merge
khoantap/llama-3-8b-stock-merge,khoantap/llama-3-8b-stock-merge,khoantap,0,False,2025-01,8.03,LlamaForCausalLM,fine-tunedondomain-specificdatasets,False,True,
khoantap/llama-breadcrumbs-ties-merge,khoantap/llama-breadcrumbs-ties-merge,khoantap,0,False,2025-01,8.03,LlamaForCausalLM,basemergesandmoerges,False,False,merge
khoantap/llama-evolve-ties-best-merge,khoantap/llama-evolve-ties-best-merge,khoantap,0,False,2025-01,8.03,LlamaForCausalLM,basemergesandmoerges,False,False,merge
khoantap/llama-linear-0.5-0.5-1-merge,khoantap/llama-linear-0.5-0.5-1-merge,khoantap,0,False,2025-01,8.03,LlamaForCausalLM,fine-tunedondomain-specificdatasets,False,True,
khoantap/llama-linear-0.5-1-0.5-merge,khoantap/llama-linear-0.5-1-0.5-merge,khoantap,0,False,2025-01,8.03,LlamaForCausalLM,fine-tunedondomain-specificdatasets,False,True,
khoantap/llama-linear-1-0.5-0.5-merge,khoantap/llama-linear-1-0.5-0.5-merge,khoantap,0,False,2025-01,8.03,LlamaForCausalLM,basemergesandmoerges,False,False,merge
khoantap/llama-slerp-merge,khoantap/llama-slerp-merge,khoantap,0,False,2025-01,8.03,LlamaForCausalLM,basemergesandmoerges,False,False,merge
khoantap/moe-out-merge,khoantap/moe-out-merge,khoantap,0,False,2025-01,19.305,Qwen2MoeForCausalLM,basemergesandmoerges,True,False,merge
khulaifi95/Llama-3.1-8B-Reason-Blend-888k,khulaifi95/Llama-3.1-8B-Reason-Blend-888k (Merge),khulaifi95,1,False,2024-12,8.03,LlamaForCausalLM,fine-tunedondomain-specificdatasets,False,False,merge
kms7530/chemeng_llama-3-8b-Instruct-bnb-4bit_24_1_100_1,kms7530/chemeng_llama-3-8b-Instruct-bnb-4bit_24_1_100_1,kms7530,0,True,2024-10,9.3,?,fine-tunedondomain-specificdatasets,False,False,base_removed
kms7530/chemeng_phi-3-mini-4k-instruct-bnb-4bit_16_4_100_1_nonmath,unsloth/Phi-3-mini-4k-instruct-bnb-4bit,unsloth,1,False,2024-11,4.132,?,fine-tunedondomain-specificdatasets,False,True,
kms7530/chemeng_qwen-math-7b_24_1_100_1,Qwen/Qwen2.5-7B,Qwen,1,True,2024-10,8.911,?,fine-tunedondomain-specificdatasets,False,True,
kms7530/chemeng_qwen-math-7b_24_1_100_1_nonmath,Qwen/Qwen2.5-7B,Qwen,1,True,2024-11,15.231,?,chatmodels,False,True,
kno10/ende-chat-0.0.5,kno10/ende-chat-0.0.5,kno10,0,False,2024-06,7.891,MistralForCausalLM,fine-tunedondomain-specificdatasets,False,True,
kno10/ende-chat-0.0.7,kno10/ende-chat-0.0.7,kno10,0,False,2024-07,7.891,MistralForCausalLM,chatmodels,False,True,
kyutai/helium-1-preview-2b,kyutai/helium-1-preview-2b,kyutai,0,True,2025-01,2.173,HeliumForCausalLM,pretrained,False,True,
kz919/QwQ-0.5B-Distilled-SFT,kz919/QwQ-0.5B-Distilled-SFT (Merge),kz919,1,False,2025-01,0.494,Qwen2ForCausalLM,chatmodels,False,False,merge
ladydaina/ECE-FDF,ladydaina/ECE-FDF (Merge),ladydaina,1,False,2024-11,7.242,MistralForCausalLM,basemergesandmoerges,False,False,merge
laislemke/LLaMA-2-vicuna-7b-slerp,laislemke/LLaMA-2-vicuna-7b-slerp (Merge),laislemke,1,False,2024-07,6.738,LlamaForCausalLM,basemergesandmoerges,False,False,merge
lalainy/ECE-PRYMMAL-0.5B-FT-V5-MUSR,lalainy/ECE-PRYMMAL-0.5B-FT-V5-MUSR,lalainy,0,False,2024-10,0.494,Qwen2ForCausalLM,fine-tunedondomain-specificdatasets,False,True,
lalainy/ECE-PRYMMAL-0.5B-SLERP-V4,lalainy/ECE-PRYMMAL-0.5B-SLERP-V4,lalainy,0,False,2024-10,0.494,Qwen2ForCausalLM,basemergesandmoerges,False,False,merge
lalainy/ECE-PRYMMAL-YL-0.5B-SLERP-BIS-V1,lalainy/ECE-PRYMMAL-YL-0.5B-SLERP-BIS-V1,lalainy,0,False,2024-11,0.494,Qwen2ForCausalLM,basemergesandmoerges,False,False,merge
lalainy/ECE-PRYMMAL-YL-1B-SLERP-V3,lalainy/ECE-PRYMMAL-YL-1B-SLERP-V3,lalainy,0,False,2024-11,1.544,Qwen2ForCausalLM,basemergesandmoerges,False,False,merge
lalainy/ECE-PRYMMAL-YL-1B-SLERP-V4,lalainy/ECE-PRYMMAL-YL-1B-SLERP-V4,lalainy,0,False,2024-11,1.544,Qwen2ForCausalLM,basemergesandmoerges,False,False,merge
lalainy/ECE-PRYMMAL-YL-6B-SLERP-V1,lalainy/ECE-PRYMMAL-YL-6B-SLERP-V1,lalainy,0,False,2024-11,6.061,LlamaForCausalLM,basemergesandmoerges,False,False,merge
lalainy/ECE-PRYMMAL-YL-6B-SLERP-V2,lalainy/ECE-PRYMMAL-YL-6B-SLERP-V2,lalainy,0,False,2024-11,6.061,LlamaForCausalLM,basemergesandmoerges,False,False,merge
langgptai/Qwen-las-v0.1,Qwen/Qwen1.5-4B-Chat,Qwen,1,False,2024-05,7.901,?,chatmodels,False,True,
langgptai/qwen1.5-7b-chat-sa-v0.1,Qwen/Qwen1.5-7B-Chat,Qwen,1,False,2024-05,15.443,?,chatmodels,False,True,
lars1234/Mistral-Small-24B-Instruct-2501-writer,lars1234/Mistral-Small-24B-Instruct-2501-writer (Merge),lars1234,1,False,2025-03,23.572,MistralForCausalLM,fine-tunedondomain-specificdatasets,False,False,merge
leafspark/Llama-3.1-8B-MultiReflection-Instruct,leafspark/Llama-3.1-8B-MultiReflection-Instruct (Merge),leafspark,1,False,2024-09,8.03,LlamaForCausalLM,fine-tunedondomain-specificdatasets,False,False,merge
lemon07r/Gemma-2-Ataraxy-9B,lemon07r/Gemma-2-Ataraxy-9B (Merge),lemon07r,1,False,2024-08,10.159,Gemma2ForCausalLM,fine-tunedondomain-specificdatasets,False,False,merge
lemon07r/Gemma-2-Ataraxy-Advanced-9B,lemon07r/Gemma-2-Ataraxy-Advanced-9B (Merge),lemon07r,1,False,2024-09,10.159,Gemma2ForCausalLM,fine-tunedondomain-specificdatasets,False,False,merge
lemon07r/Gemma-2-Ataraxy-Remix-9B,lemon07r/Gemma-2-Ataraxy-Remix-9B (Merge),lemon07r,1,False,2024-09,10.159,Gemma2ForCausalLM,fine-tunedondomain-specificdatasets,False,False,merge
lemon07r/Gemma-2-Ataraxy-v2-9B,lemon07r/Gemma-2-Ataraxy-v2-9B (Merge),lemon07r,1,False,2024-09,10.159,Gemma2ForCausalLM,fine-tunedondomain-specificdatasets,False,False,merge
lemon07r/Gemma-2-Ataraxy-v2a-9B,lemon07r/Gemma-2-Ataraxy-v2a-9B (Merge),lemon07r,1,False,2024-09,10.159,Gemma2ForCausalLM,fine-tunedondomain-specificdatasets,False,False,merge
lemon07r/Gemma-2-Ataraxy-v2f-9B,lemon07r/Gemma-2-Ataraxy-v2f-9B (Merge),lemon07r,1,False,2024-09,10.159,Gemma2ForCausalLM,fine-tunedondomain-specificdatasets,False,False,merge
lemon07r/Gemma-2-Ataraxy-v3-Advanced-9B,lemon07r/Gemma-2-Ataraxy-v3-Advanced-9B (Merge),lemon07r,1,False,2024-10,10.159,Gemma2ForCausalLM,fine-tunedondomain-specificdatasets,False,False,merge
lemon07r/Gemma-2-Ataraxy-v3b-9B,lemon07r/Gemma-2-Ataraxy-v3b-9B (Merge),lemon07r,1,False,2024-10,9.242,Gemma2ForCausalLM,fine-tunedondomain-specificdatasets,False,False,merge
lemon07r/Gemma-2-Ataraxy-v3i-9B,lemon07r/Gemma-2-Ataraxy-v3i-9B (Merge),lemon07r,1,False,2024-10,9.242,Gemma2ForCausalLM,fine-tunedondomain-specificdatasets,False,False,merge
lemon07r/Gemma-2-Ataraxy-v3j-9B,lemon07r/Gemma-2-Ataraxy-v3j-9B (Merge),lemon07r,1,False,2024-10,9.242,Gemma2ForCausalLM,fine-tunedondomain-specificdatasets,False,False,merge
lemon07r/Gemma-2-Ataraxy-v4-Advanced-9B,lemon07r/Gemma-2-Ataraxy-v4-Advanced-9B (Merge),lemon07r,1,False,2024-10,10.159,Gemma2ForCausalLM,basemergesandmoerges,False,False,merge
lemon07r/Gemma-2-Ataraxy-v4a-Advanced-9B,lemon07r/Gemma-2-Ataraxy-v4a-Advanced-9B (Merge),lemon07r,1,False,2024-10,10.159,Gemma2ForCausalLM,basemergesandmoerges,False,False,merge
lemon07r/Gemma-2-Ataraxy-v4b-9B,lemon07r/Gemma-2-Ataraxy-v4b-9B (Merge),lemon07r,1,False,2024-10,10.159,Gemma2ForCausalLM,fine-tunedondomain-specificdatasets,False,False,merge
lemon07r/Gemma-2-Ataraxy-v4c-9B,lemon07r/Gemma-2-Ataraxy-v4c-9B (Merge),lemon07r,1,False,2024-10,10.159,Gemma2ForCausalLM,basemergesandmoerges,False,False,merge
lemon07r/Gemma-2-Ataraxy-v4d-9B,lemon07r/Gemma-2-Ataraxy-v4d-9B (Merge),lemon07r,1,False,2024-10,10.159,Gemma2ForCausalLM,basemergesandmoerges,False,False,merge
lemon07r/Llama-3-RedMagic4-8B,lemon07r/Llama-3-RedMagic4-8B (Merge),lemon07r,1,False,2024-06,8.03,LlamaForCausalLM,fine-tunedondomain-specificdatasets,False,False,merge
lemon07r/llama-3-NeuralMahou-8b,lemon07r/llama-3-NeuralMahou-8b (Merge),lemon07r,1,False,2024-05,8.03,LlamaForCausalLM,fine-tunedondomain-specificdatasets,False,False,merge
lesubra/ECE-EIFFEL-3B,lesubra/ECE-EIFFEL-3B,lesubra,0,False,2024-10,3.821,Phi3ForCausalLM,basemergesandmoerges,False,False,merge
lesubra/ECE-EIFFEL-3Bv2,lesubra/ECE-EIFFEL-3Bv2,lesubra,0,False,2024-10,3.821,Phi3ForCausalLM,basemergesandmoerges,False,False,merge
lesubra/ECE-EIFFEL-3Bv3,lesubra/ECE-EIFFEL-3Bv3,lesubra,0,False,2024-10,3.821,Phi3ForCausalLM,basemergesandmoerges,False,False,merge
lesubra/ECE-PRYMMAL-3B-SLERP-V1,lesubra/ECE-PRYMMAL-3B-SLERP-V1,lesubra,0,False,2024-10,3.821,Phi3ForCausalLM,basemergesandmoerges,False,False,merge
lesubra/ECE-PRYMMAL-3B-SLERP-V2,lesubra/ECE-PRYMMAL-3B-SLERP-V2,lesubra,0,False,2024-10,3.821,Phi3ForCausalLM,basemergesandmoerges,False,False,merge
lesubra/ECE-PRYMMAL-3B-SLERP_2-V1,lesubra/ECE-PRYMMAL-3B-SLERP_2-V1,lesubra,0,False,2024-11,3.821,Phi3ForCausalLM,basemergesandmoerges,False,False,merge
lesubra/ECE-PRYMMAL-3B-SLERP_2-V2,lesubra/ECE-PRYMMAL-3B-SLERP_2-V2,lesubra,0,False,2024-11,3.821,Phi3ForCausalLM,basemergesandmoerges,False,False,merge
lesubra/merge-test,lesubra/merge-test,lesubra,0,False,2024-09,3.821,Phi3ForCausalLM,fine-tunedondomain-specificdatasets,False,False,merge
lightblue/suzume-llama-3-8B-multilingual,meta-llama/Meta-Llama-3-8B-Instruct,meta-llama,1,False,2024-04,8.03,LlamaForCausalLM,fine-tunedondomain-specificdatasets,False,True,
lightblue/suzume-llama-3-8B-multilingual-orpo-borda-full,meta-llama/Meta-Llama-3-8B-Instruct,meta-llama,1,False,2024-04,8.03,LlamaForCausalLM,chatmodels,False,True,
lightblue/suzume-llama-3-8B-multilingual-orpo-borda-half,meta-llama/Meta-Llama-3-8B-Instruct,meta-llama,1,False,2024-04,8.03,LlamaForCausalLM,chatmodels,False,True,
lightblue/suzume-llama-3-8B-multilingual-orpo-borda-top25,meta-llama/Meta-Llama-3-8B-Instruct,meta-llama,1,False,2024-04,8.03,LlamaForCausalLM,chatmodels,False,True,
lightblue/suzume-llama-3-8B-multilingual-orpo-borda-top75,meta-llama/Meta-Llama-3-8B-Instruct,meta-llama,1,False,2024-04,8.03,LlamaForCausalLM,chatmodels,False,True,
lkoenig/BBAI_145_,lkoenig/BBAI_145_ (Merge),lkoenig,1,False,2025-02,7.616,Qwen2ForCausalLM,basemergesandmoerges,False,False,merge
lkoenig/BBAI_200_Gemma,lkoenig/BBAI_200_Gemma (Merge),lkoenig,1,False,2025-02,19.3,Gemma2ForCausalLM,basemergesandmoerges,False,False,merge
lkoenig/BBAI_212_QwenLawLo,lkoenig/BBAI_212_QwenLawLo (Merge),lkoenig,1,False,2025-03,7.616,Qwen2ForCausalLM,basemergesandmoerges,False,False,merge
lkoenig/BBAI_212_Qwencore,lkoenig/BBAI_212_Qwencore (Merge),lkoenig,1,False,2025-02,7.613,Qwen2ForCausalLM,basemergesandmoerges,False,False,merge
lkoenig/BBAI_230_Xiaqwen,lkoenig/BBAI_230_Xiaqwen (Merge),lkoenig,1,False,2025-02,7.616,Qwen2ForCausalLM,basemergesandmoerges,False,False,merge
lkoenig/BBAI_375_QwenDyancabs,lkoenig/BBAI_375_QwenDyancabs (Merge),lkoenig,1,False,2025-02,7.616,Qwen2ForCausalLM,basemergesandmoerges,False,False,merge
lkoenig/BBAI_456_QwenKoen,lkoenig/BBAI_456_QwenKoen (Merge),lkoenig,1,False,2025-03,7.616,Qwen2ForCausalLM,basemergesandmoerges,False,False,merge
lkoenig/BBAI_7B_KoenQwenDyan,lkoenig/BBAI_7B_KoenQwenDyan (Merge),lkoenig,1,False,2025-03,7.616,Qwen2ForCausalLM,basemergesandmoerges,False,False,merge
lkoenig/BBAI_7B_Qwen2.5koen,lkoenig/BBAI_7B_Qwen2.5koen (Merge),lkoenig,1,False,2025-03,7.616,Qwen2ForCausalLM,basemergesandmoerges,False,False,merge
lkoenig/BBAI_7B_QwenDyanKoenLo,lkoenig/BBAI_7B_QwenDyanKoenLo (Merge),lkoenig,1,False,2025-03,7.616,Qwen2ForCausalLM,basemergesandmoerges,False,False,merge
lkoenig/BBAI_7B_QwenDyancabsLAW,lkoenig/BBAI_7B_QwenDyancabsLAW (Merge),lkoenig,1,False,2025-03,7.616,Qwen2ForCausalLM,basemergesandmoerges,False,False,merge
llmat/Mistral-v0.3-7B-ORPO,mistralai/Mistral-7B-v0.3,mistralai,1,True,2024-08,7.248,MistralForCausalLM,chatmodels,False,True,
llnYou/ECE-PRYMMAL-YL-1B-SLERP-V5,llnYou/ECE-PRYMMAL-YL-1B-SLERP-V5,llnYou,0,False,2024-11,1.544,Qwen2ForCausalLM,basemergesandmoerges,False,False,merge
llnYou/ECE-PRYMMAL-YL-1B-SLERP-V6,llnYou/ECE-PRYMMAL-YL-1B-SLERP-V6,llnYou,0,False,2024-11,1.357,Qwen2ForCausalLM,basemergesandmoerges,False,False,merge
llnYou/ECE-PRYMMAL-YL-3B-SLERP-V1,llnYou/ECE-PRYMMAL-YL-3B-SLERP-V1,llnYou,0,False,2024-11,2.81,LlamaForCausalLM,basemergesandmoerges,False,False,merge
llnYou/ECE-PRYMMAL-YL-3B-SLERP-V2,llnYou/ECE-PRYMMAL-YL-3B-SLERP-V2,llnYou,0,False,2024-11,2.81,LlamaForCausalLM,basemergesandmoerges,False,False,merge
llnYou/ECE-PRYMMAL-YL-3B-SLERP-V3,llnYou/ECE-PRYMMAL-YL-3B-SLERP-V3,llnYou,0,False,2024-11,3.821,Phi3ForCausalLM,basemergesandmoerges,False,False,merge
lmsys/vicuna-13b-v1.3,lmsys/vicuna-13b-v1.3,lmsys,0,False,2023-06,13.0,LlamaForCausalLM,fine-tunedondomain-specificdatasets,False,True,
lmsys/vicuna-7b-v1.3,lmsys/vicuna-7b-v1.3,lmsys,0,False,2023-06,7.0,LlamaForCausalLM,fine-tunedondomain-specificdatasets,False,True,
lmsys/vicuna-7b-v1.5,lmsys/vicuna-7b-v1.5,lmsys,0,False,2023-07,7.0,LlamaForCausalLM,fine-tunedondomain-specificdatasets,False,True,
lodrick-the-lafted/llama-3.1-8b-instruct-ortho-v7,lodrick-the-lafted/llama-3.1-8b-instruct-ortho-v7,lodrick-the-lafted,0,False,2024-07,8.03,LlamaForCausalLM,fine-tunedondomain-specificdatasets,False,True,
lordjia/Llama-3-Cantonese-8B-Instruct,lordjia/Llama-3-Cantonese-8B-Instruct,lordjia,0,False,2024-07,8.03,LlamaForCausalLM,chatmodels,False,True,
lordjia/Qwen2-Cantonese-7B-Instruct,lordjia/Qwen2-Cantonese-7B-Instruct,lordjia,0,False,2024-07,7.616,Qwen2ForCausalLM,chatmodels,False,True,
lt-asset/nova-1.3b,lt-asset/nova-1.3b,lt-asset,0,False,2024-01,1.347,NovaForCausalLM,fine-tunedondomain-specificdatasets,False,True,
lunahr/thea-3b-50r-u1,CreitinGameplays/Llama-3.2-3b-Instruct-uncensored-refinetune (Merge),CreitinGameplays,1,False,2025-01,3.213,LlamaForCausalLM,fine-tunedondomain-specificdatasets,False,False,merge
lunahr/thea-v2-3b-50r,lunahr/thea-v2-3b-50r,lunahr,0,True,2024-12,3.213,LlamaForCausalLM,fine-tunedondomain-specificdatasets,False,False,base_removed
m42-health/Llama3-Med42-70B,m42-health/Llama3-Med42-70B,m42-health,0,False,2024-06,70.554,LlamaForCausalLM,fine-tunedondomain-specificdatasets,False,True,
macadeliccc/Samantha-Qwen-2-7B,Qwen/Qwen2-7B,Qwen,1,True,2024-06,7.616,Qwen2ForCausalLM,fine-tunedondomain-specificdatasets,False,True,
macadeliccc/magistrate-3.2-3b-base,meta-llama/Llama-3.2-3B,meta-llama,1,True,2024-09,3.213,LlamaForCausalLM,continuouslypretrained,False,True,
macadeliccc/magistrate-3.2-3b-it,meta-llama/Llama-3.2-3B,meta-llama,1,True,2024-10,3.213,LlamaForCausalLM,fine-tunedondomain-specificdatasets,False,True,
magnifi/Phi3_intent_v56_3_w_unknown_5_lr_0.002,unsloth/Phi-3-mini-4k-instruct-bnb-4bit,unsloth,1,False,2025-03,3.821,MistralForCausalLM,fine-tunedondomain-specificdatasets,False,True,
maldv/Awqward2.5-32B-Instruct,maldv/Awqward2.5-32B-Instruct (Merge),maldv,1,False,2024-12,32.764,Qwen2ForCausalLM,basemergesandmoerges,False,False,merge
maldv/Lytta2.5-32B-Instruct,maldv/Lytta2.5-32B-Instruct (Merge),maldv,1,False,2025-01,32.764,Qwen2ForCausalLM,basemergesandmoerges,False,False,merge
maldv/Qwentile2.5-32B-Instruct,maldv/Qwentile2.5-32B-Instruct (Merge),maldv,1,False,2024-12,32.764,Qwen2ForCausalLM,basemergesandmoerges,False,False,merge
maldv/badger-kappa-llama-3-8b,maldv/badger-kappa-llama-3-8b,maldv,0,False,2024-06,8.03,LlamaForCausalLM,basemergesandmoerges,False,False,merge
maldv/badger-lambda-llama-3-8b,maldv/badger-lambda-llama-3-8b,maldv,0,False,2024-06,8.03,LlamaForCausalLM,basemergesandmoerges,False,False,merge
maldv/badger-mu-llama-3-8b,maldv/badger-mu-llama-3-8b,maldv,0,False,2024-06,8.03,LlamaForCausalLM,basemergesandmoerges,False,False,merge
maldv/badger-writer-llama-3-8b,maldv/badger-writer-llama-3-8b (Merge),maldv,1,False,2024-06,8.03,LlamaForCausalLM,fine-tunedondomain-specificdatasets,False,False,merge
marcuscedricridia/Cheng-1,marcuscedricridia/Cheng-1,marcuscedricridia,0,False,2025-03,7.613,Qwen2ForCausalLM,basemergesandmoerges,False,False,merge
marcuscedricridia/Cheng-2,marcuscedricridia/Cheng-2 (Merge),marcuscedricridia,1,False,2025-03,14.766,Qwen2ForCausalLM,basemergesandmoerges,False,False,merge
marcuscedricridia/Cheng-2-v1.1,marcuscedricridia/Cheng-2-v1.1 (Merge),marcuscedricridia,1,False,2025-03,14.766,Qwen2ForCausalLM,basemergesandmoerges,False,False,merge
marcuscedricridia/Hush-Qwen2.5-7B-MST,marcuscedricridia/Hush-Qwen2.5-7B-MST (Merge),marcuscedricridia,1,False,2025-03,7.613,Qwen2ForCausalLM,basemergesandmoerges,False,False,merge
marcuscedricridia/Hush-Qwen2.5-7B-MST-v1.1,marcuscedricridia/Hush-Qwen2.5-7B-MST-v1.1 (Merge),marcuscedricridia,1,False,2025-03,7.613,Qwen2ForCausalLM,basemergesandmoerges,False,False,merge
marcuscedricridia/Hush-Qwen2.5-7B-MST-v1.3,marcuscedricridia/Hush-Qwen2.5-7B-MST-v1.3 (Merge),marcuscedricridia,1,False,2025-03,7.613,Qwen2ForCausalLM,basemergesandmoerges,False,False,merge
marcuscedricridia/Hush-Qwen2.5-7B-Preview,marcuscedricridia/Hush-Qwen2.5-7B-Preview (Merge),marcuscedricridia,1,False,2025-03,7.613,Qwen2ForCausalLM,basemergesandmoerges,False,False,merge
marcuscedricridia/Hush-Qwen2.5-7B-RP-v1.4-1M,marcuscedricridia/Hush-Qwen2.5-7B-RP-v1.4-1M (Merge),marcuscedricridia,1,False,2025-03,7.613,Qwen2ForCausalLM,basemergesandmoerges,False,False,merge
marcuscedricridia/Hush-Qwen2.5-7B-v1.1,marcuscedricridia/Hush-Qwen2.5-7B-v1.1 (Merge),marcuscedricridia,1,False,2025-03,7.613,Qwen2ForCausalLM,basemergesandmoerges,False,False,merge
marcuscedricridia/Hush-Qwen2.5-7B-v1.2,marcuscedricridia/Hush-Qwen2.5-7B-v1.2 (Merge),marcuscedricridia,1,False,2025-03,7.613,Qwen2ForCausalLM,basemergesandmoerges,False,False,merge
marcuscedricridia/Hush-Qwen2.5-7B-v1.3,marcuscedricridia/Hush-Qwen2.5-7B-v1.3 (Merge),marcuscedricridia,1,False,2025-03,7.613,Qwen2ForCausalLM,basemergesandmoerges,False,False,merge
marcuscedricridia/Hush-Qwen2.5-7B-v1.4,marcuscedricridia/Hush-Qwen2.5-7B-v1.4 (Merge),marcuscedricridia,1,False,2025-03,7.613,Qwen2ForCausalLM,basemergesandmoerges,False,False,merge
marcuscedricridia/Qwen2.5-7B-Preview,marcuscedricridia/Qwen2.5-7B-Preview (Merge),marcuscedricridia,1,False,2025-03,7.613,Qwen2ForCausalLM,chatmodels,False,False,merge
marcuscedricridia/Yell-Qwen2.5-7B-Preview,marcuscedricridia/Yell-Qwen2.5-7B-Preview (Merge),marcuscedricridia,1,False,2025-03,7.613,Qwen2ForCausalLM,basemergesandmoerges,False,False,merge
marcuscedricridia/Yell-Qwen2.5-7B-Preview-v1.1,marcuscedricridia/Yell-Qwen2.5-7B-Preview-v1.1 (Merge),marcuscedricridia,1,False,2025-03,7.613,Qwen2ForCausalLM,basemergesandmoerges,False,False,merge
marcuscedricridia/absolute-o1-7b,marcuscedricridia/absolute-o1-7b (Merge),marcuscedricridia,1,False,2025-02,7.613,Qwen2ForCausalLM,basemergesandmoerges,False,False,merge
marcuscedricridia/cursa-o1-7b,marcuscedricridia/cursa-o1-7b (Merge),marcuscedricridia,1,False,2025-02,7.613,Qwen2ForCausalLM,basemergesandmoerges,False,False,merge
marcuscedricridia/cursa-o1-7b-2-28-2025,marcuscedricridia/cursa-o1-7b-2-28-2025 (Merge),marcuscedricridia,1,False,2025-02,7.613,Qwen2ForCausalLM,basemergesandmoerges,False,False,merge
marcuscedricridia/cursa-o1-7b-v1.1,marcuscedricridia/cursa-o1-7b-v1.1 (Merge),marcuscedricridia,1,False,2025-02,7.613,Qwen2ForCausalLM,basemergesandmoerges,False,False,merge
marcuscedricridia/cursa-o1-7b-v1.2-normalize-false,marcuscedricridia/cursa-o1-7b-v1.2-normalize-false (Merge),marcuscedricridia,1,False,2025-02,7.613,Qwen2ForCausalLM,basemergesandmoerges,False,False,merge
marcuscedricridia/cursor-o1-7b,marcuscedricridia/cursor-o1-7b,marcuscedricridia,0,True,,7.616,Qwen2ForCausalLM,basemergesandmoerges,False,False,merge
marcuscedricridia/cursorr-o1.2-7b,marcuscedricridia/cursorr-o1.2-7b,marcuscedricridia,0,True,,7.616,Qwen2ForCausalLM,basemergesandmoerges,False,False,merge
marcuscedricridia/etr1o-explicit-v1.1,marcuscedricridia/etr1o-explicit-v1.1,marcuscedricridia,0,True,,7.613,Qwen2ForCausalLM,basemergesandmoerges,False,False,merge
marcuscedricridia/etr1o-explicit-v1.2,marcuscedricridia/etr1o-explicit-v1.2,marcuscedricridia,0,True,,7.613,Qwen2ForCausalLM,basemergesandmoerges,False,False,merge
marcuscedricridia/etr1o-v1.1,marcuscedricridia/etr1o-v1.1 (Merge),marcuscedricridia,1,False,2025-03,7.613,Qwen2ForCausalLM,basemergesandmoerges,False,False,merge
marcuscedricridia/etr1o-v1.2,marcuscedricridia/etr1o-v1.2 (Merge),marcuscedricridia,1,False,2025-03,14.766,Qwen2ForCausalLM,basemergesandmoerges,False,False,merge
marcuscedricridia/fan-o1-7b,marcuscedricridia/fan-o1-7b,marcuscedricridia,0,True,,7.613,Qwen2ForCausalLM,basemergesandmoerges,False,False,merge
marcuscedricridia/olmner-7b,marcuscedricridia/olmner-7b,marcuscedricridia,0,True,,7.616,Qwen2ForCausalLM,basemergesandmoerges,False,False,merge
marcuscedricridia/olmner-della-7b,marcuscedricridia/olmner-della-7b (Merge),marcuscedricridia,1,False,2025-02,7.616,Qwen2ForCausalLM,basemergesandmoerges,False,False,merge
marcuscedricridia/olmner-o1-7b,marcuscedricridia/olmner-o1-7b,marcuscedricridia,0,True,,7.613,Qwen2ForCausalLM,basemergesandmoerges,False,False,merge
marcuscedricridia/olmner-sbr-7b,marcuscedricridia/olmner-sbr-7b (Merge),marcuscedricridia,1,False,2025-03,7.613,Qwen2ForCausalLM,basemergesandmoerges,False,False,merge
marcuscedricridia/post-cursa-o1,marcuscedricridia/post-cursa-o1 (Merge),marcuscedricridia,1,False,2025-02,7.613,Qwen2ForCausalLM,basemergesandmoerges,False,False,merge
marcuscedricridia/pre-cursa-o1,marcuscedricridia/pre-cursa-o1 (Merge),marcuscedricridia,1,False,2025-02,7.613,Qwen2ForCausalLM,basemergesandmoerges,False,False,merge
marcuscedricridia/pre-cursa-o1-v1.2,marcuscedricridia/pre-cursa-o1-v1.2 (Merge),marcuscedricridia,1,False,2025-02,7.613,Qwen2ForCausalLM,basemergesandmoerges,False,False,merge
marcuscedricridia/pre-cursa-o1-v1.3,marcuscedricridia/pre-cursa-o1-v1.3 (Merge),marcuscedricridia,1,False,2025-02,7.613,Qwen2ForCausalLM,basemergesandmoerges,False,False,merge
marcuscedricridia/pre-cursa-o1-v1.4,marcuscedricridia/pre-cursa-o1-v1.4 (Merge),marcuscedricridia,1,False,2025-02,7.613,Qwen2ForCausalLM,fine-tunedondomain-specificdatasets,False,False,merge
marcuscedricridia/pre-cursa-o1-v1.6,marcuscedricridia/pre-cursa-o1-v1.6 (Merge),marcuscedricridia,1,False,2025-02,7.613,Qwen2ForCausalLM,basemergesandmoerges,False,False,merge
marcuscedricridia/r1o-et,marcuscedricridia/r1o-et (Merge),marcuscedricridia,1,False,2025-03,7.613,Qwen2ForCausalLM,basemergesandmoerges,False,False,merge
marcuscedricridia/sbr-o1-7b,marcuscedricridia/sbr-o1-7b (Merge),marcuscedricridia,1,False,2025-02,7.613,Qwen2ForCausalLM,basemergesandmoerges,False,False,merge
marcuscedricridia/stray-r1o-et,marcuscedricridia/stray-r1o-et (Merge),marcuscedricridia,1,False,2025-03,7.613,Qwen2ForCausalLM,basemergesandmoerges,False,False,merge
matouLeLoup/ECE-PRYMMAL-0.5B-FT-EnhancedMUSREnsembleV3,matouLeLoup/ECE-PRYMMAL-0.5B-FT-EnhancedMUSREnsembleV3,matouLeLoup,0,True,,0.494,Qwen2ForCausalLM,fine-tunedondomain-specificdatasets,False,False,base_removed
matouLeLoup/ECE-PRYMMAL-0.5B-FT-MUSR-ENSEMBLE-V2Mathis,matouLeLoup/ECE-PRYMMAL-0.5B-FT-MUSR-ENSEMBLE-V2Mathis,matouLeLoup,0,True,,0.494,Qwen2ForCausalLM,fine-tunedondomain-specificdatasets,False,False,base_removed
matouLeLoup/ECE-PRYMMAL-0.5B-FT-V4-MUSR-ENSEMBLE-Mathis,matouLeLoup/ECE-PRYMMAL-0.5B-FT-V4-MUSR-ENSEMBLE-Mathis,matouLeLoup,0,True,,0.494,Qwen2ForCausalLM,fine-tunedondomain-specificdatasets,False,False,base_removed
matouLeLoup/ECE-PRYMMAL-0.5B-FT-V4-MUSR-Mathis,matouLeLoup/ECE-PRYMMAL-0.5B-FT-V4-MUSR-Mathis,matouLeLoup,0,False,2024-10,0.494,Qwen2ForCausalLM,fine-tunedondomain-specificdatasets,False,True,
matouLeLoup/ECE-PRYMMAL-0.5B-FT-V5-MUSR-Mathis,matouLeLoup/ECE-PRYMMAL-0.5B-FT-V5-MUSR-Mathis,matouLeLoup,0,True,,0.63,?,fine-tunedondomain-specificdatasets,False,False,base_removed
mattshumer/Reflection-Llama-3.1-70B,meta-llama/Meta-Llama-3.1-70B,meta-llama,1,False,2024-09,70.554,LlamaForCausalLM,fine-tunedondomain-specificdatasets,False,True,
mattshumer/ref_70_e3,meta-llama/Meta-Llama-3.1-70B,meta-llama,1,False,2024-09,70.554,LlamaForCausalLM,chatmodels,False,True,
maywell/Qwen2-7B-Multilingual-RP,maywell/Qwen2-7B-Multilingual-RP,maywell,0,False,2024-06,7.616,Qwen2ForCausalLM,fine-tunedondomain-specificdatasets,False,True,
meditsolutions/Llama-3.1-MedIT-SUN-8B,meditsolutions/Llama-3.1-MedIT-SUN-8B (Merge),meditsolutions,1,False,2024-11,8.03,LlamaForCausalLM,chatmodels,False,False,merge
meditsolutions/Llama-3.2-SUN-1B-Instruct,meditsolutions/Llama-3.2-SUN-1B-Instruct (Merge),meditsolutions,1,False,2024-11,1.498,LlamaMedITForCausalLM,fine-tunedondomain-specificdatasets,False,False,merge
meditsolutions/Llama-3.2-SUN-1B-chat,meditsolutions/Llama-3.2-SUN-1B-chat (Merge),meditsolutions,1,False,2024-11,1.498,LlamaForCausalLM,chatmodels,False,False,merge
meditsolutions/Llama-3.2-SUN-2.4B-checkpoint-26000,meditsolutions/Llama-3.2-SUN-2.4B-checkpoint-26000 (Merge),meditsolutions,1,False,2024-09,2.209,LlamaForCausalLM,chatmodels,False,False,merge
meditsolutions/Llama-3.2-SUN-2.4B-checkpoint-34800,meditsolutions/Llama-3.2-SUN-2.4B-checkpoint-34800 (Merge),meditsolutions,1,False,2024-09,2.209,LlamaForCausalLM,chatmodels,False,False,merge
meditsolutions/Llama-3.2-SUN-2.4B-v1.0.0,meditsolutions/Llama-3.2-SUN-2.4B-v1.0.0 (Merge),meditsolutions,1,False,2024-09,2.472,LlamaForCausalLM,chatmodels,False,False,merge
meditsolutions/Llama-3.2-SUN-2.5B-chat,meditsolutions/Llama-3.2-SUN-2.5B-chat (Merge),meditsolutions,1,False,2024-09,2.472,LlamaForCausalLM,chatmodels,False,False,merge
meditsolutions/Llama-3.2-SUN-HDIC-1B-Instruct,meditsolutions/Llama-3.2-SUN-HDIC-1B-Instruct (Merge),meditsolutions,1,False,2024-12,1.498,LlamaForCausalLM,fine-tunedondomain-specificdatasets,False,False,merge
meditsolutions/MSH-Lite-7B-v1-Bielik-v2.3-Instruct-Llama-Prune,meditsolutions/MSH-Lite-7B-v1-Bielik-v2.3-Instruct-Llama-Prune (Merge),meditsolutions,1,False,2024-11,7.646,MistralForCausalLM,chatmodels,False,False,merge
meditsolutions/MSH-v1-Bielik-v2.3-Instruct-MedIT-merge,meditsolutions/MSH-v1-Bielik-v2.3-Instruct-MedIT-merge (Merge),meditsolutions,1,False,2024-10,11.169,MistralForCausalLM,chatmodels,False,False,merge
meditsolutions/MedIT-Mesh-3B-Instruct,meditsolutions/MedIT-Mesh-3B-Instruct (Merge),meditsolutions,1,False,2024-11,3.821,Phi3ForCausalLM,chatmodels,False,False,merge
meditsolutions/SmolLM2-MedIT-Upscale-2B,meditsolutions/SmolLM2-MedIT-Upscale-2B (Merge),meditsolutions,1,False,2024-12,2.114,LlamaForCausalLM,fine-tunedondomain-specificdatasets,False,False,merge
meetkai/functionary-small-v3.1,meetkai/functionary-small-v3.1,meetkai,0,False,2024-07,8.03,LlamaForCausalLM,fine-tunedondomain-specificdatasets,False,True,
meraGPT/mera-mix-4x7B,meraGPT/mera-mix-4x7B,meraGPT,0,False,2024-04,24.154,MixtralForCausalLM,basemergesandmoerges,False,False,merge
mergekit-community/JAJUKA-WEWILLNEVERFORGETYOU-3B,mergekit-community/JAJUKA-WEWILLNEVERFORGETYOU-3B (Merge),mergekit-community,1,False,2025-02,3.213,LlamaForCausalLM,basemergesandmoerges,False,False,merge
mergekit-community/SuperQwen-2.5-1.5B,mergekit-community/SuperQwen-2.5-1.5B (Merge),mergekit-community,1,False,2025-01,1.777,Qwen2ForCausalLM,basemergesandmoerges,False,False,merge
mergekit-community/VirtuosoSmall-InstructModelStock,mergekit-community/VirtuosoSmall-InstructModelStock (Merge),mergekit-community,1,False,2024-12,14.766,Qwen2ForCausalLM,basemergesandmoerges,False,False,merge
mergekit-community/diabolic6045_ELN-AOC-CAIN,mergekit-community/diabolic6045_ELN-AOC-CAIN (Merge),mergekit-community,1,False,2025-01,1.236,LlamaForCausalLM,fine-tunedondomain-specificdatasets,False,False,merge
mergekit-community/mergekit-dare_ties-ajgjgea,mergekit-community/mergekit-dare_ties-ajgjgea (Merge),mergekit-community,1,False,2025-01,1.498,LlamaForCausalLM,basemergesandmoerges,False,False,merge
mergekit-community/mergekit-della-zgowfmf,mergekit-community/mergekit-della-zgowfmf (Merge),mergekit-community,1,False,2024-12,14.766,Qwen2ForCausalLM,basemergesandmoerges,False,False,merge
mergekit-community/mergekit-model_stock-azgztvm,mergekit-community/mergekit-model_stock-azgztvm (Merge),mergekit-community,1,False,2024-12,14.766,Qwen2ForCausalLM,basemergesandmoerges,False,False,merge
mergekit-community/mergekit-slerp-fmrazcr,mergekit-community/mergekit-slerp-fmrazcr (Merge),mergekit-community,1,False,2024-12,8.03,LlamaForCausalLM,basemergesandmoerges,False,False,merge
mergekit-community/mergekit-ties-rraxdhv,mergekit-community/mergekit-ties-rraxdhv (Merge),mergekit-community,1,False,2025-01,9.242,Gemma2ForCausalLM,basemergesandmoerges,False,False,merge
mergekit-community/mergekit-ties-ykqemwr,mergekit-community/mergekit-ties-ykqemwr (Merge),mergekit-community,1,False,2024-12,12.248,MistralForCausalLM,basemergesandmoerges,False,False,merge
mergekit-community/sexeh_time_testing,mergekit-community/sexeh_time_testing (Merge),mergekit-community,1,False,2024-12,8.03,LlamaForCausalLM,basemergesandmoerges,False,False,merge
meta-llama/Llama-2-13b-chat-hf,meta-llama/Llama-2-13b-chat-hf,meta-llama,0,False,2023-07,13.016,LlamaForCausalLM,chatmodels,False,True,
meta-llama/Llama-2-13b-hf,meta-llama/Llama-2-13b-hf,meta-llama,0,True,2023-07,13.016,LlamaForCausalLM,pretrained,False,True,
meta-llama/Llama-2-70b-chat-hf,meta-llama/Llama-2-70b-chat-hf,meta-llama,0,False,2023-07,68.977,LlamaForCausalLM,chatmodels,False,True,
meta-llama/Llama-2-70b-hf,meta-llama/Llama-2-70b-hf,meta-llama,0,True,2023-07,68.977,LlamaForCausalLM,pretrained,False,True,
meta-llama/Llama-2-7b-chat-hf,meta-llama/Llama-2-7b-chat-hf,meta-llama,0,True,2023-07,6.738,LlamaForCausalLM,pretrained,False,True,
meta-llama/Llama-2-7b-hf,meta-llama/Llama-2-7b-hf,meta-llama,0,True,2023-07,6.738,LlamaForCausalLM,pretrained,False,True,
meta-llama/Llama-3.1-70B,meta-llama/Llama-3.1-70B,meta-llama,0,True,2024-07,70.554,LlamaForCausalLM,pretrained,False,True,
meta-llama/Llama-3.1-70B-Instruct,meta-llama/Meta-Llama-3.1-70B,meta-llama,1,False,2024-07,70.554,LlamaForCausalLM,chatmodels,False,True,
meta-llama/Llama-3.1-8B,meta-llama/Llama-3.1-8B,meta-llama,0,False,2024-07,8.03,LlamaForCausalLM,fine-tunedondomain-specificdatasets,False,True,
meta-llama/Llama-3.1-8B-Instruct,meta-llama/Meta-Llama-3.1-8B,meta-llama,1,False,2024-07,8.03,LlamaForCausalLM,pretrained,False,True,
meta-llama/Llama-3.2-1B,meta-llama/Llama-3.2-1B,meta-llama,0,True,2024-09,1.24,LlamaForCausalLM,pretrained,False,True,
meta-llama/Llama-3.2-1B-Instruct,meta-llama/Llama-3.2-1B-Instruct,meta-llama,0,False,2024-09,1.24,LlamaForCausalLM,chatmodels,False,True,
meta-llama/Llama-3.2-3B,meta-llama/Llama-3.2-3B,meta-llama,0,True,2024-09,3.213,LlamaForCausalLM,pretrained,False,True,
meta-llama/Llama-3.2-3B-Instruct,meta-llama/Llama-3.2-3B-Instruct,meta-llama,0,False,2024-09,3.213,LlamaForCausalLM,chatmodels,False,True,
meta-llama/Llama-3.3-70B-Instruct,meta-llama/Llama-3.3-70B-Instruct (Merge),meta-llama,1,False,2024-11,70.554,LlamaForCausalLM,chatmodels,False,False,merge
meta-llama/Meta-Llama-3-70B,meta-llama/Meta-Llama-3-70B,meta-llama,0,True,2024-04,70.554,LlamaForCausalLM,pretrained,False,True,
meta-llama/Meta-Llama-3-70B-Instruct,meta-llama/Meta-Llama-3-70B,meta-llama,1,True,2024-04,70.554,LlamaForCausalLM,chatmodels,False,True,
meta-llama/Meta-Llama-3-8B,meta-llama/Meta-Llama-3-8B,meta-llama,0,True,2024-04,8.03,LlamaForCausalLM,pretrained,False,True,
meta-llama/Meta-Llama-3-8B-Instruct,meta-llama/Meta-Llama-3-8B-Instruct,meta-llama,0,False,2024-04,8.03,LlamaForCausalLM,chatmodels,False,True,
mhl1/Qwen2.5-0.5B-cinstruct-stage1,mhl1/Qwen2.5-0.5B-cinstruct-stage1 (Merge),mhl1,1,False,2025-01,0.63,Qwen2ForCausalLM,fine-tunedondomain-specificdatasets,False,False,merge
microsoft/DialoGPT-medium,microsoft/DialoGPT-medium,microsoft,0,False,2022-03,0.345,GPT2LMHeadModel,chatmodels,False,True,
microsoft/Orca-2-13b,microsoft/Orca-2-13b,microsoft,0,False,2023-11,13.0,LlamaForCausalLM,fine-tunedondomain-specificdatasets,False,True,
microsoft/Orca-2-7b,microsoft/Orca-2-7b,microsoft,0,False,2023-11,7.0,LlamaForCausalLM,fine-tunedondomain-specificdatasets,False,True,
microsoft/Phi-3-medium-128k-instruct,microsoft/Phi-3-medium-128k-instruct,microsoft,0,False,2024-05,13.96,Phi3ForCausalLM,chatmodels,False,True,
microsoft/Phi-3-medium-4k-instruct,microsoft/Phi-3-medium-4k-instruct,microsoft,0,False,2024-05,13.96,Phi3ForCausalLM,chatmodels,False,True,
microsoft/Phi-3-mini-128k-instruct,microsoft/Phi-3-mini-128k-instruct,microsoft,0,False,2024-04,3.821,Phi3ForCausalLM,chatmodels,False,True,
microsoft/Phi-3-mini-4k-instruct,microsoft/Phi-3-mini-4k-instruct,microsoft,0,False,2024-04,3.821,Phi3ForCausalLM,chatmodels,False,True,
microsoft/Phi-3-small-128k-instruct,microsoft/Phi-3-small-128k-instruct,microsoft,0,False,2024-05,7.392,Phi3SmallForCausalLM,chatmodels,False,True,
microsoft/Phi-3-small-8k-instruct,microsoft/Phi-3-small-8k-instruct,microsoft,0,False,2024-05,7.392,Phi3SmallForCausalLM,chatmodels,False,True,
microsoft/Phi-3.5-MoE-instruct,microsoft/Phi-3.5-MoE-instruct,microsoft,0,False,2024-08,42.0,Phi3ForCausalLM,chatmodels,True,True,
microsoft/Phi-3.5-mini-instruct,microsoft/Phi-3.5-mini-instruct,microsoft,0,False,2024-08,3.821,Phi3ForCausalLM,chatmodels,False,True,
microsoft/Phi-4-mini-instruct,microsoft/Phi-4-mini-instruct,microsoft,0,False,2025-02,3.836,Phi3ForCausalLM,chatmodels,False,True,
microsoft/phi-1,microsoft/phi-1,microsoft,0,True,2023-09,1.418,PhiForCausalLM,pretrained,False,True,
microsoft/phi-1_5,microsoft/phi-1_5,microsoft,0,True,2023-09,1.418,PhiForCausalLM,pretrained,False,True,
microsoft/phi-2,microsoft/phi-2,microsoft,0,True,2023-12,2.78,PhiForCausalLM,pretrained,False,True,
microsoft/phi-4,microsoft/phi-4,microsoft,0,True,2024-12,14.66,Phi3ForCausalLM,pretrained,False,True,
migtissera/Llama-3-70B-Synthia-v3.5,migtissera/Llama-3-70B-Synthia-v3.5,migtissera,0,False,2024-05,70.554,LlamaForCausalLM,fine-tunedondomain-specificdatasets,False,True,
migtissera/Llama-3-8B-Synthia-v3.5,migtissera/Llama-3-8B-Synthia-v3.5,migtissera,0,False,2024-05,8.03,LlamaForCausalLM,fine-tunedondomain-specificdatasets,False,True,
migtissera/Tess-3-7B-SFT,mistralai/Mistral-7B-v0.3,mistralai,1,True,2024-07,7.248,MistralForCausalLM,fine-tunedondomain-specificdatasets,False,True,
migtissera/Tess-3-Mistral-Nemo-12B,migtissera/Tess-3-Mistral-Nemo-12B,migtissera,0,False,2024-08,12.248,MistralForCausalLM,fine-tunedondomain-specificdatasets,False,True,
migtissera/Tess-v2.5-Phi-3-medium-128k-14B,microsoft/Phi-3-medium-128k-instruct,microsoft,1,False,2024-06,13.96,Phi3ForCausalLM,fine-tunedondomain-specificdatasets,False,True,
migtissera/Tess-v2.5.2-Qwen2-72B,migtissera/Tess-v2.5.2-Qwen2-72B,migtissera,0,False,2024-06,72.0,Qwen2ForCausalLM,fine-tunedondomain-specificdatasets,False,True,
migtissera/Trinity-2-Codestral-22B,mistralai/Codestral-22B-v0.1,mistralai,1,True,2024-08,22.247,MistralForCausalLM,fine-tunedondomain-specificdatasets,False,True,
migtissera/Trinity-2-Codestral-22B-v0.2,mistralai/Codestral-22B-v0.1,mistralai,1,True,2024-08,22.247,MistralForCausalLM,fine-tunedondomain-specificdatasets,False,True,
mindw96/DeepSeek-llama3.3-Bllossom-8B-DACON-LLM3,mindw96/DeepSeek-llama3.3-Bllossom-8B-DACON-LLM3,mindw96,0,True,,8.03,LlamaForCausalLM,fine-tunedondomain-specificdatasets,False,False,base_removed
minghaowu/Qwen1.5-1.8B-OpenHermes-2.5,minghaowu/Qwen1.5-1.8B-OpenHermes-2.5,minghaowu,0,True,,1.837,Qwen2ForCausalLM,chatmodels,False,False,base_removed
ministral/Ministral-3b-instruct,ministral/Ministral-3b-instruct,ministral,0,False,2024-03,3.316,MistralForCausalLM,fine-tunedondomain-specificdatasets,False,True,
mistral-community/Mistral-7B-v0.2,mistral-community/Mistral-7B-v0.2,mistral-community,0,True,2024-03,7.242,MistralForCausalLM,pretrained,False,True,
mistral-community/Mixtral-8x22B-v0.1,mistral-community/Mixtral-8x22B-v0.1,mistral-community,0,False,2024-04,0.0,Unknown,❓other,True,True,
mistral-community/mixtral-8x22B-v0.3,mistral-community/mixtral-8x22B-v0.3,mistral-community,0,True,2024-05,140.63,MixtralForCausalLM,pretrained,True,True,
mistralai/Codestral-22B-v0.1,mistralai/Codestral-22B-v0.1,mistralai,0,True,2024-05,22.247,MistralForCausalLM,pretrained,False,True,
mistralai/Ministral-8B-Instruct-2410,mistralai/Ministral-8B-Instruct-2410,mistralai,0,False,2024-10,8.02,MistralForCausalLM,chatmodels,False,True,
mistralai/Mistral-7B-Instruct-v0.1,mistralai/Mistral-7B-v0.1,mistralai,1,True,2023-09,7.242,MistralForCausalLM,chatmodels,False,True,
mistralai/Mistral-7B-Instruct-v0.2,mistralai/Mistral-7B-Instruct-v0.2,mistralai,0,False,2023-12,7.242,MistralForCausalLM,chatmodels,False,True,
mistralai/Mistral-7B-Instruct-v0.3,mistralai/Mistral-7B-v0.3,mistralai,1,True,2024-05,7.248,MistralForCausalLM,chatmodels,False,True,
mistralai/Mistral-7B-v0.1,mistralai/Mistral-7B-v0.1,mistralai,0,True,2023-09,7.242,MistralForCausalLM,pretrained,False,True,
mistralai/Mistral-7B-v0.3,mistralai/Mistral-7B-v0.3,mistralai,0,True,2024-05,7.248,MistralForCausalLM,pretrained,False,True,
mistralai/Mistral-Large-Instruct-2411,mistralai/Mistral-Large-Instruct-2411,mistralai,0,False,2024-11,122.61,MistralForCausalLM,chatmodels,False,True,
mistralai/Mistral-Nemo-Base-2407,mistralai/Mistral-Nemo-Base-2407,mistralai,0,True,2024-07,11.58,MistralForCausalLM,pretrained,False,True,
mistralai/Mistral-Nemo-Instruct-2407,mistralai/Mistral-Nemo-Base-2407,mistralai,1,True,2024-07,12.248,MistralForCausalLM,chatmodels,False,True,
mistralai/Mistral-Small-24B-Base-2501,mistralai/Mistral-Small-24B-Base-2501,mistralai,0,True,2025-01,23.572,MistralForCausalLM,pretrained,False,True,
mistralai/Mistral-Small-Instruct-2409,mistralai/Mistral-Small-Instruct-2409,mistralai,0,False,2024-09,22.05,MistralForCausalLM,chatmodels,False,True,
mistralai/Mixtral-8x22B-Instruct-v0.1,mistralai/Mixtral-8x22B-v0.1,mistralai,1,True,2024-04,140.621,MixtralForCausalLM,chatmodels,True,True,
mistralai/Mixtral-8x22B-v0.1,mistralai/Mixtral-8x22B-v0.1,mistralai,0,True,2024-04,140.621,MixtralForCausalLM,pretrained,True,True,
mistralai/Mixtral-8x7B-Instruct-v0.1,mistralai/Mixtral-8x7B-v0.1,mistralai,1,True,2023-12,46.703,MixtralForCausalLM,chatmodels,True,True,
mistralai/Mixtral-8x7B-v0.1,mistralai/Mixtral-8x7B-v0.1,mistralai,0,True,2023-12,46.703,MixtralForCausalLM,pretrained,True,True,
mixtao/MixTAO-7Bx2-MoE-v8.1,mixtao/MixTAO-7Bx2-MoE-v8.1,mixtao,0,False,2024-02,12.879,MixtralForCausalLM,fine-tunedondomain-specificdatasets,True,True,
mkurman/llama-3.2-MEDIT-3B-o1,mkurman/llama-3.2-MEDIT-3B-o1 (Merge),mkurman,1,False,2025-01,3.607,LlamaForCausalLM,fine-tunedondomain-specificdatasets,False,False,merge
mkurman/phi-4-MedIT-11B-exp-1,mkurman/phi-4-MedIT-11B-exp-1,mkurman,0,True,,11.514,Phi3ForCausalLM,fine-tunedondomain-specificdatasets,False,False,base_removed
mkurman/phi4-MedIT-10B-o1,mkurman/phi4-MedIT-10B-o1,mkurman,0,False,2025-01,10.255,LlamaMedITForCausalLM,fine-tunedondomain-specificdatasets,False,True,
mkxu/llama-3-8b-instruct-fpo,mkxu/llama-3-8b-instruct-fpo,mkxu,0,False,2025-02,8.03,LlamaForCausalLM,chatmodels,False,True,
mkxu/llama-3-8b-po1,mkxu/llama-3-8b-po1,mkxu,0,False,2024-11,8.03,LlamaForCausalLM,fine-tunedondomain-specificdatasets,False,True,
mlabonne/AlphaMonarch-7B,mlabonne/AlphaMonarch-7B (Merge),mlabonne,1,False,2024-02,7.242,MistralForCausalLM,chatmodels,False,False,merge
mlabonne/Beyonder-4x7B-v3,mlabonne/Beyonder-4x7B-v3 (Merge),mlabonne,1,False,2024-03,24.154,MixtralForCausalLM,basemergesandmoerges,True,False,merge
mlabonne/BigQwen2.5-52B-Instruct,mlabonne/BigQwen2.5-52B-Instruct (Merge),mlabonne,1,False,2024-09,52.268,Qwen2ForCausalLM,basemergesandmoerges,False,False,merge
mlabonne/BigQwen2.5-Echo-47B-Instruct,mlabonne/BigQwen2.5-Echo-47B-Instruct (Merge),mlabonne,1,False,2024-09,47.392,Qwen2ForCausalLM,basemergesandmoerges,False,False,merge
mlabonne/ChimeraLlama-3-8B-v2,mlabonne/ChimeraLlama-3-8B-v2 (Merge),mlabonne,1,False,2024-04,8.03,LlamaForCausalLM,basemergesandmoerges,False,False,merge
mlabonne/ChimeraLlama-3-8B-v3,mlabonne/ChimeraLlama-3-8B-v3 (Merge),mlabonne,1,False,2024-05,8.03,LlamaForCausalLM,basemergesandmoerges,False,False,merge
mlabonne/Daredevil-8B,mlabonne/Daredevil-8B (Merge),mlabonne,1,False,2024-05,8.03,LlamaForCausalLM,fine-tunedondomain-specificdatasets,False,False,merge
mlabonne/Daredevil-8B-abliterated,mlabonne/Daredevil-8B-abliterated,mlabonne,0,False,2024-05,8.03,LlamaForCausalLM,fine-tunedondomain-specificdatasets,False,True,
mlabonne/Hermes-3-Llama-3.1-70B-lorablated,mlabonne/Hermes-3-Llama-3.1-70B-lorablated (Merge),mlabonne,1,False,2024-08,70.554,LlamaForCausalLM,fine-tunedondomain-specificdatasets,False,False,merge
mlabonne/Meta-Llama-3.1-8B-Instruct-abliterated,meta-llama/Meta-Llama-3.1-8B,meta-llama,1,False,2024-07,8.03,LlamaForCausalLM,fine-tunedondomain-specificdatasets,False,True,
mlabonne/NeuralBeagle14-7B,mlabonne/Beagle14-7B (Merge),mlabonne,1,False,2024-01,7.242,MistralForCausalLM,chatmodels,False,False,merge
mlabonne/NeuralDaredevil-8B-abliterated,mlabonne/NeuralDaredevil-8B-abliterated,mlabonne,0,False,2024-05,8.03,LlamaForCausalLM,basemergesandmoerges,False,False,merge
mlabonne/OrpoLlama-3-8B,meta-llama/Meta-Llama-3-8B,meta-llama,1,True,2024-04,8.03,LlamaForCausalLM,chatmodels,False,True,
mlabonne/phixtral-2x2_8,mlabonne/phixtral-2x2_8,mlabonne,0,False,2024-01,4.458,PhiForCausalLM,basemergesandmoerges,True,False,merge
mlx-community/Josiefied-Qwen2.5-0.5B-Instruct-abliterated-v1-float32,Qwen/Qwen2.5-0.5B,Qwen,1,True,2024-11,0.494,Qwen2ForCausalLM,chatmodels,False,True,
mlx-community/Mistral-Small-24B-Instruct-2501-bf16,mistralai/Mistral-Small-24B-Instruct-2501 (Merge),mistralai,1,False,2025-01,23.572,MistralForCausalLM,fine-tunedondomain-specificdatasets,False,False,merge
mmnga/Llama-3-70B-japanese-suzume-vector-v0.1,mmnga/Llama-3-70B-japanese-suzume-vector-v0.1,mmnga,0,False,2024-04,70.554,LlamaForCausalLM,fine-tunedondomain-specificdatasets,False,True,
mobiuslabsgmbh/DeepSeek-R1-ReDistill-Llama3-8B-v1.1,mobiuslabsgmbh/DeepSeek-R1-ReDistill-Llama3-8B-v1.1 (Merge),mobiuslabsgmbh,1,False,2025-01,8.03,LlamaForCausalLM,fine-tunedondomain-specificdatasets,False,False,merge
mobiuslabsgmbh/DeepSeek-R1-ReDistill-Qwen-7B-v1.1,mobiuslabsgmbh/DeepSeek-R1-ReDistill-Qwen-7B-v1.1 (Merge),mobiuslabsgmbh,1,False,2025-01,7.616,Qwen2ForCausalLM,fine-tunedondomain-specificdatasets,False,False,merge
moeru-ai/L3.1-Moe-2x8B-v0.2,moeru-ai/L3.1-Moe-2x8B-v0.2 (Merge),moeru-ai,1,False,2024-10,13.668,MixtralForCausalLM,basemergesandmoerges,True,False,merge
moeru-ai/L3.1-Moe-4x8B-v0.1,moeru-ai/L3.1-Moe-4x8B-v0.1 (Merge),moeru-ai,1,False,2024-10,24.942,MixtralForCausalLM,basemergesandmoerges,True,False,merge
moeru-ai/L3.1-Moe-4x8B-v0.2,moeru-ai/L3.1-Moe-4x8B-v0.2 (Merge),moeru-ai,1,False,2024-10,24.942,MixtralForCausalLM,basemergesandmoerges,True,False,merge
monsterapi/Llama-3_1-8B-Instruct-orca-ORPO,meta-llama/Meta-Llama-3.1-8B,meta-llama,1,False,2024-08,16.061,?,chatmodels,False,True,
monsterapi/gemma-2-2b-LoRA-MonsterInstruct,monsterapi/gemma-2-2b-LoRA-MonsterInstruct,monsterapi,0,False,2024-08,2.614,Gemma2ForCausalLM,fine-tunedondomain-specificdatasets,False,True,
mosaicml/mpt-7b,mosaicml/mpt-7b,mosaicml,0,True,2023-05,7.0,MPTForCausalLM,pretrained,False,True,
mosama/Qwen2.5-1.5B-Instruct-CoT-Reflection,mosama/Qwen2.5-1.5B-Instruct-CoT-Reflection (Merge),mosama,1,False,2024-12,1.544,Qwen2ForCausalLM,fine-tunedondomain-specificdatasets,False,False,merge
mrdayl/OpenCogito,mrdayl/OpenCogito,mrdayl,0,True,,3.086,Qwen2ForCausalLM,fine-tunedondomain-specificdatasets,False,False,base_removed
mrdayl/OpenCognito,mrdayl/OpenCognito,mrdayl,0,True,2025-03,3.086,Qwen2ForCausalLM,fine-tunedondomain-specificdatasets,False,False,base_removed
mrdayl/OpenCognito-r1,Qwen/Qwen2.5-3B,Qwen,1,True,2025-03,3.086,Qwen2ForCausalLM,fine-tunedondomain-specificdatasets,False,True,
mrdayl/OpenCognito-r2,Qwen/Qwen2.5-3B,Qwen,1,True,2025-03,3.086,Qwen2ForCausalLM,fine-tunedondomain-specificdatasets,False,True,
mrdayl/OpenThink,mrdayl/OpenThink (Merge),mrdayl,1,False,2025-02,1.777,Qwen2ForCausalLM,fine-tunedondomain-specificdatasets,False,False,merge
mrm8488/phi-4-14B-grpo-gsm8k-3e,microsoft/phi-4,microsoft,1,True,2025-02,14.66,LlamaForCausalLM,fine-tunedondomain-specificdatasets,False,True,
mrm8488/phi-4-14B-grpo-limo,microsoft/phi-4,microsoft,1,True,2025-02,14.66,LlamaForCausalLM,fine-tunedondomain-specificdatasets,False,True,
mukaj/Llama-3.1-Hawkish-8B,mukaj/Llama-3.1-Hawkish-8B,mukaj,0,False,2024-10,8.03,LlamaForCausalLM,chatmodels,False,True,
natong19/Mistral-Nemo-Instruct-2407-abliterated,natong19/Mistral-Nemo-Instruct-2407-abliterated,natong19,0,False,2024-08,12.248,MistralForCausalLM,fine-tunedondomain-specificdatasets,False,True,
natong19/Qwen2-7B-Instruct-abliterated,natong19/Qwen2-7B-Instruct-abliterated,natong19,0,False,2024-06,7.616,Qwen2ForCausalLM,fine-tunedondomain-specificdatasets,False,True,
nazimali/Mistral-Nemo-Kurdish,nazimali/Mistral-Nemo-Kurdish (Merge),nazimali,1,False,2024-10,12.248,MistralForCausalLM,continuouslypretrained,False,False,merge
nazimali/Mistral-Nemo-Kurdish-Instruct,nazimali/Mistral-Nemo-Kurdish-Instruct (Merge),nazimali,1,False,2024-10,12.248,MistralForCausalLM,fine-tunedondomain-specificdatasets,False,False,merge
nbeerbower/BigKartoffel-mistral-nemo-20B,nbeerbower/BigKartoffel-mistral-nemo-20B (Merge),nbeerbower,1,False,2025-03,20.427,MistralForCausalLM,basemergesandmoerges,False,False,merge
nbeerbower/DoppelKartoffel-Mistral-Nemo-23B,nbeerbower/DoppelKartoffel-Mistral-Nemo-23B (Merge),nbeerbower,1,False,2025-02,23.153,MistralForCausalLM,fine-tunedondomain-specificdatasets,False,False,merge
nbeerbower/DoublePotato-Mistral-Nemo-13B,nbeerbower/DoublePotato-Mistral-Nemo-13B (Merge),nbeerbower,1,False,2025-02,13.338,MistralForCausalLM,basemergesandmoerges,False,False,merge
nbeerbower/Dumpling-Qwen2.5-1.5B,nbeerbower/Dumpling-Qwen2.5-1.5B (Merge),nbeerbower,1,False,2025-01,1.544,Qwen2ForCausalLM,fine-tunedondomain-specificdatasets,False,False,merge
nbeerbower/Dumpling-Qwen2.5-14B,nbeerbower/Dumpling-Qwen2.5-14B (Merge),nbeerbower,1,False,2025-02,14.77,Qwen2ForCausalLM,fine-tunedondomain-specificdatasets,False,False,merge
nbeerbower/Dumpling-Qwen2.5-7B-1k-r16,nbeerbower/Dumpling-Qwen2.5-7B-1k-r16 (Merge),nbeerbower,1,False,2025-01,7.616,Qwen2ForCausalLM,fine-tunedondomain-specificdatasets,False,False,merge
nbeerbower/Dumpling-Qwen2.5-7B-1k-r64-2e-5,nbeerbower/Dumpling-Qwen2.5-7B-1k-r64-2e-5 (Merge),nbeerbower,1,False,2025-02,7.616,Qwen2ForCausalLM,fine-tunedondomain-specificdatasets,False,False,merge
nbeerbower/EVA-abliterated-TIES-Qwen2.5-1.5B,nbeerbower/EVA-abliterated-TIES-Qwen2.5-1.5B (Merge),nbeerbower,1,False,2025-01,1.777,Qwen2ForCausalLM,basemergesandmoerges,False,False,merge
nbeerbower/EVA-abliterated-TIES-Qwen2.5-14B,nbeerbower/EVA-abliterated-TIES-Qwen2.5-14B (Merge),nbeerbower,1,False,2025-02,14.77,Qwen2ForCausalLM,basemergesandmoerges,False,False,merge
nbeerbower/Flammades-Mistral-Nemo-12B,nbeerbower/Flammades-Mistral-Nemo-12B (Merge),nbeerbower,1,False,2024-10,12.248,MistralForCausalLM,fine-tunedondomain-specificdatasets,False,False,merge
nbeerbower/Gemma2-Gutenberg-Doppel-9B,nbeerbower/Gemma2-Gutenberg-Doppel-9B (Merge),nbeerbower,1,False,2024-09,9.242,Gemma2ForCausalLM,fine-tunedondomain-specificdatasets,False,False,merge
nbeerbower/Gutensuppe-mistral-nemo-12B,nbeerbower/Gutensuppe-mistral-nemo-12B (Merge),nbeerbower,1,False,2024-08,12.248,MistralForCausalLM,fine-tunedondomain-specificdatasets,False,False,merge
nbeerbower/Hermes2-Gutenberg2-Mistral-7B,nbeerbower/Hermes2-Gutenberg2-Mistral-7B (Merge),nbeerbower,1,False,2024-09,7.242,MistralForCausalLM,fine-tunedondomain-specificdatasets,False,False,merge
nbeerbower/Kartoffel-Deepfry-12B,nbeerbower/Kartoffel-Deepfry-12B (Merge),nbeerbower,1,False,2025-03,12.248,MistralForCausalLM,fine-tunedondomain-specificdatasets,False,False,merge
nbeerbower/Llama-3.1-Nemotron-lorablated-70B,nbeerbower/Llama-3.1-Nemotron-lorablated-70B (Merge),nbeerbower,1,False,2024-10,70.554,LlamaForCausalLM,fine-tunedondomain-specificdatasets,False,False,merge
nbeerbower/Llama3.1-Gutenberg-Doppel-70B,nbeerbower/Llama3.1-Gutenberg-Doppel-70B (Merge),nbeerbower,1,False,2024-10,70.554,LlamaForCausalLM,fine-tunedondomain-specificdatasets,False,False,merge
nbeerbower/Lyra-Gutenberg-mistral-nemo-12B,nbeerbower/Lyra-Gutenberg-mistral-nemo-12B (Merge),nbeerbower,1,False,2024-08,12.248,MistralForCausalLM,fine-tunedondomain-specificdatasets,False,False,merge
nbeerbower/Lyra4-Gutenberg-12B,nbeerbower/Lyra4-Gutenberg-12B (Merge),nbeerbower,1,False,2024-09,12.248,MistralForCausalLM,fine-tunedondomain-specificdatasets,False,False,merge
nbeerbower/Lyra4-Gutenberg2-12B,nbeerbower/Lyra4-Gutenberg2-12B (Merge),nbeerbower,1,False,2024-09,12.248,MistralForCausalLM,fine-tunedondomain-specificdatasets,False,False,merge
nbeerbower/Mahou-1.5-mistral-nemo-12B-lorablated,nbeerbower/Mahou-1.5-mistral-nemo-12B-lorablated (Merge),nbeerbower,1,False,2024-10,12.248,MistralForCausalLM,basemergesandmoerges,False,False,merge
nbeerbower/Mistral-Gutenberg-Doppel-7B-FFT,nbeerbower/Mistral-Gutenberg-Doppel-7B-FFT (Merge),nbeerbower,1,False,2024-11,7.242,MistralForCausalLM,fine-tunedondomain-specificdatasets,False,False,merge
nbeerbower/Mistral-Nemo-Gutenberg-Doppel-12B,nbeerbower/Mistral-Nemo-Gutenberg-Doppel-12B (Merge),nbeerbower,1,False,2024-09,12.248,MistralForCausalLM,fine-tunedondomain-specificdatasets,False,False,merge
nbeerbower/Mistral-Nemo-Gutenberg-Doppel-12B-v2,nbeerbower/Mistral-Nemo-Gutenberg-Doppel-12B-v2 (Merge),nbeerbower,1,False,2024-10,12.248,MistralForCausalLM,fine-tunedondomain-specificdatasets,False,False,merge
nbeerbower/Mistral-Nemo-Moderne-12B-FFT-experimental,nbeerbower/Mistral-Nemo-Moderne-12B-FFT-experimental (Merge),nbeerbower,1,False,2024-11,12.248,MistralForCausalLM,fine-tunedondomain-specificdatasets,False,False,merge
nbeerbower/Mistral-Nemo-Prism-12B,nbeerbower/Mistral-Nemo-Prism-12B (Merge),nbeerbower,1,False,2024-11,12.248,MistralForCausalLM,fine-tunedondomain-specificdatasets,False,False,merge
nbeerbower/Mistral-Nemo-Prism-12B-v2,nbeerbower/Mistral-Nemo-Prism-12B-v2 (Merge),nbeerbower,1,False,2024-11,12.248,MistralForCausalLM,fine-tunedondomain-specificdatasets,False,False,merge
nbeerbower/Mistral-Nemo-Prism-12B-v7,nbeerbower/Mistral-Nemo-Prism-12B-v7 (Merge),nbeerbower,1,False,2024-11,12.248,MistralForCausalLM,fine-tunedondomain-specificdatasets,False,False,merge
nbeerbower/Mistral-Small-Drummer-22B,nbeerbower/Mistral-Small-Drummer-22B (Merge),nbeerbower,1,False,2024-09,22.247,MistralForCausalLM,fine-tunedondomain-specificdatasets,False,False,merge
nbeerbower/Mistral-Small-Gutenberg-Doppel-22B,nbeerbower/Mistral-Small-Gutenberg-Doppel-22B (Merge),nbeerbower,1,False,2024-09,22.247,MistralForCausalLM,fine-tunedondomain-specificdatasets,False,False,merge
nbeerbower/Nemo-Loony-12B-experimental,nbeerbower/Nemo-Loony-12B-experimental (Merge),nbeerbower,1,False,2024-11,12.248,MistralForCausalLM,basemergesandmoerges,False,False,merge
nbeerbower/Nemoties-ChatML-12B,nbeerbower/Nemoties-ChatML-12B (Merge),nbeerbower,1,False,2025-02,12.248,MistralForCausalLM,basemergesandmoerges,False,False,merge
nbeerbower/Qwen2.5-Gutenberg-Doppel-14B,nbeerbower/Qwen2.5-Gutenberg-Doppel-14B (Merge),nbeerbower,1,False,2024-11,14.77,Qwen2ForCausalLM,fine-tunedondomain-specificdatasets,False,False,merge
nbeerbower/SmolNemo-12B-FFT-experimental,nbeerbower/SmolNemo-12B-FFT-experimental (Merge),nbeerbower,1,False,2024-11,12.248,MistralForCausalLM,fine-tunedondomain-specificdatasets,False,False,merge
nbeerbower/Stella-mistral-nemo-12B-v2,nbeerbower/Stella-mistral-nemo-12B-v2 (Merge),nbeerbower,1,False,2024-09,12.248,MistralForCausalLM,fine-tunedondomain-specificdatasets,False,False,merge
nbeerbower/gemma2-gutenberg-27B,nbeerbower/gemma2-gutenberg-27B (Merge),nbeerbower,1,False,2024-09,27.227,Gemma2ForCausalLM,fine-tunedondomain-specificdatasets,False,False,merge
nbeerbower/gemma2-gutenberg-9B,nbeerbower/gemma2-gutenberg-9B (Merge),nbeerbower,1,False,2024-07,9.242,Gemma2ForCausalLM,fine-tunedondomain-specificdatasets,False,False,merge
nbeerbower/llama-3-gutenberg-8B,nbeerbower/llama-3-gutenberg-8B (Merge),nbeerbower,1,False,2024-05,8.03,LlamaForCausalLM,fine-tunedondomain-specificdatasets,False,False,merge
nbeerbower/llama3.1-cc-8B,nbeerbower/llama3.1-cc-8B (Merge),nbeerbower,1,False,2024-08,8.03,LlamaForCausalLM,fine-tunedondomain-specificdatasets,False,False,merge
nbeerbower/llama3.1-kartoffeldes-70B,nbeerbower/llama3.1-kartoffeldes-70B (Merge),nbeerbower,1,False,2025-01,70.554,LlamaForCausalLM,fine-tunedondomain-specificdatasets,False,False,merge
nbeerbower/mistral-nemo-bophades-12B,nbeerbower/mistral-nemo-bophades-12B (Merge),nbeerbower,1,False,2024-08,12.248,MistralForCausalLM,basemergesandmoerges,False,False,merge
nbeerbower/mistral-nemo-bophades3-12B,nbeerbower/mistral-nemo-bophades3-12B (Merge),nbeerbower,1,False,2025-01,12.248,MistralForCausalLM,fine-tunedondomain-specificdatasets,False,False,merge
nbeerbower/mistral-nemo-cc-12B,nbeerbower/mistral-nemo-cc-12B (Merge),nbeerbower,1,False,2024-08,12.248,MistralForCausalLM,fine-tunedondomain-specificdatasets,False,False,merge
nbeerbower/mistral-nemo-gutades-12B,nbeerbower/mistral-nemo-gutades-12B (Merge),nbeerbower,1,False,2024-09,12.248,MistralForCausalLM,fine-tunedondomain-specificdatasets,False,False,merge
nbeerbower/mistral-nemo-gutenberg-12B,nbeerbower/mistral-nemo-gutenberg-12B (Merge),nbeerbower,1,False,2024-08,12.248,MistralForCausalLM,fine-tunedondomain-specificdatasets,False,False,merge
nbeerbower/mistral-nemo-gutenberg-12B-v2,nbeerbower/mistral-nemo-gutenberg-12B-v2 (Merge),nbeerbower,1,False,2024-08,12.248,MistralForCausalLM,fine-tunedondomain-specificdatasets,False,False,merge
nbeerbower/mistral-nemo-gutenberg-12B-v3,nbeerbower/mistral-nemo-gutenberg-12B-v3 (Merge),nbeerbower,1,False,2024-08,12.248,MistralForCausalLM,fine-tunedondomain-specificdatasets,False,False,merge
nbeerbower/mistral-nemo-gutenberg-12B-v4,nbeerbower/mistral-nemo-gutenberg-12B-v4 (Merge),nbeerbower,1,False,2024-08,12.248,MistralForCausalLM,fine-tunedondomain-specificdatasets,False,False,merge
nbeerbower/mistral-nemo-gutenberg2-12B-test,nbeerbower/mistral-nemo-gutenberg2-12B-test (Merge),nbeerbower,1,False,2024-09,12.248,MistralForCausalLM,fine-tunedondomain-specificdatasets,False,False,merge
nbeerbower/mistral-nemo-kartoffel-12B,nbeerbower/mistral-nemo-kartoffel-12B (Merge),nbeerbower,1,False,2025-01,12.248,MistralForCausalLM,fine-tunedondomain-specificdatasets,False,False,merge
nbeerbower/mistral-nemo-narwhal-12B,nbeerbower/mistral-nemo-narwhal-12B (Merge),nbeerbower,1,False,2025-01,12.248,MistralForCausalLM,fine-tunedondomain-specificdatasets,False,False,merge
nbeerbower/mistral-nemo-wissenschaft-12B,nbeerbower/mistral-nemo-wissenschaft-12B (Merge),nbeerbower,1,False,2024-08,12.248,MistralForCausalLM,chatmodels,False,False,merge
nbrahme/IndusQ,nbrahme/IndusQ,nbrahme,0,False,2024-09,1.176,GPT2LMHeadModel,fine-tunedondomain-specificdatasets,False,True,
necva/IE-cont-Llama3.1-8B,necva/IE-cont-Llama3.1-8B (Merge),necva,1,False,2025-03,8.03,LlamaForCausalLM,fine-tunedondomain-specificdatasets,False,False,merge
necva/replica-IEPile,necva/replica-IEPile,necva,0,True,,4.65,LlamaForCausalLM,fine-tunedondomain-specificdatasets,False,False,base_removed
neopolita/jessi-v0.1-bf16-falcon3-7b-instruct,neopolita/jessi-v0.1-bf16-falcon3-7b-instruct,neopolita,0,True,,7.456,LlamaForCausalLM,basemergesandmoerges,False,False,merge
neopolita/jessi-v0.1-falcon3-10b-instruct,neopolita/jessi-v0.1-falcon3-10b-instruct,neopolita,0,True,,10.306,LlamaForCausalLM,basemergesandmoerges,False,False,merge
neopolita/jessi-v0.1-qwen2.5-7b-instruct,neopolita/jessi-v0.1-qwen2.5-7b-instruct (Merge),neopolita,1,False,2025-01,7.616,Qwen2ForCausalLM,basemergesandmoerges,False,False,merge
neopolita/jessi-v0.1-virtuoso-small,neopolita/jessi-v0.1-virtuoso-small (Merge),neopolita,1,False,2025-01,14.77,Qwen2ForCausalLM,basemergesandmoerges,False,False,merge
neopolita/jessi-v0.2-falcon3-10b-instruct,neopolita/jessi-v0.2-falcon3-10b-instruct,neopolita,0,True,,10.306,LlamaForCausalLM,basemergesandmoerges,False,False,merge
neopolita/jessi-v0.2-falcon3-7b-instruct,neopolita/jessi-v0.2-falcon3-7b-instruct (Merge),neopolita,1,False,2025-01,7.456,LlamaForCausalLM,basemergesandmoerges,False,False,merge
neopolita/jessi-v0.3-falcon3-7b-instruct,neopolita/jessi-v0.3-falcon3-7b-instruct (Merge),neopolita,1,False,2025-01,7.456,LlamaForCausalLM,basemergesandmoerges,False,False,merge
neopolita/jessi-v0.4-falcon3-7b-instruct,neopolita/jessi-v0.4-falcon3-7b-instruct (Merge),neopolita,1,False,2025-01,7.456,LlamaForCausalLM,basemergesandmoerges,False,False,merge
neopolita/jessi-v0.5-falcon3-7b-instruct,neopolita/jessi-v0.5-falcon3-7b-instruct (Merge),neopolita,1,False,2025-01,7.456,LlamaForCausalLM,basemergesandmoerges,False,False,merge
neopolita/jessi-v0.6-falcon3-7b-instruct,neopolita/jessi-v0.6-falcon3-7b-instruct (Merge),neopolita,1,False,2025-01,7.456,LlamaForCausalLM,basemergesandmoerges,False,False,merge
neopolita/loki-v0.1-virtuoso,neopolita/loki-v0.1-virtuoso (Merge),neopolita,1,False,2025-01,14.77,Qwen2ForCausalLM,basemergesandmoerges,False,False,merge
netcat420/DeepSeek-R1-Distill-Qwen-MFANN-Slerp-7b,netcat420/DeepSeek-R1-Distill-Qwen-MFANN-Slerp-7b (Merge),netcat420,1,False,2025-01,7.616,Qwen2ForCausalLM,basemergesandmoerges,False,False,merge
netcat420/DeepSeek-R1-MFANN-TIES-unretrained-7b,netcat420/DeepSeek-R1-MFANN-TIES-unretrained-7b (Merge),netcat420,1,False,2025-01,7.616,Qwen2ForCausalLM,basemergesandmoerges,False,False,merge
netcat420/Llama3.1-MFANN-8b,netcat420/Llama3.1-MFANN-8b (Merge),netcat420,1,False,2024-12,8.03,LlamaForCausalLM,fine-tunedondomain-specificdatasets,False,False,merge
netcat420/MFANN-Llama3.1-Abliterated-SLERP-TIES-V2,netcat420/MFANN-Llama3.1-Abliterated-SLERP-TIES-V2,netcat420,0,False,2024-11,8.03,LlamaForCausalLM,basemergesandmoerges,False,False,merge
netcat420/MFANN-Llama3.1-Abliterated-SLERP-TIES-V3,netcat420/MFANN-Llama3.1-Abliterated-SLERP-TIES-V3 (Merge),netcat420,1,False,2024-11,8.03,LlamaForCausalLM,fine-tunedondomain-specificdatasets,False,False,merge
netcat420/MFANN-Llama3.1-Abliterated-SLERP-V4,netcat420/MFANN-Llama3.1-Abliterated-SLERP-V4,netcat420,0,False,2024-11,8.03,LlamaForCausalLM,basemergesandmoerges,False,False,merge
netcat420/MFANN-Llama3.1-Abliterated-SLERP-V5,netcat420/MFANN-Llama3.1-Abliterated-SLERP-V5 (Merge),netcat420,1,False,2024-11,8.03,LlamaForCausalLM,basemergesandmoerges,False,False,merge
netcat420/MFANN-Llama3.1-Abliterated-Slerp-TIES,netcat420/MFANN-Llama3.1-Abliterated-Slerp-TIES (Merge),netcat420,1,False,2024-10,8.03,LlamaForCausalLM,basemergesandmoerges,False,False,merge
netcat420/MFANN-Llama3.1-Abliterated-Slerp-V3.2,netcat420/MFANN-Llama3.1-Abliterated-Slerp-V3.2 (Merge),netcat420,1,False,2024-10,8.03,LlamaForCausalLM,basemergesandmoerges,False,False,merge
netcat420/MFANN-SFT,netcat420/MFANN-SFT (Merge),netcat420,1,False,2024-12,8.03,LlamaForCausalLM,basemergesandmoerges,False,False,merge
netcat420/MFANN-abliterated-phi2-merge-unretrained,netcat420/MFANN-abliterated-phi2-merge-unretrained (Merge),netcat420,1,False,2025-01,2.775,PhiForCausalLM,fine-tunedondomain-specificdatasets,False,False,merge
netcat420/MFANN-llama3.1-Abliterated-SLERP,netcat420/MFANN-llama3.1-Abliterated-SLERP (Merge),netcat420,1,False,2024-09,8.03,LlamaForCausalLM,basemergesandmoerges,False,False,merge
netcat420/MFANN-llama3.1-abliterated-SLERP-v3,netcat420/MFANN-llama3.1-abliterated-SLERP-v3 (Merge),netcat420,1,False,2024-10,8.03,LlamaForCausalLM,fine-tunedondomain-specificdatasets,False,False,merge
netcat420/MFANN-llama3.1-abliterated-SLERP-v3.1,netcat420/MFANN-llama3.1-abliterated-SLERP-v3.1 (Merge),netcat420,1,False,2024-10,8.03,LlamaForCausalLM,basemergesandmoerges,False,False,merge
netcat420/MFANN-llama3.1-abliterated-v2,netcat420/MFANN-llama3.1-abliterated-v2 (Merge),netcat420,1,False,2024-10,8.03,LlamaForCausalLM,basemergesandmoerges,False,False,merge
netcat420/MFANN-phigments-slerp-V2,netcat420/MFANN-phigments-slerp-V2 (Merge),netcat420,1,False,2024-10,2.78,PhiForCausalLM,basemergesandmoerges,False,False,merge
netcat420/MFANN-phigments-slerp-V3.2,netcat420/MFANN-phigments-slerp-V3.2 (Merge),netcat420,1,False,2025-02,2.78,PhiForCausalLM,basemergesandmoerges,False,False,merge
netcat420/MFANN-phigments-slerp-V3.3,netcat420/MFANN-phigments-slerp-V3.3 (Merge),netcat420,1,False,2025-02,2.78,PhiForCausalLM,basemergesandmoerges,False,False,merge
netcat420/MFANN3b,netcat420/MFANN3b (Merge),netcat420,1,False,2024-12,2.78,PhiForCausalLM,fine-tunedondomain-specificdatasets,False,False,merge
netcat420/MFANN3bv0.15,netcat420/MFANN3bv0.15,netcat420,0,False,2024-07,2.78,PhiForCausalLM,fine-tunedondomain-specificdatasets,False,True,
netcat420/MFANN3bv0.18,netcat420/MFANN3bv0.18,netcat420,0,False,2024-07,2.78,PhiForCausalLM,fine-tunedondomain-specificdatasets,False,True,
netcat420/MFANN3bv0.19,netcat420/MFANN3bv0.19,netcat420,0,False,2024-08,2.78,PhiForCausalLM,fine-tunedondomain-specificdatasets,False,True,
netcat420/MFANN3bv0.20,netcat420/MFANN3bv0.19.12 (Merge),netcat420,1,False,2024-08,2.78,PhiForCausalLM,fine-tunedondomain-specificdatasets,False,False,merge
netcat420/MFANN3bv0.21,netcat420/MFANN3bv0.21 (Merge),netcat420,1,False,2024-09,2.78,PhiForCausalLM,fine-tunedondomain-specificdatasets,False,False,merge
netcat420/MFANN3bv0.22,netcat420/MFANN3bv0.22,netcat420,0,False,2024-10,2.78,PhiForCausalLM,fine-tunedondomain-specificdatasets,False,True,
netcat420/MFANN3bv0.23,netcat420/MFANN3bv0.23,netcat420,0,False,2024-11,2.78,PhiForCausalLM,fine-tunedondomain-specificdatasets,False,True,
netcat420/MFANN3bv0.24,netcat420/MFANN3bv0.24,netcat420,0,False,2024-11,2.78,PhiForCausalLM,fine-tunedondomain-specificdatasets,False,True,
netcat420/MFANN3bv1.1,netcat420/MFANN3bv1.1,netcat420,0,False,2025-01,2.775,PhiForCausalLM,fine-tunedondomain-specificdatasets,False,True,
netcat420/MFANN3bv1.2,netcat420/MFANN3bv1.2 (Merge),netcat420,1,False,2025-01,2.775,PhiForCausalLM,fine-tunedondomain-specificdatasets,False,False,merge
netcat420/MFANN3bv1.3,netcat420/MFANN3bv1.3,netcat420,0,False,2025-01,2.78,PhiForCausalLM,fine-tunedondomain-specificdatasets,False,True,
netcat420/MFANN3bv1.4,netcat420/MFANN3bv1.4 (Merge),netcat420,1,False,2025-02,2.78,PhiForCausalLM,fine-tunedondomain-specificdatasets,False,False,merge
netcat420/MFANNv0.19,netcat420/MFANNv0.19,netcat420,0,False,2024-07,8.03,LlamaForCausalLM,fine-tunedondomain-specificdatasets,False,True,
netcat420/MFANNv0.20,netcat420/MFANNv0.20,netcat420,0,False,2024-08,8.03,LlamaForCausalLM,fine-tunedondomain-specificdatasets,False,True,
netcat420/MFANNv0.21,netcat420/MFANNv0.20.12 (Merge),netcat420,1,False,2024-08,8.03,LlamaForCausalLM,fine-tunedondomain-specificdatasets,False,False,merge
netcat420/MFANNv0.22.1,netcat420/MFANNv0.22.1 (Merge),netcat420,1,False,2024-10,8.03,LlamaForCausalLM,fine-tunedondomain-specificdatasets,False,False,merge
netcat420/MFANNv0.23,netcat420/MFANNv0.23 (Merge),netcat420,1,False,2024-10,8.03,LlamaForCausalLM,fine-tunedondomain-specificdatasets,False,False,merge
netcat420/MFANNv0.24,netcat420/MFANNv0.24 (Merge),netcat420,1,False,2024-11,8.03,LlamaForCausalLM,fine-tunedondomain-specificdatasets,False,False,merge
netcat420/MFANNv0.25,netcat420/MFANNv0.25 (Merge),netcat420,1,False,2024-11,8.03,LlamaForCausalLM,basemergesandmoerges,False,False,merge
netcat420/Qwen2.5-7B-nerd-uncensored-v0.9-MFANN,netcat420/Qwen2.5-7B-nerd-uncensored-v0.9-MFANN,netcat420,0,False,2025-01,7.616,Qwen2ForCausalLM,fine-tunedondomain-specificdatasets,False,True,
netcat420/Qwen2.5-7b-MFANN-slerp,netcat420/Qwen2.5-7b-MFANN-slerp,netcat420,0,False,2025-01,7.616,Qwen2ForCausalLM,basemergesandmoerges,False,False,merge
netcat420/Qwen2.5-7b-nerd-uncensored-MFANN-slerp,netcat420/Qwen2.5-7b-nerd-uncensored-MFANN-slerp (Merge),netcat420,1,False,2025-01,7.616,Qwen2ForCausalLM,basemergesandmoerges,False,False,merge
netcat420/Qwen2.5-Coder-Scholar-7B-Abliterated-MFANN,netcat420/Qwen2.5-Coder-Scholar-7B-Abliterated-MFANN,netcat420,0,False,2024-12,7.616,Qwen2ForCausalLM,fine-tunedondomain-specificdatasets,False,True,
netcat420/Qwen2.5-Coder-Scholar-7B-Abliterated-MFANN-Slerp-Unretrained,netcat420/Qwen2.5-Coder-Scholar-7B-Abliterated-MFANN-Slerp-Unretrained (Merge),netcat420,1,False,2025-01,7.616,Qwen2ForCausalLM,basemergesandmoerges,False,False,merge
netcat420/Qwen2.5-DeepSeek-R1-MFANN-Slerp-7b,netcat420/Qwen2.5-DeepSeek-R1-MFANN-Slerp-7b (Merge),netcat420,1,False,2025-01,7.616,Qwen2ForCausalLM,basemergesandmoerges,False,False,merge
netcat420/Qwen2.5-MFANN-7b,netcat420/Qwen2.5-MFANN-7b,netcat420,0,False,2025-01,7.616,Qwen2ForCausalLM,fine-tunedondomain-specificdatasets,False,True,
netcat420/qwen2.5-MFANN-7b-SLERP-V1.2,netcat420/qwen2.5-MFANN-7b-SLERP-V1.2,netcat420,0,False,2025-02,7.616,Qwen2ForCausalLM,basemergesandmoerges,False,False,merge
netcat420/qwen2.5-MFANN-7b-SLERPv1.1,netcat420/qwen2.5-MFANN-7b-SLERPv1.1 (Merge),netcat420,1,False,2025-02,7.616,Qwen2ForCausalLM,basemergesandmoerges,False,False,merge
netcat420/qwen2.5-MFANN-7b-v1.1,netcat420/qwen2.5-MFANN-7b-v1.1,netcat420,0,False,2025-02,7.616,Qwen2ForCausalLM,fine-tunedondomain-specificdatasets,False,True,
netease-youdao/Confucius-o1-14B,Qwen/Qwen2.5-14B,Qwen,1,True,2025-01,14.77,Qwen2ForCausalLM,chatmodels,False,True,
newsbang/Homer-7B-v0.1,newsbang/Homer-7B-v0.1,newsbang,0,False,2024-11,7.616,Qwen2ForCausalLM,fine-tunedondomain-specificdatasets,False,True,
newsbang/Homer-7B-v0.2,newsbang/Homer-7B-v0.2,newsbang,0,True,,7.616,Qwen2ForCausalLM,chatmodels,False,False,base_removed
newsbang/Homer-v0.3-Qwen2.5-7B,newsbang/Homer-v0.3-Qwen2.5-7B,newsbang,0,True,,7.616,Qwen2ForCausalLM,chatmodels,False,False,base_removed
newsbang/Homer-v0.4-Qwen2.5-7B,newsbang/Homer-v0.4-Qwen2.5-7B,newsbang,0,True,,7.616,Qwen2ForCausalLM,chatmodels,False,False,base_removed
newsbang/Homer-v0.5-Qwen2.5-7B,newsbang/Homer-v0.5-Qwen2.5-7B,newsbang,0,True,,7.616,Qwen2ForCausalLM,chatmodels,False,False,merge
newsbang/Homer-v1.0-Qwen2.5-72B,newsbang/Homer-v1.0-Qwen2.5-72B,newsbang,0,False,2024-12,72.706,Qwen2ForCausalLM,fine-tunedondomain-specificdatasets,False,True,
newsbang/Homer-v1.0-Qwen2.5-7B,newsbang/Homer-v1.0-Qwen2.5-7B,newsbang,0,False,2024-12,7.616,Qwen2ForCausalLM,fine-tunedondomain-specificdatasets,False,True,
nguyentd/FinancialAdvice-Qwen2.5-7B,nguyentd/FinancialAdvice-Qwen2.5-7B (Merge),nguyentd,1,False,2024-10,7.616,Qwen2ForCausalLM,fine-tunedondomain-specificdatasets,False,False,merge
ngxson/MiniThinky-1B-Llama-3.2,ngxson/MiniThinky-1B-Llama-3.2 (Merge),ngxson,1,False,2025-01,1.236,LlamaForCausalLM,fine-tunedondomain-specificdatasets,False,False,merge
ngxson/MiniThinky-v2-1B-Llama-3.2,ngxson/MiniThinky-v2-1B-Llama-3.2 (Merge),ngxson,1,False,2025-01,1.236,LlamaForCausalLM,chatmodels,False,False,merge
nhyha/N3N_Delirium-v1_1030_0227,unsloth/gemma-2-9b-it,unsloth,1,False,2024-10,10.159,Gemma2ForCausalLM,fine-tunedondomain-specificdatasets,False,True,
nhyha/N3N_Llama-3.1-8B-Instruct_1028_0216,meta-llama/Meta-Llama-3.1-8B,meta-llama,1,False,2024-10,8.03,LlamaForCausalLM,fine-tunedondomain-specificdatasets,False,True,
nhyha/N3N_gemma-2-9b-it_20241029_1532,unsloth/gemma-2-9b-it,unsloth,1,False,2024-10,10.159,Gemma2ForCausalLM,fine-tunedondomain-specificdatasets,False,True,
nhyha/N3N_gemma-2-9b-it_20241110_2026,unsloth/gemma-2-9b-it,unsloth,1,False,2024-11,10.159,Gemma2ForCausalLM,fine-tunedondomain-specificdatasets,False,True,
nhyha/merge_Qwen2.5-7B-Instruct_20241023_0314,Qwen/Qwen2.5-7B,Qwen,1,True,2024-10,7.616,Qwen2ForCausalLM,fine-tunedondomain-specificdatasets,False,True,
nidum/Nidum-Limitless-Gemma-2B,nidum/Nidum-Limitless-Gemma-2B,nidum,0,False,2024-08,2.506,GemmaForCausalLM,fine-tunedondomain-specificdatasets,False,True,
nisten/franqwenstein-35b,nisten/franqwenstein-35b (Merge),nisten,1,False,2024-10,34.714,Qwen2ForCausalLM,basemergesandmoerges,False,False,merge
nisten/tqwendo-36b,nisten/tqwendo-36b (Merge),nisten,1,False,2024-12,35.69,Qwen2ForCausalLM,fine-tunedondomain-specificdatasets,False,False,merge
nlpguy/Lion-Lamarck-v.1.0.8,nlpguy/Lion-Lamarck-v.1.0.8 (Merge),nlpguy,1,False,2025-01,14.766,Qwen2ForCausalLM,basemergesandmoerges,False,False,merge
nlpguy/Lion-Lamarck-v.1.0.9,nlpguy/Lion-Lamarck-v.1.0.9 (Merge),nlpguy,1,False,2025-01,14.766,Qwen2ForCausalLM,basemergesandmoerges,False,False,merge
nlpguy/Lion-Lamarck-v.1.1.0,nlpguy/Lion-Lamarck-v.1.1.0 (Merge),nlpguy,1,False,2025-01,14.766,Qwen2ForCausalLM,basemergesandmoerges,False,False,merge
nlpguy/Miisce-one,nlpguy/Miisce-one (Merge),nlpguy,1,False,2025-02,14.766,Qwen2ForCausalLM,basemergesandmoerges,False,False,merge
nlpguy/Mistral-NeMo-Minitron-Upscale-v1,nlpguy/Mistral-NeMo-Minitron-Upscale-v1 (Merge),nlpguy,1,False,2024-09,12.451,MistralForCausalLM,pretrained,False,False,merge
nlpguy/Mistral-NeMo-Minitron-Upscale-v2,nlpguy/Mistral-NeMo-Minitron-Upscale-v2 (Merge),nlpguy,1,False,2024-09,12.451,MistralForCausalLM,pretrained,False,False,merge
nlpguy/Mistral-NeMo-Minitron-Upscale-v3,nlpguy/Mistral-NeMo-Minitron-Upscale-v3 (Merge),nlpguy,1,False,2024-10,12.451,MistralForCausalLM,pretrained,False,False,merge
nlpguy/StableProse,nlpguy/StableProse (Merge),nlpguy,1,False,2024-08,12.248,MistralForCausalLM,basemergesandmoerges,False,False,merge
nlpguy/StarFusion-alpha1,nlpguy/StarFusion-alpha1 (Merge),nlpguy,1,False,2024-04,7.242,MistralForCausalLM,basemergesandmoerges,False,False,merge
noname0202/Llama-3.2-4x3B-Instruct,noname0202/Llama-3.2-4x3B-Instruct,noname0202,0,True,,9.949,MixtralForCausalLM,basemergesandmoerges,False,False,merge
noname0202/gemma-2-2b-it-ties,noname0202/gemma-2-2b-it-ties,noname0202,0,True,,2.614,Gemma2ForCausalLM,basemergesandmoerges,False,False,merge
noname0202/gemma-2-9b-sft-jp-en-zh-v1,noname0202/gemma-2-9b-sft-jp-en-zh-v1,noname0202,0,True,,9.242,Gemma2ForCausalLM,chatmodels,False,False,base_removed
noname0202/gemma-2-9b-sft-jp-en-zh-v2,noname0202/gemma-2-9b-sft-jp-en-zh-v2,noname0202,0,True,,9.242,Gemma2ForCausalLM,chatmodels,False,False,base_removed
noname0202/llama-math-1b-r16-0to512tokens-test,noname0202/llama-math-1b-r16-0to512tokens-test,noname0202,0,True,,1.236,LlamaForCausalLM,fine-tunedondomain-specificdatasets,False,False,base_removed
noname0202/llama-math-1b-r32-0to512tokens-test,noname0202/llama-math-1b-r32-0to512tokens-test,noname0202,0,True,,1.236,LlamaForCausalLM,fine-tunedondomain-specificdatasets,False,False,base_removed
noname0202/llama-math-1b-r32-test,noname0202/llama-math-1b-r32-test,noname0202,0,True,,1.236,LlamaForCausalLM,fine-tunedondomain-specificdatasets,False,False,base_removed
noname0202/llama-math-1b-r8-512tokens-test,noname0202/llama-math-1b-r8-512tokens-test,noname0202,0,True,,1.236,LlamaForCausalLM,fine-tunedondomain-specificdatasets,False,False,base_removed
notbdq/Qwen2.5-14B-Instruct-1M-GRPO-Reasoning,notbdq/Qwen2.5-14B-Instruct-1M-GRPO-Reasoning,notbdq,0,False,2025-02,14.77,Qwen2ForCausalLM,chatmodels,False,True,
nothingiisreal/L3.1-8B-Celeste-V1.5,nothingiisreal/L3.1-8B-Celeste-V1.5,nothingiisreal,0,False,2024-07,8.03,LlamaForCausalLM,chatmodels,False,True,
nothingiisreal/MN-12B-Starcannon-v2,nothingiisreal/MN-12B-Starcannon-v2 (Merge),nothingiisreal,1,False,2024-08,12.248,MistralForCausalLM,basemergesandmoerges,False,False,merge
nothingiisreal/MN-12B-Starcannon-v3,nothingiisreal/MN-12B-Starcannon-v3 (Merge),nothingiisreal,1,False,2024-08,12.248,MistralForCausalLM,basemergesandmoerges,False,False,merge
nvidia/AceInstruct-1.5B,nvidia/AceInstruct-1.5B,nvidia,0,False,2025-01,1.777,Qwen2ForCausalLM,fine-tunedondomain-specificdatasets,False,True,
nvidia/AceInstruct-72B,nvidia/AceInstruct-72B,nvidia,0,False,2025-01,72.706,Qwen2ForCausalLM,fine-tunedondomain-specificdatasets,False,True,
nvidia/AceInstruct-7B,nvidia/AceInstruct-7B,nvidia,0,False,2025-01,7.616,Qwen2ForCausalLM,fine-tunedondomain-specificdatasets,False,True,
nvidia/AceMath-1.5B-Instruct,nvidia/AceMath-1.5B-Instruct,nvidia,0,False,2025-01,1.777,Qwen2ForCausalLM,chatmodels,False,True,
nvidia/AceMath-72B-Instruct,nvidia/AceMath-72B-Instruct,nvidia,0,False,2025-01,72.706,Qwen2ForCausalLM,chatmodels,False,True,
nvidia/AceMath-72B-RM,nvidia/AceMath-72B-RM,nvidia,0,False,2025-01,71.461,Qwen2ForSequenceClassification,fine-tunedondomain-specificdatasets,False,True,
nvidia/AceMath-7B-Instruct,nvidia/AceMath-7B-Instruct,nvidia,0,False,2025-01,7.616,Qwen2ForCausalLM,chatmodels,False,True,
nvidia/AceMath-7B-RM,nvidia/AceMath-7B-RM,nvidia,0,False,2025-01,7.071,Qwen2ForSequenceClassification,fine-tunedondomain-specificdatasets,False,True,
nvidia/Hymba-1.5B-Base,nvidia/Hymba-1.5B-Base,nvidia,0,True,2024-10,1.523,HymbaForCausalLM,pretrained,False,True,
nvidia/Hymba-1.5B-Instruct,nvidia/Hymba-1.5B-Instruct (Merge),nvidia,1,False,2024-10,1.523,HymbaForCausalLM,chatmodels,False,False,merge
nvidia/Llama-3.1-Minitron-4B-Depth-Base,nvidia/Llama-3.1-Minitron-4B-Depth-Base,nvidia,0,False,2024-08,4.02,LlamaForCausalLM,fine-tunedondomain-specificdatasets,False,True,
nvidia/Llama-3.1-Nemotron-70B-Instruct-HF,meta-llama/Meta-Llama-3.1-70B,meta-llama,1,False,2024-10,70.554,LlamaForCausalLM,chatmodels,False,True,
nvidia/Minitron-4B-Base,nvidia/Minitron-4B-Base,nvidia,0,True,2024-07,4.0,NemotronForCausalLM,pretrained,False,True,
nvidia/Minitron-8B-Base,nvidia/Minitron-8B-Base,nvidia,0,True,2024-07,7.22,NemotronForCausalLM,pretrained,False,True,
nvidia/Mistral-NeMo-Minitron-8B-Base,nvidia/Mistral-NeMo-Minitron-8B-Base,nvidia,0,False,2024-08,7.88,MistralForCausalLM,fine-tunedondomain-specificdatasets,False,True,
nvidia/Mistral-NeMo-Minitron-8B-Instruct,nvidia/Mistral-NeMo-Minitron-8B-Instruct (Merge),nvidia,1,False,2024-10,8.414,MistralForCausalLM,chatmodels,False,False,merge
nvidia/Nemotron-Mini-4B-Instruct,nvidia/Nemotron-Mini-4B-Instruct,nvidia,0,False,2024-09,4.0,NemotronForCausalLM,chatmodels,False,True,
nvidia/OpenMath2-Llama3.1-8B,nvidia/OpenMath2-Llama3.1-8B (Merge),nvidia,1,False,2024-09,8.03,LlamaForCausalLM,fine-tunedondomain-specificdatasets,False,False,merge
nxmwxm/Beast-Soul-new,nxmwxm/Beast-Soul-new (Merge),nxmwxm,1,False,2024-08,7.242,MistralForCausalLM,basemergesandmoerges,False,False,merge
occiglot/occiglot-7b-es-en-instruct,occiglot/occiglot-7b-es-en-instruct,occiglot,0,False,2024-03,7.242,MistralForCausalLM,chatmodels,False,True,
odyssey-labs/Astral-1-10B,odyssey-labs/Astral-1-10B,odyssey-labs,0,True,,10.732,LlamaForCausalLM,fine-tunedondomain-specificdatasets,False,False,base_removed
olabs-ai/reflection_model,olabs-ai/reflection_model,olabs-ai,0,False,2024-09,9.3,?,fine-tunedondomain-specificdatasets,False,True,
ontocord/Llama_3.2_1b-autoredteam_helpfulness-train,ontocord/Llama_3.2_1b-autoredteam_helpfulness-train,ontocord,0,False,2025-01,1.498,LlamaForCausalLM,fine-tunedondomain-specificdatasets,False,True,
ontocord/RedPajama-3B-v1-AutoRedteam,ontocord/RedPajama-3B-v1-AutoRedteam,ontocord,0,True,,2.776,GPTNeoXForCausalLM,fine-tunedondomain-specificdatasets,False,False,base_removed
ontocord/RedPajama-3B-v1-AutoRedteam-Harmless-only,ontocord/RedPajama-3B-v1-AutoRedteam-Harmless-only,ontocord,0,False,2025-01,2.776,GPTNeoXForCausalLM,fine-tunedondomain-specificdatasets,False,True,
ontocord/RedPajama3b_v1-autoredteam_helpfulness-train,ontocord/RedPajama3b_v1-autoredteam_helpfulness-train,ontocord,0,False,2025-01,2.776,GPTNeoXForCausalLM,fine-tunedondomain-specificdatasets,False,True,
ontocord/merged_0.2_expert_0.8,ontocord/merged_0.2_expert_0.8,ontocord,0,True,2025-03,3.759,Qwen2ForCausalLM,pretrained,False,True,
ontocord/merged_0.2_expert_0.8-stack_2x,ontocord/merged_0.2_expert_0.8-stack_2x,ontocord,0,True,2025-03,6.512,Qwen2ForCausalLM,pretrained,False,True,
ontocord/merged_0.5_expert_0.5,ontocord/merged_0.5_expert_0.5,ontocord,0,True,2025-03,3.759,Qwen2ForCausalLM,pretrained,False,True,
ontocord/ontocord_wide_3b-stage1_shuf_sample1_jsonl-pretrained-autoredteam_helpful-0.25_helpful,ontocord/ontocord_wide_3b-stage1_shuf_sample1_jsonl-pretrained-autoredteam_helpful-0.25_helpful,ontocord,0,True,2025-02,3.759,Qwen2ForCausalLM,pretrained,False,True,
ontocord/ontocord_wide_7b-stacked-stage1,ontocord/ontocord_wide_7b-stacked-stage1,ontocord,0,True,2025-02,7.888,Qwen2ForCausalLM,pretrained,False,True,
ontocord/ontocord_wide_7b-stacked-stage1-instruct,ontocord/ontocord_wide_7b-stacked-stage1-instruct,ontocord,0,True,2025-02,7.888,Qwen2ForCausalLM,pretrained,False,True,
ontocord/starcoder2-29b-ls,ontocord/starcoder2-29b-ls,ontocord,0,False,2025-02,29.009,Starcoder2ForCausalLM,fine-tunedondomain-specificdatasets,False,True,
ontocord/starcoder2_3b-AutoRedteam,ontocord/starcoder2_3b-AutoRedteam,ontocord,0,False,2025-01,3.181,Starcoder2ForCausalLM,fine-tunedondomain-specificdatasets,False,True,
ontocord/wide_3b-merge_test,ontocord/wide_3b-merge_test,ontocord,0,True,2025-03,3.759,Qwen2ForCausalLM,pretrained,False,True,
ontocord/wide_3b-stage1_shuf_sample1_jsonl-pretrained,ontocord/wide_3b-stage1_shuf_sample1_jsonl-pretrained,ontocord,0,True,2025-02,3.759,Qwen2ForCausalLM,pretrained,False,True,
ontocord/wide_3b_sft_stag1.2-lyrical_law_news_software_howto_formattedtext_math_wiki-merge,ontocord/wide_3b_sft_stag1.2-lyrical_law_news_software_howto_formattedtext_math_wiki-merge,ontocord,0,True,2025-03,3.759,Qwen2ForCausalLM,pretrained,False,True,
ontocord/wide_3b_sft_stag1.2-lyrical_news_software_howto_formattedtext-merge,ontocord/wide_3b_sft_stag1.2-lyrical_news_software_howto_formattedtext-merge,ontocord,0,True,2025-03,3.759,Qwen2ForCausalLM,pretrained,False,True,
ontocord/wide_3b_sft_stage1.1-ss1-no_redteam_skg_poem.no_issue,ontocord/wide_3b_sft_stage1.1-ss1-no_redteam_skg_poem.no_issue,ontocord,0,True,2025-03,3.759,Qwen2ForCausalLM,pretrained,False,True,
ontocord/wide_3b_sft_stage1.1-ss1-with_generics_intr.no_issue,ontocord/wide_3b_sft_stage1.1-ss1-with_generics_intr.no_issue,ontocord,0,True,2025-03,3.759,Qwen2ForCausalLM,pretrained,False,True,
ontocord/wide_3b_sft_stage1.1-ss1-with_generics_intr_math.no_issue,ontocord/wide_3b_sft_stage1.1-ss1-with_generics_intr_math.no_issue,ontocord,0,True,2025-03,3.759,Qwen2ForCausalLM,pretrained,False,True,
ontocord/wide_3b_sft_stage1.1-ss1-with_generics_intr_math_stories.no_issue,ontocord/wide_3b_sft_stage1.1-ss1-with_generics_intr_math_stories.no_issue,ontocord,0,True,2025-03,3.759,Qwen2ForCausalLM,pretrained,False,True,
ontocord/wide_3b_sft_stage1.1-ss1-with_generics_intr_math_stories_no_orig_instr.no_issue,ontocord/wide_3b_sft_stage1.1-ss1-with_generics_intr_math_stories_no_orig_instr.no_issue,ontocord,0,True,2025-03,3.759,Qwen2ForCausalLM,pretrained,False,True,
ontocord/wide_3b_sft_stage1.1-ss1-with_generics_intr_stories.no_issue,ontocord/wide_3b_sft_stage1.1-ss1-with_generics_intr_stories.no_issue,ontocord,0,True,2025-03,3.759,Qwen2ForCausalLM,pretrained,False,True,
ontocord/wide_3b_sft_stage1.1-ss1-with_generics_math.no_issue,ontocord/wide_3b_sft_stage1.1-ss1-with_generics_math.no_issue,ontocord,0,True,2025-03,3.759,Qwen2ForCausalLM,pretrained,False,True,
ontocord/wide_3b_sft_stage1.1-ss1-with_math.no_issue,ontocord/wide_3b_sft_stage1.1-ss1-with_math.no_issue,ontocord,0,True,2025-03,3.759,Qwen2ForCausalLM,pretrained,False,True,
ontocord/wide_3b_sft_stage1.1-ss1-with_r1_generics_intr_math_stories.no_issue,ontocord/wide_3b_sft_stage1.1-ss1-with_r1_generics_intr_math_stories.no_issue,ontocord,0,True,,3.759,Qwen2ForCausalLM,pretrained,False,False,base_removed
ontocord/wide_3b_sft_stage1.2-ss1-expert_fictional_lyrical,ontocord/wide_3b_sft_stage1.2-ss1-expert_fictional_lyrical,ontocord,0,True,2025-03,3.759,Qwen2ForCausalLM,pretrained,False,True,
ontocord/wide_3b_sft_stage1.2-ss1-expert_formatted_text,ontocord/wide_3b_sft_stage1.2-ss1-expert_formatted_text,ontocord,0,True,2025-03,3.759,Qwen2ForCausalLM,pretrained,False,True,
ontocord/wide_3b_sft_stage1.2-ss1-expert_how-to,ontocord/wide_3b_sft_stage1.2-ss1-expert_how-to,ontocord,0,True,2025-03,3.759,Qwen2ForCausalLM,pretrained,False,True,
ontocord/wide_3b_sft_stage1.2-ss1-expert_math,ontocord/wide_3b_sft_stage1.2-ss1-expert_math,ontocord,0,True,2025-03,3.759,Qwen2ForCausalLM,pretrained,False,True,
ontocord/wide_3b_sft_stage1.2-ss1-expert_news,ontocord/wide_3b_sft_stage1.2-ss1-expert_news,ontocord,0,True,2025-03,3.759,Qwen2ForCausalLM,pretrained,False,True,
ontocord/wide_3b_sft_stage1.2-ss1-expert_software,ontocord/wide_3b_sft_stage1.2-ss1-expert_software,ontocord,0,True,2025-03,3.759,Qwen2ForCausalLM,pretrained,False,True,
ontocord/wide_6.6b_sft_stag1.2-lyrical_law_news_software_howto_formattedtext_math_wiki-merge-stacked,ontocord/wide_6.6b_sft_stag1.2-lyrical_law_news_software_howto_formattedtext_math_wiki-merge-stacked,ontocord,0,True,2025-03,7.888,Qwen2ForCausalLM,pretrained,False,True,
oobabooga/CodeBooga-34B-v0.1,oobabooga/CodeBooga-34B-v0.1,oobabooga,0,False,2023-10,33.744,LlamaForCausalLM,basemergesandmoerges,False,False,merge
oopere/Llama-FinSent-S,oopere/Llama-FinSent-S (Merge),oopere,1,False,2025-02,0.914,LlamaForCausalLM,fine-tunedondomain-specificdatasets,False,False,merge
oopere/pruned10-llama-3.2-3B,oopere/pruned10-llama-3.2-3B (Merge),oopere,1,False,2024-12,3.001,LlamaForCausalLM,pretrained,False,False,merge
oopere/pruned20-llama-1b,oopere/pruned20-llama-1b (Merge),oopere,1,False,2024-11,1.075,LlamaForCausalLM,basemergesandmoerges,False,False,merge
oopere/pruned20-llama-3.2-3b,oopere/pruned20-llama-3.2-3b (Merge),oopere,1,False,2024-12,2.79,LlamaForCausalLM,pretrained,False,False,merge
oopere/pruned40-llama-1b,oopere/pruned40-llama-1b (Merge),oopere,1,False,2024-11,0.914,LlamaForCausalLM,pretrained,False,False,merge
oopere/pruned40-llama-3.2-1B,oopere/pruned40-llama-3.2-1B (Merge),oopere,1,False,2024-11,0.914,LlamaForCausalLM,pretrained,False,False,merge
oopere/pruned40-llama-3.2-3b,oopere/pruned40-llama-3.2-3b (Merge),oopere,1,False,2024-12,2.367,LlamaForCausalLM,pretrained,False,False,merge
oopere/pruned60-llama-1b,oopere/pruned60-llama-1b (Merge),oopere,1,False,2024-11,0.753,LlamaForCausalLM,pretrained,False,False,merge
oopere/pruned60-llama-3.2-3b,oopere/pruned60-llama-3.2-3b (Merge),oopere,1,False,2024-12,1.944,LlamaForCausalLM,pretrained,False,False,merge
open-atlas/Atlas-Flash-1.5B-Preview,open-atlas/Atlas-Flash-1.5B-Preview (Merge),open-atlas,1,False,2025-01,1.777,Qwen2ForCausalLM,fine-tunedondomain-specificdatasets,False,False,merge
open-atlas/Atlas-Flash-7B-Preview,open-atlas/Atlas-Flash-7B-Preview (Merge),open-atlas,1,False,2025-01,7.616,Qwen2ForCausalLM,fine-tunedondomain-specificdatasets,False,False,merge
open-neo/Kyro-n1-3B,open-neo/Kyro-n1-3B (Merge),open-neo,1,False,2025-02,3.086,Qwen2ForCausalLM,fine-tunedondomain-specificdatasets,False,False,merge
open-neo/Kyro-n1-7B,open-neo/Kyro-n1-7B (Merge),open-neo,1,False,2025-02,7.616,Qwen2ForCausalLM,fine-tunedondomain-specificdatasets,False,False,merge
open-thoughts/OpenThinker-7B,Qwen/Qwen2.5-7B,Qwen,1,True,2025-01,7.616,Qwen2ForCausalLM,fine-tunedondomain-specificdatasets,False,True,
openai-community/gpt2,openai-community/gpt2,openai-community,0,True,2022-03,0.137,GPT2LMHeadModel,pretrained,False,True,
openai-community/gpt2-large,openai-community/gpt2-large,openai-community,0,True,2022-03,0.812,GPT2LMHeadModel,pretrained,False,True,
openai-community/gpt2-medium,openai-community/gpt2-medium,openai-community,0,True,2022-03,0.38,GPT2LMHeadModel,pretrained,False,True,
openai-community/gpt2-xl,openai-community/gpt2-xl,openai-community,0,True,2022-03,1.608,GPT2LMHeadModel,pretrained,False,True,
openbmb/MiniCPM-S-1B-sft-llama-format,openbmb/MiniCPM-S-1B-sft-llama-format,openbmb,0,False,2024-06,1.0,LlamaForCausalLM,fine-tunedondomain-specificdatasets,False,True,
openchat/openchat-3.5-0106,mistralai/Mistral-7B-v0.1,mistralai,1,True,2024-01,7.242,MistralForCausalLM,fine-tunedondomain-specificdatasets,False,True,
openchat/openchat-3.5-1210,mistralai/Mistral-7B-v0.1,mistralai,1,True,2023-12,7.242,MistralForCausalLM,chatmodels,False,True,
openchat/openchat-3.6-8b-20240522,meta-llama/Meta-Llama-3-8B,meta-llama,1,True,2024-05,8.03,LlamaForCausalLM,fine-tunedondomain-specificdatasets,False,True,
openchat/openchat_3.5,openchat/openchat_3.5,openchat,0,False,2023-10,7.0,MistralForCausalLM,chatmodels,False,True,
openchat/openchat_v3.2,openchat/openchat_v3.2,openchat,0,False,2023-07,13.0,LlamaForCausalLM,fine-tunedondomain-specificdatasets,False,True,
openchat/openchat_v3.2_super,openchat/openchat_v3.2_super,openchat,0,False,2023-09,13.0,LlamaForCausalLM,fine-tunedondomain-specificdatasets,False,True,
orai-nlp/Llama-eus-8B,meta-llama/Meta-Llama-3.1-8B,meta-llama,1,False,2024-09,8.03,LlamaForCausalLM,continuouslypretrained,False,True,
oxyapi/oxy-1-small,oxyapi/oxy-1-small (Merge),oxyapi,1,False,2024-12,14.77,Qwen2ForCausalLM,fine-tunedondomain-specificdatasets,False,False,merge
ozone-ai/0x-lite,ozone-ai/0x-lite (Merge),ozone-ai,1,False,2025-01,14.77,Qwen2ForCausalLM,fine-tunedondomain-specificdatasets,False,False,merge
ozone-research/Chirp-01,ozone-research/Chirp-01 (Merge),ozone-research,1,False,2025-02,3.086,Qwen2ForCausalLM,fine-tunedondomain-specificdatasets,False,False,merge
paloalma/ECE-TW3-JRGL-V1,paloalma/ECE-TW3-JRGL-V1,paloalma,0,False,2024-04,68.977,LlamaForCausalLM,basemergesandmoerges,False,False,merge
paloalma/ECE-TW3-JRGL-V2,paloalma/ECE-TW3-JRGL-V2,paloalma,0,False,2024-04,72.288,Qwen2ForCausalLM,basemergesandmoerges,False,False,merge
paloalma/ECE-TW3-JRGL-V5,paloalma/ECE-TW3-JRGL-V5,paloalma,0,False,2024-04,72.289,LlamaForCausalLM,basemergesandmoerges,False,False,merge
paloalma/Le_Triomphant-ECE-TW3,paloalma/Le_Triomphant-ECE-TW3,paloalma,0,False,2024-04,72.289,LlamaForCausalLM,basemergesandmoerges,False,False,merge
paloalma/TW3-JRGL-v2,paloalma/TW3-JRGL-v2,paloalma,0,False,2024-04,72.289,LlamaForCausalLM,basemergesandmoerges,False,False,merge
pankajmathur/Al_Dente_v1_8b,pankajmathur/Al_Dente_v1_8b,pankajmathur,0,False,2024-06,8.03,LlamaForCausalLM,fine-tunedondomain-specificdatasets,False,True,
pankajmathur/model_007_13b_v2,pankajmathur/model_007_13b_v2,pankajmathur,0,False,2023-08,13.0,LlamaForCausalLM,fine-tunedondomain-specificdatasets,False,True,
pankajmathur/orca_mini_3b,pankajmathur/orca_mini_3b,pankajmathur,0,False,2023-06,3.426,LlamaForCausalLM,fine-tunedondomain-specificdatasets,False,True,
pankajmathur/orca_mini_7b,pankajmathur/orca_mini_7b,pankajmathur,0,False,2023-06,7.0,LlamaForCausalLM,fine-tunedondomain-specificdatasets,False,True,
pankajmathur/orca_mini_phi-4,pankajmathur/orca_mini_phi-4 (Merge),pankajmathur,1,False,2025-01,14.66,LlamaForCausalLM,chatmodels,False,False,merge
pankajmathur/orca_mini_v2_7b,pankajmathur/orca_mini_v2_7b,pankajmathur,0,False,2023-07,7.0,LlamaForCausalLM,fine-tunedondomain-specificdatasets,False,True,
pankajmathur/orca_mini_v3_13b,pankajmathur/orca_mini_v3_13b,pankajmathur,0,False,2023-08,13.0,LlamaForCausalLM,fine-tunedondomain-specificdatasets,False,True,
pankajmathur/orca_mini_v3_70b,pankajmathur/orca_mini_v3_70b,pankajmathur,0,False,2023-08,70.0,LlamaForCausalLM,fine-tunedondomain-specificdatasets,False,True,
pankajmathur/orca_mini_v3_7b,pankajmathur/orca_mini_v3_7b,pankajmathur,0,False,2023-08,7.0,LlamaForCausalLM,fine-tunedondomain-specificdatasets,False,True,
pankajmathur/orca_mini_v5_8b,pankajmathur/orca_mini_v5_8b,pankajmathur,0,False,2024-05,8.03,LlamaForCausalLM,fine-tunedondomain-specificdatasets,False,True,
pankajmathur/orca_mini_v5_8b_dpo,pankajmathur/orca_mini_v5_8b_dpo,pankajmathur,0,False,2024-05,8.0,LlamaForCausalLM,fine-tunedondomain-specificdatasets,False,True,
pankajmathur/orca_mini_v5_8b_orpo,pankajmathur/orca_mini_v5_8b_orpo,pankajmathur,0,False,2024-05,8.0,LlamaForCausalLM,fine-tunedondomain-specificdatasets,False,True,
pankajmathur/orca_mini_v6_8b,pankajmathur/orca_mini_v6_8b,pankajmathur,0,False,2024-06,8.03,LlamaForCausalLM,fine-tunedondomain-specificdatasets,False,True,
pankajmathur/orca_mini_v6_8b_dpo,pankajmathur/orca_mini_v6_8b_dpo,pankajmathur,0,False,2024-06,8.0,LlamaForCausalLM,fine-tunedondomain-specificdatasets,False,True,
pankajmathur/orca_mini_v7_72b,pankajmathur/orca_mini_v7_72b,pankajmathur,0,False,2024-06,72.706,Qwen2ForCausalLM,chatmodels,False,True,
pankajmathur/orca_mini_v7_7b,pankajmathur/orca_mini_v7_7b,pankajmathur,0,False,2024-06,7.616,Qwen2ForCausalLM,fine-tunedondomain-specificdatasets,False,True,
pankajmathur/orca_mini_v8_1_70b,pankajmathur/orca_mini_v8_1_70b (Merge),pankajmathur,1,False,2024-12,70.554,LlamaForCausalLM,chatmodels,False,False,merge
pankajmathur/orca_mini_v9_0_3B-Instruct,pankajmathur/orca_mini_v9_0_3B-Instruct (Merge),pankajmathur,1,False,2024-12,3.213,LlamaForCausalLM,chatmodels,False,False,merge
pankajmathur/orca_mini_v9_1_1B-Instruct,pankajmathur/orca_mini_v9_1_1B-Instruct (Merge),pankajmathur,1,False,2024-12,1.236,LlamaForCausalLM,chatmodels,False,False,merge
pankajmathur/orca_mini_v9_2_14B,pankajmathur/orca_mini_v9_2_14B (Merge),pankajmathur,1,False,2025-01,14.66,LlamaForCausalLM,chatmodels,False,False,merge
pankajmathur/orca_mini_v9_2_70b,pankajmathur/orca_mini_v9_2_70b (Merge),pankajmathur,1,False,2024-12,70.554,LlamaForCausalLM,chatmodels,False,False,merge
pankajmathur/orca_mini_v9_4_70B,pankajmathur/orca_mini_v9_4_70B (Merge),pankajmathur,1,False,2025-01,70.554,LlamaForCausalLM,chatmodels,False,False,merge
pankajmathur/orca_mini_v9_5_1B-Instruct,pankajmathur/orca_mini_v9_5_1B-Instruct (Merge),pankajmathur,1,False,2025-01,1.236,LlamaForCausalLM,chatmodels,False,False,merge
pankajmathur/orca_mini_v9_5_1B-Instruct_preview,pankajmathur/orca_mini_v9_5_1B-Instruct_preview (Merge),pankajmathur,1,False,2024-12,1.236,LlamaForCausalLM,chatmodels,False,False,merge
pankajmathur/orca_mini_v9_5_3B-Instruct,pankajmathur/orca_mini_v9_5_3B-Instruct (Merge),pankajmathur,1,False,2025-01,3.213,LlamaForCausalLM,chatmodels,False,False,merge
pankajmathur/orca_mini_v9_6_1B-Instruct,pankajmathur/orca_mini_v9_6_1B-Instruct (Merge),pankajmathur,1,False,2025-01,1.236,LlamaForCausalLM,chatmodels,False,False,merge
pankajmathur/orca_mini_v9_6_3B-Instruct,pankajmathur/orca_mini_v9_6_3B-Instruct (Merge),pankajmathur,1,False,2025-01,3.213,LlamaForCausalLM,chatmodels,False,False,merge
pankajmathur/orca_mini_v9_7_1B-Instruct,pankajmathur/orca_mini_v9_7_1B-Instruct (Merge),pankajmathur,1,False,2025-01,1.236,LlamaForCausalLM,chatmodels,False,False,merge
pankajmathur/orca_mini_v9_7_3B-Instruct,pankajmathur/orca_mini_v9_7_3B-Instruct (Merge),pankajmathur,1,False,2025-01,3.213,LlamaForCausalLM,chatmodels,False,False,merge
paulml/ECE-ILAB-Q1,paulml/ECE-ILAB-Q1,paulml,0,False,2024-06,72.706,Qwen2ForCausalLM,basemergesandmoerges,False,False,merge
pints-ai/1.5-Pints-16K-v0.1,pints-ai/1.5-Pints-16K-v0.1,pints-ai,0,True,2024-08,1.566,LlamaForCausalLM,pretrained,False,True,
pints-ai/1.5-Pints-2K-v0.1,pints-ai/1.5-Pints-2K-v0.1,pints-ai,0,True,2024-08,1.566,LlamaForCausalLM,pretrained,False,True,
piotr25691/thea-3b-25r,chuanli11/Llama-3.2-3B-Instruct-uncensored,chuanli11,1,False,2024-10,3.213,LlamaForCausalLM,fine-tunedondomain-specificdatasets,False,True,
piotr25691/thea-c-3b-25r,meta-llama/Llama-3.2-3B-Instruct,meta-llama,1,False,2024-10,3.213,LlamaForCausalLM,fine-tunedondomain-specificdatasets,False,True,
piotr25691/thea-rp-3b-25r,SicariusSicariiStuff/Impish_LLAMA_3B (Merge),SicariusSicariiStuff,1,False,2024-10,3.213,LlamaForCausalLM,fine-tunedondomain-specificdatasets,False,False,merge
postbot/gpt2-medium-emailgen,postbot/gpt2-medium-emailgen,postbot,0,True,2022-09,0.38,GPT2LMHeadModel,continuouslypretrained,False,True,
prince-canuma/Ministral-8B-Instruct-2410-HF,prince-canuma/Ministral-8B-Instruct-2410-HF (Merge),prince-canuma,1,False,2024-10,8.02,MistralForCausalLM,fine-tunedondomain-specificdatasets,False,False,merge
princeton-nlp/Llama-3-8B-ProLong-512k-Base,princeton-nlp/Llama-3-8B-ProLong-512k-Base (Merge),princeton-nlp,1,False,2024-08,8.03,LlamaForCausalLM,continuouslypretrained,False,False,merge
princeton-nlp/Llama-3-8B-ProLong-512k-Instruct,princeton-nlp/Llama-3-8B-ProLong-512k-Instruct (Merge),princeton-nlp,1,False,2024-08,8.03,LlamaForCausalLM,chatmodels,False,False,merge
princeton-nlp/Llama-3-8B-ProLong-64k-Base,princeton-nlp/Llama-3-8B-ProLong-64k-Base (Merge),princeton-nlp,1,False,2024-07,8.03,LlamaForCausalLM,continuouslypretrained,False,False,merge
princeton-nlp/Llama-3-8B-ProLong-64k-Instruct,princeton-nlp/Llama-3-8B-ProLong-64k-Instruct (Merge),princeton-nlp,1,False,2024-07,8.03,LlamaForCausalLM,fine-tunedondomain-specificdatasets,False,False,merge
princeton-nlp/Llama-3-Base-8B-SFT,princeton-nlp/Llama-3-Base-8B-SFT,princeton-nlp,0,False,2024-05,8.03,LlamaForCausalLM,fine-tunedondomain-specificdatasets,False,True,
princeton-nlp/Llama-3-Base-8B-SFT-CPO,princeton-nlp/Llama-3-Base-8B-SFT-CPO,princeton-nlp,0,False,2024-07,8.03,LlamaForCausalLM,chatmodels,False,True,
princeton-nlp/Llama-3-Base-8B-SFT-DPO,princeton-nlp/Llama-3-Base-8B-SFT-DPO,princeton-nlp,0,False,2024-05,8.03,LlamaForCausalLM,chatmodels,False,True,
princeton-nlp/Llama-3-Base-8B-SFT-IPO,princeton-nlp/Llama-3-Base-8B-SFT-IPO,princeton-nlp,0,False,2024-05,8.03,LlamaForCausalLM,chatmodels,False,True,
princeton-nlp/Llama-3-Base-8B-SFT-KTO,princeton-nlp/Llama-3-Base-8B-SFT-KTO,princeton-nlp,0,False,2024-05,8.03,LlamaForCausalLM,chatmodels,False,True,
princeton-nlp/Llama-3-Base-8B-SFT-ORPO,princeton-nlp/Llama-3-Base-8B-SFT-ORPO,princeton-nlp,0,False,2024-05,8.03,LlamaForCausalLM,chatmodels,False,True,
princeton-nlp/Llama-3-Base-8B-SFT-RDPO,princeton-nlp/Llama-3-Base-8B-SFT-RDPO,princeton-nlp,0,False,2024-05,8.03,LlamaForCausalLM,chatmodels,False,True,
princeton-nlp/Llama-3-Base-8B-SFT-RRHF,princeton-nlp/Llama-3-Base-8B-SFT-RRHF,princeton-nlp,0,False,2024-07,8.03,LlamaForCausalLM,chatmodels,False,True,
princeton-nlp/Llama-3-Base-8B-SFT-SLiC-HF,princeton-nlp/Llama-3-Base-8B-SFT-SLiC-HF,princeton-nlp,0,False,2024-07,8.03,LlamaForCausalLM,chatmodels,False,True,
princeton-nlp/Llama-3-Base-8B-SFT-SimPO,princeton-nlp/Llama-3-Base-8B-SFT-SimPO,princeton-nlp,0,False,2024-05,8.03,LlamaForCausalLM,chatmodels,False,True,
princeton-nlp/Llama-3-Instruct-8B-CPO,princeton-nlp/Llama-3-Instruct-8B-CPO,princeton-nlp,0,False,2024-07,8.03,LlamaForCausalLM,chatmodels,False,True,
princeton-nlp/Llama-3-Instruct-8B-CPO-v0.2,princeton-nlp/Llama-3-Instruct-8B-CPO-v0.2,princeton-nlp,0,False,2024-07,8.03,LlamaForCausalLM,chatmodels,False,True,
princeton-nlp/Llama-3-Instruct-8B-DPO,princeton-nlp/Llama-3-Instruct-8B-DPO,princeton-nlp,0,False,2024-05,8.03,LlamaForCausalLM,chatmodels,False,True,
princeton-nlp/Llama-3-Instruct-8B-DPO-v0.2,princeton-nlp/Llama-3-Instruct-8B-DPO-v0.2,princeton-nlp,0,False,2024-07,8.03,LlamaForCausalLM,chatmodels,False,True,
princeton-nlp/Llama-3-Instruct-8B-KTO,princeton-nlp/Llama-3-Instruct-8B-KTO,princeton-nlp,0,False,2024-05,8.03,LlamaForCausalLM,chatmodels,False,True,
princeton-nlp/Llama-3-Instruct-8B-KTO-v0.2,princeton-nlp/Llama-3-Instruct-8B-KTO-v0.2,princeton-nlp,0,False,2024-07,8.03,LlamaForCausalLM,chatmodels,False,True,
princeton-nlp/Llama-3-Instruct-8B-ORPO,princeton-nlp/Llama-3-Instruct-8B-ORPO,princeton-nlp,0,False,2024-05,8.03,LlamaForCausalLM,chatmodels,False,True,
princeton-nlp/Llama-3-Instruct-8B-ORPO-v0.2,princeton-nlp/Llama-3-Instruct-8B-ORPO-v0.2,princeton-nlp,0,False,2024-07,8.03,LlamaForCausalLM,chatmodels,False,True,
princeton-nlp/Llama-3-Instruct-8B-RDPO,princeton-nlp/Llama-3-Instruct-8B-RDPO,princeton-nlp,0,False,2024-05,8.03,LlamaForCausalLM,chatmodels,False,True,
princeton-nlp/Llama-3-Instruct-8B-RDPO-v0.2,princeton-nlp/Llama-3-Instruct-8B-RDPO-v0.2,princeton-nlp,0,False,2024-07,8.03,LlamaForCausalLM,chatmodels,False,True,
princeton-nlp/Llama-3-Instruct-8B-RRHF,princeton-nlp/Llama-3-Instruct-8B-RRHF,princeton-nlp,0,False,2024-07,8.03,LlamaForCausalLM,chatmodels,False,True,
princeton-nlp/Llama-3-Instruct-8B-RRHF-v0.2,princeton-nlp/Llama-3-Instruct-8B-RRHF-v0.2,princeton-nlp,0,False,2024-07,8.03,LlamaForCausalLM,chatmodels,False,True,
princeton-nlp/Llama-3-Instruct-8B-SLiC-HF,princeton-nlp/Llama-3-Instruct-8B-SLiC-HF,princeton-nlp,0,False,2024-07,8.03,LlamaForCausalLM,chatmodels,False,True,
princeton-nlp/Llama-3-Instruct-8B-SLiC-HF-v0.2,princeton-nlp/Llama-3-Instruct-8B-SLiC-HF-v0.2,princeton-nlp,0,False,2024-07,8.03,LlamaForCausalLM,chatmodels,False,True,
princeton-nlp/Llama-3-Instruct-8B-SimPO,princeton-nlp/Llama-3-Instruct-8B-SimPO,princeton-nlp,0,False,2024-05,8.03,LlamaForCausalLM,chatmodels,False,True,
princeton-nlp/Llama-3-Instruct-8B-SimPO-v0.2,princeton-nlp/Llama-3-Instruct-8B-SimPO-v0.2,princeton-nlp,0,False,2024-07,8.03,LlamaForCausalLM,chatmodels,False,True,
princeton-nlp/Mistral-7B-Base-SFT-CPO,princeton-nlp/Mistral-7B-Base-SFT-CPO,princeton-nlp,0,False,2024-07,7.242,MistralForCausalLM,chatmodels,False,True,
princeton-nlp/Mistral-7B-Base-SFT-DPO,princeton-nlp/Mistral-7B-Base-SFT-DPO,princeton-nlp,0,False,2024-05,7.242,MistralForCausalLM,chatmodels,False,True,
princeton-nlp/Mistral-7B-Base-SFT-IPO,princeton-nlp/Mistral-7B-Base-SFT-IPO,princeton-nlp,0,False,2024-05,7.242,MistralForCausalLM,chatmodels,False,True,
princeton-nlp/Mistral-7B-Base-SFT-KTO,princeton-nlp/Mistral-7B-Base-SFT-KTO,princeton-nlp,0,False,2024-05,7.242,MistralForCausalLM,chatmodels,False,True,
princeton-nlp/Mistral-7B-Base-SFT-RDPO,princeton-nlp/Mistral-7B-Base-SFT-RDPO,princeton-nlp,0,False,2024-05,7.242,MistralForCausalLM,chatmodels,False,True,
princeton-nlp/Mistral-7B-Base-SFT-RRHF,princeton-nlp/Mistral-7B-Base-SFT-RRHF,princeton-nlp,0,False,2024-07,7.242,MistralForCausalLM,chatmodels,False,True,
princeton-nlp/Mistral-7B-Base-SFT-SLiC-HF,princeton-nlp/Mistral-7B-Base-SFT-SLiC-HF,princeton-nlp,0,False,2024-07,7.242,MistralForCausalLM,chatmodels,False,True,
princeton-nlp/Mistral-7B-Base-SFT-SimPO,princeton-nlp/Mistral-7B-Base-SFT-SimPO,princeton-nlp,0,False,2024-05,7.242,MistralForCausalLM,chatmodels,False,True,
princeton-nlp/Mistral-7B-Instruct-CPO,princeton-nlp/Mistral-7B-Instruct-CPO,princeton-nlp,0,False,2024-07,7.242,MistralForCausalLM,chatmodels,False,True,
princeton-nlp/Mistral-7B-Instruct-DPO,princeton-nlp/Mistral-7B-Instruct-DPO,princeton-nlp,0,False,2024-05,7.242,MistralForCausalLM,chatmodels,False,True,
princeton-nlp/Mistral-7B-Instruct-IPO,princeton-nlp/Mistral-7B-Instruct-IPO,princeton-nlp,0,False,2024-05,7.242,MistralForCausalLM,chatmodels,False,True,
princeton-nlp/Mistral-7B-Instruct-KTO,princeton-nlp/Mistral-7B-Instruct-KTO,princeton-nlp,0,False,2024-05,7.242,MistralForCausalLM,chatmodels,False,True,
princeton-nlp/Mistral-7B-Instruct-ORPO,princeton-nlp/Mistral-7B-Instruct-ORPO,princeton-nlp,0,False,2024-05,7.242,MistralForCausalLM,chatmodels,False,True,
princeton-nlp/Mistral-7B-Instruct-RDPO,princeton-nlp/Mistral-7B-Instruct-RDPO,princeton-nlp,0,False,2024-05,7.242,MistralForCausalLM,chatmodels,False,True,
princeton-nlp/Mistral-7B-Instruct-RRHF,princeton-nlp/Mistral-7B-Instruct-RRHF,princeton-nlp,0,False,2024-07,7.242,MistralForCausalLM,chatmodels,False,True,
princeton-nlp/Mistral-7B-Instruct-SLiC-HF,princeton-nlp/Mistral-7B-Instruct-SLiC-HF,princeton-nlp,0,False,2024-07,7.242,MistralForCausalLM,chatmodels,False,True,
princeton-nlp/Mistral-7B-Instruct-SimPO,princeton-nlp/Mistral-7B-Instruct-SimPO,princeton-nlp,0,False,2024-05,7.242,MistralForCausalLM,chatmodels,False,True,
princeton-nlp/Sheared-LLaMA-1.3B,princeton-nlp/Sheared-LLaMA-1.3B,princeton-nlp,0,True,2023-10,1.3,LlamaForCausalLM,pretrained,False,True,
princeton-nlp/Sheared-LLaMA-2.7B,princeton-nlp/Sheared-LLaMA-2.7B,princeton-nlp,0,True,2023-10,2.7,LlamaForCausalLM,pretrained,False,True,
princeton-nlp/gemma-2-9b-it-DPO,google/gemma-2-9b,google,1,True,2024-07,9.242,Gemma2ForCausalLM,chatmodels,False,True,
princeton-nlp/gemma-2-9b-it-SimPO,google/gemma-2-9b,google,1,True,2024-07,9.242,Gemma2ForCausalLM,chatmodels,False,True,
prithivMLmods/Bellatrix-1.5B-xElite,prithivMLmods/Bellatrix-1.5B-xElite (Merge),prithivMLmods,1,False,2025-01,1.777,Qwen2ForCausalLM,fine-tunedondomain-specificdatasets,False,False,merge
prithivMLmods/Bellatrix-Tiny-1.5B-R1,prithivMLmods/Bellatrix-Tiny-1.5B-R1 (Merge),prithivMLmods,1,False,2025-01,1.544,Qwen2ForCausalLM,fine-tunedondomain-specificdatasets,False,False,merge
prithivMLmods/Bellatrix-Tiny-1B-v2,prithivMLmods/Bellatrix-Tiny-1B-v2 (Merge),prithivMLmods,1,False,2025-01,1.236,LlamaForCausalLM,fine-tunedondomain-specificdatasets,False,False,merge
prithivMLmods/Blaze-14B-xElite,prithivMLmods/Blaze-14B-xElite,prithivMLmods,0,False,2025-01,14.66,LlamaForCausalLM,fine-tunedondomain-specificdatasets,False,True,
prithivMLmods/COCO-7B-Instruct-1M,prithivMLmods/COCO-7B-Instruct-1M (Merge),prithivMLmods,1,False,2025-01,7.616,Qwen2ForCausalLM,fine-tunedondomain-specificdatasets,False,False,merge
prithivMLmods/Calcium-Opus-14B-Elite,prithivMLmods/Calcium-Opus-14B-Elite (Merge),prithivMLmods,1,False,2025-01,14.766,Qwen2ForCausalLM,fine-tunedondomain-specificdatasets,False,False,merge
prithivMLmods/Calcium-Opus-14B-Elite-1M,prithivMLmods/Calcium-Opus-14B-Elite-1M (Merge),prithivMLmods,1,False,2025-01,14.77,Qwen2ForCausalLM,fine-tunedondomain-specificdatasets,False,False,merge
prithivMLmods/Calcium-Opus-14B-Elite-Stock,prithivMLmods/Calcium-Opus-14B-Elite-Stock (Merge),prithivMLmods,1,False,2025-01,14.766,Qwen2ForCausalLM,basemergesandmoerges,False,False,merge
prithivMLmods/Calcium-Opus-14B-Elite2,prithivMLmods/Calcium-Opus-14B-Elite2 (Merge),prithivMLmods,1,False,2025-01,14.766,Qwen2ForCausalLM,fine-tunedondomain-specificdatasets,False,False,merge
prithivMLmods/Calcium-Opus-14B-Elite2-R1,prithivMLmods/Calcium-Opus-14B-Elite2-R1 (Merge),prithivMLmods,1,False,2025-02,14.766,Qwen2ForCausalLM,fine-tunedondomain-specificdatasets,False,False,merge
prithivMLmods/Calcium-Opus-14B-Elite3,prithivMLmods/Calcium-Opus-14B-Elite3 (Merge),prithivMLmods,1,False,2025-01,14.766,Qwen2ForCausalLM,fine-tunedondomain-specificdatasets,False,False,merge
prithivMLmods/Calcium-Opus-14B-Elite4,prithivMLmods/Calcium-Opus-14B-Elite4 (Merge),prithivMLmods,1,False,2025-01,14.766,Qwen2ForCausalLM,fine-tunedondomain-specificdatasets,False,False,merge
prithivMLmods/Calcium-Opus-14B-Merge,prithivMLmods/Calcium-Opus-14B-Merge (Merge),prithivMLmods,1,False,2025-01,14.766,Qwen2ForCausalLM,basemergesandmoerges,False,False,merge
prithivMLmods/Calcium-Opus-20B-v1,prithivMLmods/Calcium-Opus-20B-v1 (Merge),prithivMLmods,1,False,2025-01,19.173,Qwen2ForCausalLM,fine-tunedondomain-specificdatasets,False,False,merge
prithivMLmods/Codepy-Deepthink-3B,prithivMLmods/Codepy-Deepthink-3B (Merge),prithivMLmods,1,False,2024-12,3.213,LlamaForCausalLM,fine-tunedondomain-specificdatasets,False,False,merge
prithivMLmods/Coma-II-14B,prithivMLmods/Coma-II-14B (Merge),prithivMLmods,1,False,2025-03,14.766,Qwen2ForCausalLM,fine-tunedondomain-specificdatasets,False,False,merge
prithivMLmods/Condor-Opus-14B-Exp,prithivMLmods/Condor-Opus-14B-Exp (Merge),prithivMLmods,1,False,2025-03,14.77,Qwen2ForCausalLM,fine-tunedondomain-specificdatasets,False,False,merge
prithivMLmods/Cygnus-II-14B,prithivMLmods/Cygnus-II-14B (Merge),prithivMLmods,1,False,2025-03,14.766,Qwen2ForCausalLM,fine-tunedondomain-specificdatasets,False,False,merge
prithivMLmods/Deepthink-Llama-3-8B-Preview,prithivMLmods/Deepthink-Llama-3-8B-Preview (Merge),prithivMLmods,1,False,2025-02,8.03,LlamaForCausalLM,fine-tunedondomain-specificdatasets,False,False,merge
prithivMLmods/Deepthink-Reasoning-14B,prithivMLmods/Deepthink-Reasoning-14B (Merge),prithivMLmods,1,False,2025-01,14.77,Qwen2ForCausalLM,fine-tunedondomain-specificdatasets,False,False,merge
prithivMLmods/Deepthink-Reasoning-7B,prithivMLmods/Deepthink-Reasoning-7B (Merge),prithivMLmods,1,False,2024-12,7.616,Qwen2ForCausalLM,fine-tunedondomain-specificdatasets,False,False,merge
prithivMLmods/Dinobot-Opus-14B-Exp,prithivMLmods/Dinobot-Opus-14B-Exp (Merge),prithivMLmods,1,False,2025-02,14.77,Qwen2ForCausalLM,fine-tunedondomain-specificdatasets,False,False,merge
prithivMLmods/Elita-0.1-Distilled-R1-abliterated,prithivMLmods/Elita-0.1-Distilled-R1-abliterated (Merge),prithivMLmods,1,False,2025-02,7.616,Qwen2ForCausalLM,fine-tunedondomain-specificdatasets,False,False,merge
prithivMLmods/Elita-1,prithivMLmods/Elita-1 (Merge),prithivMLmods,1,False,2025-02,14.766,Qwen2ForCausalLM,fine-tunedondomain-specificdatasets,False,False,merge
prithivMLmods/Epimetheus-14B-Axo,prithivMLmods/Epimetheus-14B-Axo (Merge),prithivMLmods,1,False,2025-03,14.766,Qwen2ForCausalLM,fine-tunedondomain-specificdatasets,False,False,merge
prithivMLmods/Equuleus-Opus-14B-Exp,prithivMLmods/Equuleus-Opus-14B-Exp (Merge),prithivMLmods,1,False,2025-02,14.766,Qwen2ForCausalLM,fine-tunedondomain-specificdatasets,False,False,merge
prithivMLmods/Eridanus-Opus-14B-r999,prithivMLmods/Eridanus-Opus-14B-r999 (Merge),prithivMLmods,1,False,2025-02,14.77,Qwen2ForCausalLM,fine-tunedondomain-specificdatasets,False,False,merge
prithivMLmods/Evac-Opus-14B-Exp,prithivMLmods/Evac-Opus-14B-Exp (Merge),prithivMLmods,1,False,2025-02,14.77,Qwen2ForCausalLM,fine-tunedondomain-specificdatasets,False,False,merge
prithivMLmods/FastThink-0.5B-Tiny,prithivMLmods/FastThink-0.5B-Tiny (Merge),prithivMLmods,1,False,2025-01,0.494,Qwen2ForCausalLM,fine-tunedondomain-specificdatasets,False,False,merge
prithivMLmods/GWQ-9B-Preview,prithivMLmods/GWQ-9B-Preview,prithivMLmods,0,False,2025-01,9.242,Gemma2ForCausalLM,fine-tunedondomain-specificdatasets,False,True,
prithivMLmods/GWQ-9B-Preview2,prithivMLmods/GWQ-9B-Preview2 (Merge),prithivMLmods,1,False,2025-01,9.242,Gemma2ForCausalLM,fine-tunedondomain-specificdatasets,False,False,merge
prithivMLmods/GWQ2b,prithivMLmods/GWQ2b (Merge),prithivMLmods,1,False,2025-01,2.614,Gemma2ForCausalLM,fine-tunedondomain-specificdatasets,False,False,merge
prithivMLmods/Gaea-Opus-14B-Exp,prithivMLmods/Gaea-Opus-14B-Exp (Merge),prithivMLmods,1,False,2025-03,14.766,Qwen2ForCausalLM,fine-tunedondomain-specificdatasets,False,False,merge
prithivMLmods/Galactic-Qwen-14B-Exp1,prithivMLmods/Galactic-Qwen-14B-Exp1 (Merge),prithivMLmods,1,False,2025-03,14.766,Qwen2ForCausalLM,fine-tunedondomain-specificdatasets,False,False,merge
prithivMLmods/Galactic-Qwen-14B-Exp2,prithivMLmods/Galactic-Qwen-14B-Exp2 (Merge),prithivMLmods,1,False,2025-03,14.766,Qwen2ForCausalLM,fine-tunedondomain-specificdatasets,False,False,merge
prithivMLmods/Gauss-Opus-14B-R999,prithivMLmods/Gauss-Opus-14B-R999 (Merge),prithivMLmods,1,False,2025-03,14.77,Qwen2ForCausalLM,fine-tunedondomain-specificdatasets,False,False,merge
prithivMLmods/Jolt-v0.1,prithivMLmods/Jolt-v0.1 (Merge),prithivMLmods,1,False,2025-02,14.766,Qwen2ForCausalLM,fine-tunedondomain-specificdatasets,False,False,merge
prithivMLmods/Lacerta-Opus-14B-Elite8,prithivMLmods/Lacerta-Opus-14B-Elite8 (Merge),prithivMLmods,1,False,2025-02,14.766,Qwen2ForCausalLM,fine-tunedondomain-specificdatasets,False,False,merge
prithivMLmods/Llama-3.1-5B-Instruct,prithivMLmods/Llama-3.1-5B-Instruct,prithivMLmods,0,False,2025-01,5.413,LlamaForCausalLM,fine-tunedondomain-specificdatasets,False,True,
prithivMLmods/Llama-3.1-8B-Open-SFT,prithivMLmods/Llama-3.1-8B-Open-SFT (Merge),prithivMLmods,1,False,2024-12,8.03,LlamaForCausalLM,fine-tunedondomain-specificdatasets,False,False,merge
prithivMLmods/Llama-3.2-3B-Math-Oct,prithivMLmods/Llama-3.2-3B-Math-Oct (Merge),prithivMLmods,1,False,2025-01,3.213,LlamaForCausalLM,fine-tunedondomain-specificdatasets,False,False,merge
prithivMLmods/Llama-3.2-6B-AlgoCode,prithivMLmods/Llama-3.2-6B-AlgoCode,prithivMLmods,0,False,2025-01,6.339,LlamaForCausalLM,fine-tunedondomain-specificdatasets,False,True,
prithivMLmods/Llama-8B-Distill-CoT,prithivMLmods/Llama-8B-Distill-CoT (Merge),prithivMLmods,1,False,2025-01,8.03,LlamaForCausalLM,fine-tunedondomain-specificdatasets,False,False,merge
prithivMLmods/Llama-Deepsync-1B,prithivMLmods/Llama-Deepsync-1B (Merge),prithivMLmods,1,False,2024-12,1.236,LlamaForCausalLM,fine-tunedondomain-specificdatasets,False,False,merge
prithivMLmods/Llama-Deepsync-3B,prithivMLmods/Llama-Deepsync-3B (Merge),prithivMLmods,1,False,2024-12,3.213,LlamaForCausalLM,fine-tunedondomain-specificdatasets,False,False,merge
prithivMLmods/Llama-Express.1-Math,prithivMLmods/Llama-Express.1-Math (Merge),prithivMLmods,1,False,2025-01,1.236,LlamaForCausalLM,fine-tunedondomain-specificdatasets,False,False,merge
prithivMLmods/LwQ-10B-Instruct,prithivMLmods/LwQ-10B-Instruct (Merge),prithivMLmods,1,False,2025-01,10.732,LlamaForCausalLM,fine-tunedondomain-specificdatasets,False,False,merge
prithivMLmods/LwQ-Reasoner-10B,prithivMLmods/LwQ-Reasoner-10B (Merge),prithivMLmods,1,False,2025-01,10.306,LlamaForCausalLM,fine-tunedondomain-specificdatasets,False,False,merge
prithivMLmods/Magellanic-Opus-14B-Exp,prithivMLmods/Magellanic-Opus-14B-Exp (Merge),prithivMLmods,1,False,2025-02,14.766,Qwen2ForCausalLM,fine-tunedondomain-specificdatasets,False,False,merge
prithivMLmods/Magellanic-Qwen-25B-R999,prithivMLmods/Magellanic-Qwen-25B-R999,prithivMLmods,0,True,,24.962,Qwen2ForCausalLM,fine-tunedondomain-specificdatasets,False,False,base_removed
prithivMLmods/Megatron-Corpus-14B-Exp,prithivMLmods/Megatron-Corpus-14B-Exp (Merge),prithivMLmods,1,False,2025-02,14.766,Qwen2ForCausalLM,fine-tunedondomain-specificdatasets,False,False,merge
prithivMLmods/Megatron-Corpus-14B-Exp.v2,prithivMLmods/Megatron-Corpus-14B-Exp.v2 (Merge),prithivMLmods,1,False,2025-02,14.766,Qwen2ForCausalLM,fine-tunedondomain-specificdatasets,False,False,merge
prithivMLmods/Megatron-Opus-14B-2.0,prithivMLmods/Megatron-Opus-14B-2.0 (Merge),prithivMLmods,1,False,2025-02,14.66,LlamaForCausalLM,fine-tunedondomain-specificdatasets,False,False,merge
prithivMLmods/Megatron-Opus-14B-2.1,prithivMLmods/Megatron-Opus-14B-2.1 (Merge),prithivMLmods,1,False,2025-02,14.66,LlamaForCausalLM,fine-tunedondomain-specificdatasets,False,False,merge
prithivMLmods/Megatron-Opus-14B-Exp,prithivMLmods/Megatron-Opus-14B-Exp (Merge),prithivMLmods,1,False,2025-02,14.766,Qwen2ForCausalLM,fine-tunedondomain-specificdatasets,False,False,merge
prithivMLmods/Megatron-Opus-14B-Stock,prithivMLmods/Megatron-Opus-14B-Stock (Merge),prithivMLmods,1,False,2025-02,14.766,Qwen2ForCausalLM,basemergesandmoerges,False,False,merge
prithivMLmods/Megatron-Opus-7B-Exp,prithivMLmods/Megatron-Opus-7B-Exp,prithivMLmods,0,False,2025-02,7.456,LlamaForCausalLM,fine-tunedondomain-specificdatasets,False,True,
prithivMLmods/Messier-Opus-14B-Elite7,prithivMLmods/Messier-Opus-14B-Elite7 (Merge),prithivMLmods,1,False,2025-02,14.766,Qwen2ForCausalLM,fine-tunedondomain-specificdatasets,False,False,merge
prithivMLmods/Omni-Reasoner-Merged,prithivMLmods/Omni-Reasoner-Merged (Merge),prithivMLmods,1,False,2025-01,7.616,Qwen2ForCausalLM,fine-tunedondomain-specificdatasets,False,False,merge
prithivMLmods/Omni-Reasoner3-Merged,prithivMLmods/Omni-Reasoner3-Merged (Merge),prithivMLmods,1,False,2025-01,3.213,LlamaForCausalLM,fine-tunedondomain-specificdatasets,False,False,merge
prithivMLmods/Pegasus-Opus-14B-Exp,prithivMLmods/Pegasus-Opus-14B-Exp (Merge),prithivMLmods,1,False,2025-02,14.766,Qwen2ForCausalLM,fine-tunedondomain-specificdatasets,False,False,merge
prithivMLmods/Phi-4-Empathetic,prithivMLmods/Phi-4-Empathetic (Merge),prithivMLmods,1,False,2025-01,14.66,LlamaForCausalLM,fine-tunedondomain-specificdatasets,False,False,merge
prithivMLmods/Phi-4-Math-IO,prithivMLmods/Phi-4-Math-IO (Merge),prithivMLmods,1,False,2025-01,14.66,LlamaForCausalLM,fine-tunedondomain-specificdatasets,False,False,merge
prithivMLmods/Phi-4-QwQ,prithivMLmods/Phi-4-QwQ (Merge),prithivMLmods,1,False,2025-01,14.66,LlamaForCausalLM,fine-tunedondomain-specificdatasets,False,False,merge
prithivMLmods/Phi-4-Super,prithivMLmods/Phi-4-Super (Merge),prithivMLmods,1,False,2025-01,14.66,LlamaForCausalLM,basemergesandmoerges,False,False,merge
prithivMLmods/Phi-4-Super-1,prithivMLmods/Phi-4-Super-1 (Merge),prithivMLmods,1,False,2025-01,14.66,LlamaForCausalLM,basemergesandmoerges,False,False,merge
prithivMLmods/Phi-4-Super-o1,prithivMLmods/Phi-4-Super-o1 (Merge),prithivMLmods,1,False,2025-01,14.66,LlamaForCausalLM,basemergesandmoerges,False,False,merge
prithivMLmods/Phi-4-o1,prithivMLmods/Phi-4-o1 (Merge),prithivMLmods,1,False,2025-01,14.66,LlamaForCausalLM,fine-tunedondomain-specificdatasets,False,False,merge
prithivMLmods/Phi4-Super,prithivMLmods/Phi4-Super (Merge),prithivMLmods,1,False,2025-01,14.66,LlamaForCausalLM,fine-tunedondomain-specificdatasets,False,False,merge
prithivMLmods/Porpoise-Opus-14B-Exp,prithivMLmods/Porpoise-Opus-14B-Exp (Merge),prithivMLmods,1,False,2025-02,14.766,Qwen2ForCausalLM,fine-tunedondomain-specificdatasets,False,False,merge
prithivMLmods/Primal-Opus-14B-Optimus-v1,prithivMLmods/Primal-Opus-14B-Optimus-v1 (Merge),prithivMLmods,1,False,2025-02,14.766,Qwen2ForCausalLM,fine-tunedondomain-specificdatasets,False,False,merge
prithivMLmods/Primal-Opus-14B-Optimus-v2,prithivMLmods/Primal-Opus-14B-Optimus-v2 (Merge),prithivMLmods,1,False,2025-02,14.766,Qwen2ForCausalLM,fine-tunedondomain-specificdatasets,False,False,merge
prithivMLmods/QwQ-LCoT-14B-Conversational,prithivMLmods/QwQ-LCoT-14B-Conversational (Merge),prithivMLmods,1,False,2025-01,14.77,Qwen2ForCausalLM,fine-tunedondomain-specificdatasets,False,False,merge
prithivMLmods/QwQ-LCoT-3B-Instruct,prithivMLmods/QwQ-LCoT-3B-Instruct (Merge),prithivMLmods,1,False,2024-12,3.086,Qwen2ForCausalLM,fine-tunedondomain-specificdatasets,False,False,merge
prithivMLmods/QwQ-LCoT-7B-Instruct,prithivMLmods/QwQ-LCoT-7B-Instruct (Merge),prithivMLmods,1,False,2024-12,7.616,Qwen2ForCausalLM,fine-tunedondomain-specificdatasets,False,False,merge
prithivMLmods/QwQ-LCoT1-Merged,prithivMLmods/QwQ-LCoT1-Merged (Merge),prithivMLmods,1,False,2025-01,7.616,Qwen2ForCausalLM,fine-tunedondomain-specificdatasets,False,False,merge
prithivMLmods/QwQ-LCoT2-7B-Instruct,prithivMLmods/QwQ-LCoT2-7B-Instruct (Merge),prithivMLmods,1,False,2025-01,7.616,Qwen2ForCausalLM,fine-tunedondomain-specificdatasets,False,False,merge
prithivMLmods/QwQ-MathOct-7B,prithivMLmods/QwQ-MathOct-7B (Merge),prithivMLmods,1,False,2025-01,7.616,Qwen2ForCausalLM,fine-tunedondomain-specificdatasets,False,False,merge
prithivMLmods/QwQ-R1-Distill-1.5B-CoT,prithivMLmods/QwQ-R1-Distill-1.5B-CoT (Merge),prithivMLmods,1,False,2025-01,1.777,Qwen2ForCausalLM,fine-tunedondomain-specificdatasets,False,False,merge
prithivMLmods/QwQ-R1-Distill-7B-CoT,prithivMLmods/QwQ-R1-Distill-7B-CoT (Merge),prithivMLmods,1,False,2025-01,7.616,Qwen2ForCausalLM,fine-tunedondomain-specificdatasets,False,False,merge
prithivMLmods/Qwen-7B-Distill-Reasoner,prithivMLmods/Qwen-7B-Distill-Reasoner (Merge),prithivMLmods,1,False,2025-01,7.616,Qwen2ForCausalLM,fine-tunedondomain-specificdatasets,False,False,merge
prithivMLmods/Qwen2.5-1.5B-DeepSeek-R1-Instruct,prithivMLmods/Qwen2.5-1.5B-DeepSeek-R1-Instruct (Merge),prithivMLmods,1,False,2025-01,1.777,Qwen2ForCausalLM,basemergesandmoerges,False,False,merge
prithivMLmods/Qwen2.5-14B-DeepSeek-R1-1M,prithivMLmods/Qwen2.5-14B-DeepSeek-R1-1M (Merge),prithivMLmods,1,False,2025-01,14.77,Qwen2ForCausalLM,basemergesandmoerges,False,False,merge
prithivMLmods/Qwen2.5-7B-DeepSeek-R1-1M,prithivMLmods/Qwen2.5-7B-DeepSeek-R1-1M (Merge),prithivMLmods,1,False,2025-01,7.616,Qwen2ForCausalLM,basemergesandmoerges,False,False,merge
prithivMLmods/SmolLM2-CoT-360M,prithivMLmods/SmolLM2-CoT-360M (Merge),prithivMLmods,1,False,2025-01,0.362,LlamaForCausalLM,fine-tunedondomain-specificdatasets,False,False,merge
prithivMLmods/Sombrero-Opus-14B-Elite5,prithivMLmods/Sombrero-Opus-14B-Elite5 (Merge),prithivMLmods,1,False,2025-02,14.766,Qwen2ForCausalLM,fine-tunedondomain-specificdatasets,False,False,merge
prithivMLmods/Sombrero-Opus-14B-Elite6,prithivMLmods/Sombrero-Opus-14B-Elite6 (Merge),prithivMLmods,1,False,2025-02,14.766,Qwen2ForCausalLM,fine-tunedondomain-specificdatasets,False,False,merge
prithivMLmods/Sombrero-Opus-14B-Sm1,prithivMLmods/Sombrero-Opus-14B-Sm1 (Merge),prithivMLmods,1,False,2025-03,14.77,Qwen2ForCausalLM,fine-tunedondomain-specificdatasets,False,False,merge
prithivMLmods/Sombrero-Opus-14B-Sm2,prithivMLmods/Sombrero-Opus-14B-Sm2 (Merge),prithivMLmods,1,False,2025-03,14.77,Qwen2ForCausalLM,fine-tunedondomain-specificdatasets,False,False,merge
prithivMLmods/Sombrero-Opus-14B-Sm4,prithivMLmods/Sombrero-Opus-14B-Sm4 (Merge),prithivMLmods,1,False,2025-03,14.77,Qwen2ForCausalLM,fine-tunedondomain-specificdatasets,False,False,merge
prithivMLmods/Sombrero-Opus-14B-Sm5,prithivMLmods/Sombrero-Opus-14B-Sm5 (Merge),prithivMLmods,1,False,2025-03,14.766,Qwen2ForCausalLM,fine-tunedondomain-specificdatasets,False,False,merge
prithivMLmods/Sqweeks-7B-Instruct,prithivMLmods/Sqweeks-7B-Instruct (Merge),prithivMLmods,1,False,2025-02,7.616,Qwen2ForCausalLM,fine-tunedondomain-specificdatasets,False,False,merge
prithivMLmods/Tadpole-Opus-14B-Exp,prithivMLmods/Tadpole-Opus-14B-Exp (Merge),prithivMLmods,1,False,2025-02,14.766,Qwen2ForCausalLM,fine-tunedondomain-specificdatasets,False,False,merge
prithivMLmods/Taurus-Opus-7B,prithivMLmods/Taurus-Opus-7B (Merge),prithivMLmods,1,False,2025-01,7.456,LlamaForCausalLM,fine-tunedondomain-specificdatasets,False,False,merge
prithivMLmods/Triangulum-10B,prithivMLmods/Triangulum-10B (Merge),prithivMLmods,1,False,2024-12,10.306,LlamaForCausalLM,fine-tunedondomain-specificdatasets,False,False,merge
prithivMLmods/Triangulum-5B,prithivMLmods/Triangulum-5B (Merge),prithivMLmods,1,False,2024-12,5.413,LlamaForCausalLM,fine-tunedondomain-specificdatasets,False,False,merge
prithivMLmods/Triangulum-v2-10B,prithivMLmods/Triangulum-v2-10B,prithivMLmods,0,False,2025-01,10.306,LlamaForCausalLM,fine-tunedondomain-specificdatasets,False,True,
prithivMLmods/Tucana-Opus-14B-r999,prithivMLmods/Tucana-Opus-14B-r999 (Merge),prithivMLmods,1,False,2025-02,14.77,Qwen2ForCausalLM,fine-tunedondomain-specificdatasets,False,False,merge
prithivMLmods/Tulu-MathLingo-8B,prithivMLmods/Tulu-MathLingo-8B (Merge),prithivMLmods,1,False,2024-12,8.03,LlamaForCausalLM,fine-tunedondomain-specificdatasets,False,False,merge
prithivMLmods/Viper-Coder-7B-Elite14,prithivMLmods/Viper-Coder-7B-Elite14,prithivMLmods,0,True,,7.616,Qwen2ForCausalLM,fine-tunedondomain-specificdatasets,False,False,base_removed
prithivMLmods/Viper-Coder-Hybrid-v1.2,prithivMLmods/Viper-Coder-Hybrid-v1.2 (Merge),prithivMLmods,1,False,2025-02,14.766,Qwen2ForCausalLM,fine-tunedondomain-specificdatasets,False,False,merge
prithivMLmods/Viper-Coder-Hybrid-v1.3,prithivMLmods/Viper-Coder-Hybrid-v1.3 (Merge),prithivMLmods,1,False,2025-02,14.766,Qwen2ForCausalLM,fine-tunedondomain-specificdatasets,False,False,merge
prithivMLmods/Viper-Coder-HybridMini-v1.3,prithivMLmods/Viper-Coder-HybridMini-v1.3 (Merge),prithivMLmods,1,False,2025-02,7.616,Qwen2ForCausalLM,fine-tunedondomain-specificdatasets,False,False,merge
prithivMLmods/Viper-Coder-v0.1,prithivMLmods/Viper-Coder-v0.1 (Merge),prithivMLmods,1,False,2025-02,14.766,Qwen2ForCausalLM,fine-tunedondomain-specificdatasets,False,False,merge
prithivMLmods/Viper-Coder-v1.1,prithivMLmods/Viper-Coder-v1.1 (Merge),prithivMLmods,1,False,2025-02,14.77,Qwen2ForCausalLM,fine-tunedondomain-specificdatasets,False,False,merge
prithivMLmods/Viper-Coder-v1.6-r999,prithivMLmods/Viper-Coder-v1.6-r999 (Merge),prithivMLmods,1,False,2025-03,14.77,Qwen2ForCausalLM,fine-tunedondomain-specificdatasets,False,False,merge
prithivMLmods/Viper-Coder-v1.7-Vsm6,prithivMLmods/Viper-Coder-v1.7-Vsm6 (Merge),prithivMLmods,1,False,2025-03,14.766,Qwen2ForCausalLM,fine-tunedondomain-specificdatasets,False,False,merge
prithivMLmods/Viper-OneCoder-UIGEN,prithivMLmods/Viper-OneCoder-UIGEN (Merge),prithivMLmods,1,False,2025-02,14.77,Qwen2ForCausalLM,fine-tunedondomain-specificdatasets,False,False,merge
prithivMLmods/Volans-Opus-14B-Exp,prithivMLmods/Volans-Opus-14B-Exp (Merge),prithivMLmods,1,False,2025-03,14.766,Qwen2ForCausalLM,fine-tunedondomain-specificdatasets,False,False,merge
prithivMLmods/WebMind-7B-v0.1,prithivMLmods/WebMind-7B-v0.1 (Merge),prithivMLmods,1,False,2025-02,7.616,Qwen2ForCausalLM,fine-tunedondomain-specificdatasets,False,False,merge
pszemraj/Llama-3-6.3b-v0.1,meta-llama/Meta-Llama-3-8B,meta-llama,1,True,2024-05,6.3,LlamaForCausalLM,continuouslypretrained,False,True,
pszemraj/Mistral-v0.3-6B,pszemraj/Mistral-7B-v0.3-prune6 (Merge),pszemraj,1,False,2024-05,5.939,MistralForCausalLM,continuouslypretrained,False,False,merge
qingy2019/LLaMa_3.2_3B_Catalysts,meta-llama/Llama-3.2-3B-Instruct,meta-llama,1,False,2024-10,3.0,LlamaForCausalLM,fine-tunedondomain-specificdatasets,False,True,
qingy2019/OpenMath2-Llama3.1-8B,qingy2019/OpenMath2-Llama3.1-8B,qingy2019,0,True,,8.0,LlamaForCausalLM,fine-tunedondomain-specificdatasets,False,False,base_removed
qingy2019/Oracle-14B,qingy2019/Oracle-14B,qingy2019,0,True,,13.668,MixtralForCausalLM,basemergesandmoerges,False,False,merge
qingy2019/Qwen2.5-Math-14B-Instruct,Qwen/Qwen2.5-14B,Qwen,1,True,2024-12,14.0,Qwen2ForCausalLM,fine-tunedondomain-specificdatasets,False,True,
qingy2019/Qwen2.5-Math-14B-Instruct-Alpha,Qwen/Qwen2.5-14B,Qwen,1,True,2024-12,14.0,Qwen2ForCausalLM,fine-tunedondomain-specificdatasets,False,True,
qingy2019/Qwen2.5-Math-14B-Instruct-Pro,qingy2019/Qwen2.5-Math-14B-Instruct-Pro (Merge),qingy2019,1,False,2024-12,14.766,Qwen2ForCausalLM,fine-tunedondomain-specificdatasets,False,False,merge
qingy2019/Qwen2.5-Ultimate-14B-Instruct,qingy2019/Qwen2.5-Ultimate-14B-Instruct (Merge),qingy2019,1,False,2024-12,14.766,Qwen2ForCausalLM,basemergesandmoerges,False,False,merge
qingy2024/Benchmaxx-Llama-3.2-1B-Instruct,qingy2024/Benchmaxx-Llama-3.2-1B-Instruct,qingy2024,0,False,2025-02,1.236,LlamaForCausalLM,fine-tunedondomain-specificdatasets,False,True,
qingy2024/Eyas-17B-Instruct,qingy2024/Eyas-17B-Instruct (Merge),qingy2024,1,False,2024-12,17.431,LlamaForCausalLM,chatmodels,False,False,merge
qingy2024/Falcon3-2x10B-MoE-Instruct,qingy2024/Falcon3-2x10B-MoE-Instruct (Merge),qingy2024,1,False,2024-12,18.799,MixtralForCausalLM,continuouslypretrained,True,False,merge
qingy2024/Fusion-14B-Instruct,qingy2024/Fusion-14B-Instruct (Merge),qingy2024,1,False,2024-12,14.0,Qwen2ForCausalLM,fine-tunedondomain-specificdatasets,False,False,merge
qingy2024/Fusion2-14B-Instruct,qingy2024/Fusion2-14B-Instruct (Merge),qingy2024,1,False,2024-12,14.766,Qwen2ForCausalLM,fine-tunedondomain-specificdatasets,False,False,merge
qingy2024/Fusion4-14B-Instruct,qingy2024/Fusion4-14B-Instruct (Merge),qingy2024,1,False,2024-12,14.77,Qwen2ForCausalLM,chatmodels,False,False,merge
qingy2024/OwO-14B-Instruct,Qwen/Qwen2.5-14B,Qwen,1,True,2024-12,14.77,Qwen2ForCausalLM,fine-tunedondomain-specificdatasets,False,True,
qingy2024/QwEnlarge-16B-Instruct,qingy2024/QwEnlarge-16B-Instruct (Merge),qingy2024,1,False,2025-03,15.871,Qwen2ForCausalLM,fine-tunedondomain-specificdatasets,False,False,merge
qingy2024/QwQ-14B-Math-v0.2,Qwen/Qwen2.5-14B,Qwen,1,True,2024-12,14.77,Qwen2ForCausalLM,fine-tunedondomain-specificdatasets,False,True,
qingy2024/Qwarkstar-4B,qingy2024/Qwarkstar-4B (Merge),qingy2024,1,False,2025-01,4.473,Qwen2ForCausalLM,continuouslypretrained,False,False,merge
qingy2024/Qwarkstar-4B-Instruct-Preview,qingy2024/Qwarkstar-4B-Instruct-Preview (Merge),qingy2024,1,False,2025-01,4.473,Qwen2ForCausalLM,chatmodels,False,False,merge
qingy2024/Qwen2.5-4B,qingy2024/Qwen2.5-4B (Merge),qingy2024,1,False,2025-01,4.168,Qwen2ForCausalLM,pretrained,False,False,merge
qingy2024/Qwen2.5-Coder-Draft-1.5B-Instruct,qingy2024/Qwen2.5-Coder-Draft-1.5B-Instruct (Merge),qingy2024,1,False,2025-01,1.544,Qwen2ForCausalLM,fine-tunedondomain-specificdatasets,False,False,merge
qingy2024/Qwen2.5-Math-14B-Instruct-Alpha,Qwen/Qwen2.5-14B,Qwen,1,True,2024-12,14.77,Qwen2ForCausalLM,fine-tunedondomain-specificdatasets,False,True,
qingy2024/Qwen2.5-Math-14B-Instruct-Preview,Qwen/Qwen2.5-14B,Qwen,1,True,2024-12,14.77,Qwen2ForCausalLM,fine-tunedondomain-specificdatasets,False,True,
qingy2024/Qwen2.6-14B-Instruct,qingy2024/Qwen2.6-14B-Instruct (Merge),qingy2024,1,False,2024-12,14.766,Qwen2ForCausalLM,basemergesandmoerges,False,False,merge
qingy2024/Qwen2.6-Math-14B-Instruct,Qwen/Qwen2.5-14B,Qwen,1,True,2024-12,14.0,Qwen2ForCausalLM,fine-tunedondomain-specificdatasets,False,True,
qq8933/OpenLongCoT-Base-Gemma2-2B,google/gemma-2-2b,google,1,True,2024-10,3.204,Gemma2ForCausalLM,chatmodels,False,True,
raphgg/test-2.5-72B,raphgg/test-2.5-72B,raphgg,0,False,2023-07,72.706,Qwen2ForCausalLM,fine-tunedondomain-specificdatasets,False,True,
rasyosef/Mistral-NeMo-Minitron-8B-Chat,nvidia/Mistral-NeMo-Minitron-8B-Base,nvidia,1,False,2024-08,8.414,MistralForCausalLM,chatmodels,False,True,
rasyosef/Phi-1_5-Instruct-v0.1,microsoft/phi-1_5,microsoft,1,True,2024-07,1.415,PhiForCausalLM,chatmodels,False,True,
rasyosef/phi-2-instruct-apo,microsoft/phi-2,microsoft,1,True,2024-09,2.775,PhiForCausalLM,chatmodels,False,True,
rasyosef/phi-2-instruct-v0.1,microsoft/phi-2,microsoft,1,True,2024-08,2.775,PhiForCausalLM,chatmodels,False,True,
realtreetune/rho-1b-sft-MATH,realtreetune/rho-1b-sft-MATH (Merge),realtreetune,1,False,2024-06,1.1,LlamaForCausalLM,fine-tunedondomain-specificdatasets,False,False,merge
recoilme/Gemma-2-Ataraxy-Gemmasutra-9B-slerp,recoilme/Gemma-2-Ataraxy-Gemmasutra-9B-slerp,recoilme,0,False,2024-09,10.159,Gemma2ForCausalLM,chatmodels,False,True,
recoilme/recoilme-gemma-2-9B-v0.1,recoilme/recoilme-gemma-2-9B-v0.1,recoilme,0,True,,10.159,Gemma2ForCausalLM,chatmodels,False,False,base_removed
recoilme/recoilme-gemma-2-9B-v0.2,recoilme/recoilme-gemma-2-9B-v0.2,recoilme,0,False,2024-09,10.159,Gemma2ForCausalLM,chatmodels,False,True,
recoilme/recoilme-gemma-2-9B-v0.3,recoilme/recoilme-gemma-2-9B-v0.3,recoilme,0,False,2024-09,10.159,Gemma2ForCausalLM,chatmodels,False,True,
recoilme/recoilme-gemma-2-9B-v0.4,recoilme/recoilme-gemma-2-9B-v0.4,recoilme,0,False,2024-09,10.159,Gemma2ForCausalLM,basemergesandmoerges,False,False,merge
recoilme/recoilme-gemma-2-9B-v0.5,recoilme/recoilme-gemma-2-9B-v0.5 (Merge),recoilme,1,False,2024-11,10.159,Gemma2ForCausalLM,chatmodels,False,False,merge
redrix/AngelSlayer-12B-Unslop-Mell-RPMax-DARKNESS,redrix/AngelSlayer-12B-Unslop-Mell-RPMax-DARKNESS (Merge),redrix,1,False,2024-12,12.248,MistralForCausalLM,basemergesandmoerges,False,False,merge
redrix/patricide-12B-Unslop-Mell,redrix/patricide-12B-Unslop-Mell (Merge),redrix,1,False,2024-12,12.248,MistralForCausalLM,basemergesandmoerges,False,False,merge
refuelai/Llama-3-Refueled,refuelai/Llama-3-Refueled,refuelai,0,False,2024-05,8.03,LlamaForCausalLM,chatmodels,False,True,
rhplus0831/maid-yuzu-v7,rhplus0831/maid-yuzu-v7 (Merge),rhplus0831,1,False,2024-02,46.703,MixtralForCausalLM,chatmodels,False,False,merge
rhymes-ai/Aria,rhymes-ai/Aria (Merge),rhymes-ai,1,False,2024-09,25.307,AriaForConditionalGeneration,multimodal,True,False,merge
rhysjones/phi-2-orange-v2,rhysjones/phi-2-orange-v2,rhysjones,0,False,2024-03,2.78,PhiForCausalLM,fine-tunedondomain-specificdatasets,False,True,
riaz/FineLlama-3.1-8B,meta-llama/Meta-Llama-3.1-8B,meta-llama,1,False,2024-10,8.03,LlamaForCausalLM,fine-tunedondomain-specificdatasets,False,True,
rmdhirr/Gluon-8B,rmdhirr/Gluon-8B (Merge),rmdhirr,1,False,2024-09,8.03,LlamaForCausalLM,basemergesandmoerges,False,False,merge
rombodawg/Rombos-Coder-V2.5-Qwen-14b,rombodawg/Rombos-Coder-V2.5-Qwen-14b (Merge),rombodawg,1,False,2024-11,14.77,Qwen2ForCausalLM,fine-tunedondomain-specificdatasets,False,False,merge
rombodawg/Rombos-Coder-V2.5-Qwen-7b,rombodawg/Rombos-Coder-V2.5-Qwen-7b (Merge),rombodawg,1,False,2024-10,7.616,Qwen2ForCausalLM,fine-tunedondomain-specificdatasets,False,False,merge
rombodawg/Rombos-LLM-V2.5-Qwen-0.5b,rombodawg/Rombos-LLM-V2.5-Qwen-0.5b (Merge),rombodawg,1,False,2024-10,0.63,Qwen2ForCausalLM,fine-tunedondomain-specificdatasets,False,False,merge
rombodawg/Rombos-LLM-V2.5-Qwen-1.5b,rombodawg/Rombos-LLM-V2.5-Qwen-1.5b (Merge),rombodawg,1,False,2024-10,1.777,Qwen2ForCausalLM,fine-tunedondomain-specificdatasets,False,False,merge
rombodawg/Rombos-LLM-V2.5-Qwen-14b,rombodawg/Rombos-LLM-V2.5-Qwen-14b (Merge),rombodawg,1,False,2024-10,14.77,Qwen2ForCausalLM,fine-tunedondomain-specificdatasets,False,False,merge
rombodawg/Rombos-LLM-V2.5-Qwen-32b,rombodawg/Rombos-LLM-V2.5-Qwen-32b (Merge),rombodawg,1,False,2024-09,32.764,Qwen2ForCausalLM,fine-tunedondomain-specificdatasets,False,False,merge
rombodawg/Rombos-LLM-V2.5-Qwen-3b,rombodawg/Rombos-LLM-V2.5-Qwen-3b (Merge),rombodawg,1,False,2024-10,3.397,Qwen2ForCausalLM,fine-tunedondomain-specificdatasets,False,False,merge
rombodawg/Rombos-LLM-V2.5-Qwen-72b,rombodawg/Rombos-LLM-V2.5-Qwen-72b (Merge),rombodawg,1,False,2024-09,72.706,Qwen2ForCausalLM,basemergesandmoerges,False,False,merge
rombodawg/Rombos-LLM-V2.5-Qwen-7b,rombodawg/Rombos-LLM-V2.5-Qwen-7b (Merge),rombodawg,1,False,2024-10,7.616,Qwen2ForCausalLM,fine-tunedondomain-specificdatasets,False,False,merge
rombodawg/Rombos-LLM-V2.5.1-Qwen-3b,rombodawg/Rombos-LLM-V2.5.1-Qwen-3b (Merge),rombodawg,1,False,2024-10,3.397,Qwen2ForCausalLM,basemergesandmoerges,False,False,merge
rombodawg/Rombos-LLM-V2.6-Nemotron-70b,rombodawg/Rombos-LLM-V2.6-Nemotron-70b,rombodawg,0,False,2024-10,70.554,LlamaForCausalLM,fine-tunedondomain-specificdatasets,False,True,
rombodawg/Rombos-LLM-V2.6-Qwen-14b,rombodawg/Rombos-LLM-V2.6-Qwen-14b (Merge),rombodawg,1,False,2024-10,14.77,Qwen2ForCausalLM,fine-tunedondomain-specificdatasets,False,False,merge
rombodawg/rombos_Replete-Coder-Instruct-8b-Merged,rombodawg/rombos_Replete-Coder-Instruct-8b-Merged,rombodawg,0,False,2024-10,8.03,LlamaForCausalLM,basemergesandmoerges,False,False,merge
rombodawg/rombos_Replete-Coder-Llama3-8B,rombodawg/rombos_Replete-Coder-Llama3-8B,rombodawg,0,False,2024-10,8.03,LlamaForCausalLM,fine-tunedondomain-specificdatasets,False,True,
rootxhacker/Apollo-70B,rootxhacker/Apollo-70B (Merge),rootxhacker,1,False,2025-03,70.554,LlamaForCausalLM,basemergesandmoerges,False,False,merge
rootxhacker/Apollo_v2-32B,rootxhacker/Apollo_v2-32B (Merge),rootxhacker,1,False,2025-03,32.764,Qwen2ForCausalLM,basemergesandmoerges,False,False,merge
rootxhacker/apollo-7B,rootxhacker/apollo-7B (Merge),rootxhacker,1,False,2025-03,7.616,Qwen2ForCausalLM,chatmodels,False,False,merge
rsh345/mistral-ft-optimized-1218-NeuralHermes-2.5-Mistral-7B,rsh345/mistral-ft-optimized-1218-NeuralHermes-2.5-Mistral-7B,rsh345,0,True,,7.242,MistralForCausalLM,basemergesandmoerges,False,False,merge
rubenroy/Geneva-12B-GCv2-5m,mistralai/Mistral-Nemo-Base-2407,mistralai,1,True,2025-02,12.248,MistralForCausalLM,fine-tunedondomain-specificdatasets,False,True,
rubenroy/Gilgamesh-72B,rubenroy/Gilgamesh-72B (Merge),rubenroy,1,False,2025-02,72.706,Qwen2ForCausalLM,fine-tunedondomain-specificdatasets,False,False,merge
rubenroy/Zurich-14B-GCv2-5m,Qwen/Qwen2.5-14B,Qwen,1,True,2025-01,14.77,Qwen2ForCausalLM,fine-tunedondomain-specificdatasets,False,True,
ruizhe1217/sft-s1-qwen-0.5b,Qwen/Qwen2.5-0.5B,Qwen,1,True,2025-02,0.494,Qwen2ForCausalLM,chatmodels,False,True,
rwitz/go-bruins-v2,rwitz/go-bruins-v2,rwitz,0,True,,7.242,MistralForCausalLM,chatmodels,False,False,base_removed
sabersaleh/Llama2-7B-CPO,sabersaleh/Llama2-7B-CPO (Merge),sabersaleh,1,False,2024-11,7.0,LlamaForCausalLM,fine-tunedondomain-specificdatasets,False,False,merge
sabersaleh/Llama2-7B-DPO,sabersaleh/Llama2-7B-DPO (Merge),sabersaleh,1,False,2024-11,7.0,LlamaForCausalLM,fine-tunedondomain-specificdatasets,False,False,merge
sabersaleh/Llama2-7B-IPO,sabersaleh/Llama2-7B-IPO (Merge),sabersaleh,1,False,2024-11,7.0,LlamaForCausalLM,fine-tunedondomain-specificdatasets,False,False,merge
sabersaleh/Llama2-7B-KTO,sabersaleh/Llama2-7B-KTO (Merge),sabersaleh,1,False,2024-11,7.0,LlamaForCausalLM,fine-tunedondomain-specificdatasets,False,False,merge
sabersaleh/Llama2-7B-SPO,sabersaleh/Llama2-7B-SPO (Merge),sabersaleh,1,False,2024-11,7.0,LlamaForCausalLM,fine-tunedondomain-specificdatasets,False,False,merge
sabersaleh/Llama2-7B-SimPO,sabersaleh/Llama2-7B-SimPO (Merge),sabersaleh,1,False,2024-11,7.0,LlamaForCausalLM,fine-tunedondomain-specificdatasets,False,False,merge
sabersaleh/Llama3,sabersaleh/Llama3 (Merge),sabersaleh,1,False,2024-11,8.03,LlamaForCausalLM,fine-tunedondomain-specificdatasets,False,False,merge
sabersalehk/Llama3-001-300,sabersalehk/Llama3-001-300 (Merge),sabersalehk,1,False,2024-12,8.03,LlamaForCausalLM,fine-tunedondomain-specificdatasets,False,False,merge
sabersalehk/Llama3-SimPO,sabersalehk/Llama3-SimPO (Merge),sabersalehk,1,False,2024-12,8.03,LlamaForCausalLM,fine-tunedondomain-specificdatasets,False,False,merge
sabersalehk/Llama3_001_200,sabersalehk/Llama3_001_200 (Merge),sabersalehk,1,False,2024-12,8.03,LlamaForCausalLM,fine-tunedondomain-specificdatasets,False,False,merge
sabersalehk/Llama3_01_300,sabersalehk/Llama3_01_300 (Merge),sabersalehk,1,False,2024-12,8.03,LlamaForCausalLM,fine-tunedondomain-specificdatasets,False,False,merge
saishf/Fimbulvetr-Kuro-Lotus-10.7B,saishf/Fimbulvetr-Kuro-Lotus-10.7B (Merge),saishf,1,False,2024-02,10.732,MistralForCausalLM,basemergesandmoerges,False,False,merge
saishf/Neural-SOVLish-Devil-8B-L3,saishf/Neural-SOVLish-Devil-8B-L3 (Merge),saishf,1,False,2024-05,8.03,LlamaForCausalLM,basemergesandmoerges,False,False,merge
saishshinde15/TethysAI_Base_Reasoning,saishshinde15/TethysAI_Base_Reasoning (Merge),saishshinde15,1,False,2025-02,3.086,Qwen2ForCausalLM,fine-tunedondomain-specificdatasets,False,False,merge
saishshinde15/TethysAI_Vortex,saishshinde15/TethysAI_Vortex,saishshinde15,0,True,,3.086,Qwen2ForCausalLM,fine-tunedondomain-specificdatasets,False,False,base_removed
saishshinde15/TethysAI_Vortex_Reasoning,saishshinde15/TethysAI_Vortex_Reasoning (Merge),saishshinde15,1,False,2025-02,3.086,Qwen2ForCausalLM,fine-tunedondomain-specificdatasets,False,False,merge
sakaltcommunity/novablast-preview,sakaltcommunity/novablast-preview (Merge),sakaltcommunity,1,False,2024-12,32.764,Qwen2ForCausalLM,basemergesandmoerges,False,False,merge
sakaltcommunity/sakaltum-7b,sakaltcommunity/sakaltum-7b (Merge),sakaltcommunity,1,False,2024-12,7.242,MistralForCausalLM,basemergesandmoerges,False,False,merge
sakhan10/quantized_open_llama_3b_v2,openlm-research/open_llama_3b_v2,openlm-research,1,False,2024-08,3.0,LlamaForCausalLM,fine-tunedondomain-specificdatasets,False,True,
saltlux/luxia-21.4b-alignment-v1.0,saltlux/luxia-21.4b-alignment-v1.0,saltlux,0,False,2024-03,21.421,LlamaForCausalLM,chatmodels,False,True,
saltlux/luxia-21.4b-alignment-v1.2,saltlux/luxia-21.4b-alignment-v1.2,saltlux,0,False,2024-05,21.421,LlamaForCausalLM,chatmodels,False,True,
sam-paech/Darkest-muse-v1,sam-paech/Darkest-muse-v1 (Merge),sam-paech,1,False,2024-10,10.159,Gemma2ForCausalLM,basemergesandmoerges,False,False,merge
sam-paech/Delirium-v1,unsloth/gemma-2-9b-it,unsloth,1,False,2024-10,9.242,Gemma2ForCausalLM,fine-tunedondomain-specificdatasets,False,True,
sam-paech/Quill-v1,sam-paech/Quill-v1 (Merge),sam-paech,1,False,2024-10,9.242,Gemma2ForCausalLM,fine-tunedondomain-specificdatasets,False,False,merge
sarvamai/OpenHathi-7B-Hi-v0.1-Base,sarvamai/OpenHathi-7B-Hi-v0.1-Base,sarvamai,0,False,2023-12,6.87,LlamaForCausalLM,fine-tunedondomain-specificdatasets,False,True,
schnapss/testmerge-7b,schnapss/testmerge-7b (Merge),schnapss,1,False,2024-11,7.242,MistralForCausalLM,basemergesandmoerges,False,False,merge
sci-m-wang/Mistral-7B-Instruct-sa-v0.1,mistralai/Mistral-7B-v0.1,mistralai,1,True,2024-05,14.483,?,chatmodels,False,True,
sci-m-wang/Phi-3-mini-4k-instruct-sa-v0.1,microsoft/Phi-3-mini-4k-instruct,microsoft,1,False,2024-06,7.642,?,chatmodels,False,True,
sci-m-wang/deepseek-llm-7b-chat-sa-v0.1,deepseek-ai/deepseek-llm-7b-chat,deepseek-ai,1,False,2024-05,7.0,?,chatmodels,False,True,
securin/Securin-LLM-V2.5-Qwen-1.5B,securin/Securin-LLM-V2.5-Qwen-1.5B (Merge),securin,1,False,2024-12,1.543,Qwen2ForCausalLM,fine-tunedondomain-specificdatasets,False,False,merge
senseable/WestLake-7B-v2,senseable/WestLake-7B-v2,senseable,0,False,2024-01,7.242,MistralForCausalLM,fine-tunedondomain-specificdatasets,False,True,
sequelbox/Llama3.1-70B-PlumChat,sequelbox/Llama3.1-70B-PlumChat (Merge),sequelbox,1,False,2024-11,70.554,LlamaForCausalLM,basemergesandmoerges,False,False,merge
sequelbox/Llama3.1-8B-MOTH,meta-llama/Meta-Llama-3.1-8B,meta-llama,1,False,2024-09,8.03,LlamaForCausalLM,fine-tunedondomain-specificdatasets,False,True,
sequelbox/Llama3.1-8B-PlumChat,sequelbox/Llama3.1-8B-PlumChat (Merge),sequelbox,1,False,2024-10,8.03,LlamaForCausalLM,fine-tunedondomain-specificdatasets,False,False,merge
sequelbox/Llama3.1-8B-PlumCode,sequelbox/Llama3.1-8B-PlumCode (Merge),sequelbox,1,False,2024-10,8.03,LlamaForCausalLM,fine-tunedondomain-specificdatasets,False,False,merge
sequelbox/Llama3.1-8B-PlumMath,sequelbox/Llama3.1-8B-PlumMath (Merge),sequelbox,1,False,2024-10,8.03,LlamaForCausalLM,fine-tunedondomain-specificdatasets,False,False,merge
sequelbox/gemma-2-9B-MOTH,google/gemma-2-9b,google,1,True,2024-09,9.242,Gemma2ForCausalLM,fine-tunedondomain-specificdatasets,False,True,
sethuiyer/Llama-3.1-8B-Experimental-1206-Instruct,sethuiyer/Llama-3.1-8B-Experimental-1206-Instruct (Merge),sethuiyer,1,False,2025-01,8.03,LlamaForCausalLM,fine-tunedondomain-specificdatasets,False,False,merge
sethuiyer/Llama-3.1-8B-Experimental-1208-Instruct,sethuiyer/Llama-3.1-8B-Experimental-1208-Instruct,sethuiyer,0,True,,8.03,LlamaForCausalLM,fine-tunedondomain-specificdatasets,False,False,base_removed
sethuiyer/LlamaZero-3.1-8B-Experimental-1208,sethuiyer/LlamaZero-3.1-8B-Experimental-1208 (Merge),sethuiyer,1,False,2025-01,8.03,LlamaForCausalLM,basemergesandmoerges,False,False,merge
sethuiyer/Llamaverse-3.1-8B-Instruct,sethuiyer/Llamaverse-3.1-8B-Instruct (Merge),sethuiyer,1,False,2025-01,8.03,LlamaForCausalLM,basemergesandmoerges,False,False,merge
sethuiyer/Llamazing-3.1-8B-Instruct,sethuiyer/Llamazing-3.1-8B-Instruct,sethuiyer,0,True,,8.03,LlamaForCausalLM,fine-tunedondomain-specificdatasets,False,False,base_removed
sethuiyer/Qwen2.5-7B-Anvita,sethuiyer/Qwen2.5-7B-Anvita (Merge),sethuiyer,1,False,2024-10,7.616,Qwen2ForCausalLM,basemergesandmoerges,False,False,merge
shadowml/BeagSake-7B,shadowml/BeagSake-7B (Merge),shadowml,1,False,2024-01,7.242,MistralForCausalLM,basemergesandmoerges,False,False,merge
shadowml/Mixolar-4x7b,shadowml/Mixolar-4x7b,shadowml,0,False,2023-12,36.099,MixtralForCausalLM,basemergesandmoerges,True,False,merge
shastraai/Shastra-LLAMA2-Math-Commonsense-SFT,shastraai/Shastra-LLAMA2-Math-Commonsense-SFT,shastraai,0,True,,6.738,LlamaForCausalLM,basemergesandmoerges,False,False,merge
shivam9980/NEPALI-LLM,google/gemma-2-9b,google,1,True,2024-09,10.273,Gemma2ForCausalLM,continuouslypretrained,False,True,
shivam9980/mistral-7b-news-cnn-merged,mistralai/mistral-7b-instruct-v0.2,mistralai,1,False,2024-03,7.723,?,chatmodels,False,True,
shivank21/mistral_dpo_self,shivank21/mistral_dpo_self,shivank21,0,False,2025-02,7.913,,fine-tunedondomain-specificdatasets,False,True,
shuttleai/shuttle-3,Qwen/Qwen2.5-72B,Qwen,1,True,2024-10,72.706,Qwen2ForCausalLM,fine-tunedondomain-specificdatasets,False,True,
shyamieee/Padma-v7.0,shyamieee/Padma-v7.0 (Merge),shyamieee,1,False,2024-06,7.242,MistralForCausalLM,basemergesandmoerges,False,False,merge
silma-ai/SILMA-9B-Instruct-v1.0,silma-ai/SILMA-9B-Instruct-v1.0,silma-ai,0,False,2024-08,9.242,Gemma2ForCausalLM,fine-tunedondomain-specificdatasets,False,True,
silma-ai/SILMA-Kashif-2B-Instruct-v1.0,silma-ai/SILMA-Kashif-2B-Instruct-v1.0,silma-ai,0,False,2025-01,2.614,Gemma2ForCausalLM,fine-tunedondomain-specificdatasets,False,True,
siqi00/Mistral-7B-DFT,mistralai/Mistral-7B-v0.1,mistralai,1,True,2025-02,7.242,MistralForCausalLM,fine-tunedondomain-specificdatasets,False,True,
siqi00/Mistral-7B-DFT2,mistralai/Mistral-7B-v0.1,mistralai,1,True,2025-02,7.242,MistralForCausalLM,fine-tunedondomain-specificdatasets,False,True,
skumar9/Llama-medx_v2,skumar9/Llama-medx_v2,skumar9,0,False,2024-04,8.03,LlamaForCausalLM,fine-tunedondomain-specificdatasets,False,True,
skymizer/Llama2-7b-sft-chat-custom-template-dpo,skymizer/Llama2-7b-sft-chat-custom-template-dpo,skymizer,0,True,2024-06,6.738,LlamaForCausalLM,fine-tunedondomain-specificdatasets,False,False,base_removed
someon98/qwen-CoMa-0.5b,someon98/qwen-CoMa-0.5b (Merge),someon98,1,False,2024-12,0.63,Qwen2ForCausalLM,fine-tunedondomain-specificdatasets,False,False,merge
sometimesanotion/ChocoTrio-14B-v1,sometimesanotion/ChocoTrio-14B-v1,sometimesanotion,0,True,,14.766,Qwen2ForCausalLM,basemergesandmoerges,False,False,merge
sometimesanotion/IF-reasoning-experiment-40,sometimesanotion/IF-reasoning-experiment-40,sometimesanotion,0,True,,14.0,Qwen2ForCausalLM,basemergesandmoerges,False,False,merge
sometimesanotion/IF-reasoning-experiment-80,sometimesanotion/IF-reasoning-experiment-80,sometimesanotion,0,True,,7.383,Qwen2ForCausalLM,basemergesandmoerges,False,False,merge
sometimesanotion/KytheraMix-7B-v0.2,sometimesanotion/KytheraMix-7B-v0.2,sometimesanotion,0,True,,7.613,Qwen2ForCausalLM,basemergesandmoerges,False,False,merge
sometimesanotion/Lamarck-14B-v0.1-experimental,sometimesanotion/Lamarck-14B-v0.1-experimental,sometimesanotion,0,True,,14.766,Qwen2ForCausalLM,basemergesandmoerges,False,False,merge
sometimesanotion/Lamarck-14B-v0.3,sometimesanotion/Lamarck-14B-v0.3 (Merge),sometimesanotion,1,False,2024-12,14.766,Qwen2ForCausalLM,basemergesandmoerges,False,False,merge
sometimesanotion/Lamarck-14B-v0.4-Qwenvergence,sometimesanotion/Lamarck-14B-v0.4-Qwenvergence,sometimesanotion,0,True,,14.766,Qwen2ForCausalLM,basemergesandmoerges,False,False,merge
sometimesanotion/Lamarck-14B-v0.6,sometimesanotion/Lamarck-14B-v0.6 (Merge),sometimesanotion,1,False,2025-01,14.766,Qwen2ForCausalLM,basemergesandmoerges,False,False,merge
sometimesanotion/Lamarck-14B-v0.6-002-model_stock,sometimesanotion/Lamarck-14B-v0.6-002-model_stock,sometimesanotion,0,True,,14.0,Qwen2ForCausalLM,basemergesandmoerges,False,False,merge
sometimesanotion/Lamarck-14B-v0.6-model_stock,sometimesanotion/Lamarck-14B-v0.6-model_stock,sometimesanotion,0,True,,14.0,Qwen2ForCausalLM,basemergesandmoerges,False,False,merge
sometimesanotion/Lamarck-14B-v0.7-Fusion,sometimesanotion/Lamarck-14B-v0.7-Fusion (Merge),sometimesanotion,1,False,2025-02,14.766,Qwen2ForCausalLM,basemergesandmoerges,False,False,merge
sometimesanotion/Lamarck-14B-v0.7-rc1,sometimesanotion/Lamarck-14B-v0.7-rc1,sometimesanotion,0,True,,14.766,Qwen2ForCausalLM,basemergesandmoerges,False,False,merge
sometimesanotion/Lamarck-14B-v0.7-rc4,sometimesanotion/Lamarck-14B-v0.7-rc4 (Merge),sometimesanotion,1,False,2025-01,14.766,Qwen2ForCausalLM,basemergesandmoerges,False,False,merge
sometimesanotion/LamarckInfusion-14B-v1,sometimesanotion/LamarckInfusion-14B-v1,sometimesanotion,0,True,,14.766,Qwen2ForCausalLM,basemergesandmoerges,False,False,merge
sometimesanotion/LamarckInfusion-14B-v2,sometimesanotion/LamarckInfusion-14B-v2,sometimesanotion,0,True,,14.766,Qwen2ForCausalLM,basemergesandmoerges,False,False,merge
sometimesanotion/LamarckInfusion-14B-v2-hi,sometimesanotion/LamarckInfusion-14B-v2-hi,sometimesanotion,0,True,,14.766,Qwen2ForCausalLM,basemergesandmoerges,False,False,merge
sometimesanotion/LamarckInfusion-14B-v2-lo,sometimesanotion/LamarckInfusion-14B-v2-lo,sometimesanotion,0,True,,14.766,Qwen2ForCausalLM,basemergesandmoerges,False,False,merge
sometimesanotion/LamarckInfusion-14B-v3,sometimesanotion/LamarckInfusion-14B-v3,sometimesanotion,0,True,,14.766,Qwen2ForCausalLM,basemergesandmoerges,False,False,merge
sometimesanotion/Qwen-14B-ProseStock-v4,sometimesanotion/Qwen-14B-ProseStock-v4,sometimesanotion,0,True,,14.0,Qwen2ForCausalLM,basemergesandmoerges,False,False,merge
sometimesanotion/Qwen-2.5-14B-Virmarckeoso,sometimesanotion/Qwen-2.5-14B-Virmarckeoso,sometimesanotion,0,True,,14.766,Qwen2ForCausalLM,basemergesandmoerges,False,False,merge
sometimesanotion/Qwen2.5-14B-Vimarckoso,sometimesanotion/Qwen2.5-14B-Vimarckoso,sometimesanotion,0,True,,14.766,Qwen2ForCausalLM,basemergesandmoerges,False,False,merge
sometimesanotion/Qwen2.5-14B-Vimarckoso-v2,sometimesanotion/Qwen2.5-14B-Vimarckoso-v2,sometimesanotion,0,True,,14.0,Qwen2ForCausalLM,basemergesandmoerges,False,False,merge
sometimesanotion/Qwen2.5-14B-Vimarckoso-v3,sometimesanotion/Qwen2.5-14B-Vimarckoso-v3 (Merge),sometimesanotion,1,False,2024-12,14.0,Qwen2ForCausalLM,basemergesandmoerges,False,False,merge
sometimesanotion/Qwen2.5-14B-Vimarckoso-v3-IF-Variant,sometimesanotion/Qwen2.5-14B-Vimarckoso-v3-IF-Variant,sometimesanotion,0,True,,14.0,Qwen2ForCausalLM,basemergesandmoerges,False,False,merge
sometimesanotion/Qwen2.5-14B-Vimarckoso-v3-Prose01,sometimesanotion/Qwen2.5-14B-Vimarckoso-v3-Prose01,sometimesanotion,0,True,,14.0,Qwen2ForCausalLM,basemergesandmoerges,False,False,merge
sometimesanotion/Qwen2.5-14B-Vimarckoso-v3-model_stock,sometimesanotion/Qwen2.5-14B-Vimarckoso-v3-model_stock,sometimesanotion,0,True,,14.0,Qwen2ForCausalLM,basemergesandmoerges,False,False,merge
sometimesanotion/Qwen2.5-7B-Gordion-v0.1,sometimesanotion/Qwen2.5-7B-Gordion-v0.1,sometimesanotion,0,True,,7.613,Qwen2ForCausalLM,basemergesandmoerges,False,False,merge
sometimesanotion/Qwen2.5-7B-Gordion-v0.1-Prose,sometimesanotion/Qwen2.5-7B-Gordion-v0.1-Prose,sometimesanotion,0,True,,7.613,Qwen2ForCausalLM,basemergesandmoerges,False,False,merge
sometimesanotion/Qwen2.5-7B-Gordion-v0.1-Reason,sometimesanotion/Qwen2.5-7B-Gordion-v0.1-Reason,sometimesanotion,0,True,,7.613,Qwen2ForCausalLM,basemergesandmoerges,False,False,merge
sometimesanotion/Qwentessential-14B-v1,sometimesanotion/Qwentessential-14B-v1,sometimesanotion,0,True,,14.766,Qwen2ForCausalLM,basemergesandmoerges,False,False,merge
sometimesanotion/Qwentinuum-14B-v013,sometimesanotion/Qwentinuum-14B-v013,sometimesanotion,0,True,,14.0,Qwen2ForCausalLM,basemergesandmoerges,False,False,merge
sometimesanotion/Qwentinuum-14B-v1,sometimesanotion/Qwentinuum-14B-v1,sometimesanotion,0,True,,14.0,Qwen2ForCausalLM,basemergesandmoerges,False,False,merge
sometimesanotion/Qwentinuum-14B-v2,sometimesanotion/Qwentinuum-14B-v2,sometimesanotion,0,True,,14.0,Qwen2ForCausalLM,basemergesandmoerges,False,False,merge
sometimesanotion/Qwentinuum-14B-v3,sometimesanotion/Qwentinuum-14B-v3,sometimesanotion,0,True,,14.0,Qwen2ForCausalLM,basemergesandmoerges,False,False,merge
sometimesanotion/Qwentinuum-14B-v5,sometimesanotion/Qwentinuum-14B-v5,sometimesanotion,0,True,,14.0,Qwen2ForCausalLM,basemergesandmoerges,False,False,merge
sometimesanotion/Qwentinuum-14B-v6,sometimesanotion/Qwentinuum-14B-v6,sometimesanotion,0,True,,14.0,Qwen2ForCausalLM,basemergesandmoerges,False,False,merge
sometimesanotion/Qwentinuum-14B-v6-Prose,sometimesanotion/Qwentinuum-14B-v6-Prose,sometimesanotion,0,True,,14.0,Qwen2ForCausalLM,basemergesandmoerges,False,False,merge
sometimesanotion/Qwentinuum-14B-v7,sometimesanotion/Qwentinuum-14B-v7,sometimesanotion,0,True,,14.0,Qwen2ForCausalLM,basemergesandmoerges,False,False,merge
sometimesanotion/Qwentinuum-14B-v8,sometimesanotion/Qwentinuum-14B-v8,sometimesanotion,0,True,,14.0,Qwen2ForCausalLM,basemergesandmoerges,False,False,merge
sometimesanotion/Qwentinuum-14B-v9,sometimesanotion/Qwentinuum-14B-v9,sometimesanotion,0,True,,14.0,Qwen2ForCausalLM,basemergesandmoerges,False,False,merge
sometimesanotion/Qwenvergence-14B-qv256,sometimesanotion/Qwenvergence-14B-qv256,sometimesanotion,0,True,,14.0,Qwen2ForCausalLM,basemergesandmoerges,False,False,merge
sometimesanotion/Qwenvergence-14B-v0.6-004-model_stock,sometimesanotion/Qwenvergence-14B-v0.6-004-model_stock,sometimesanotion,0,True,,14.0,Qwen2ForCausalLM,basemergesandmoerges,False,False,merge
sometimesanotion/Qwenvergence-14B-v10,sometimesanotion/Qwenvergence-14B-v10,sometimesanotion,0,True,,14.766,Qwen2ForCausalLM,basemergesandmoerges,False,False,merge
sometimesanotion/Qwenvergence-14B-v11,sometimesanotion/Qwenvergence-14B-v11 (Merge),sometimesanotion,1,False,2025-01,14.766,Qwen2ForCausalLM,basemergesandmoerges,False,False,merge
sometimesanotion/Qwenvergence-14B-v12-Prose,sometimesanotion/Qwenvergence-14B-v12-Prose (Merge),sometimesanotion,1,False,2025-01,14.766,Qwen2ForCausalLM,basemergesandmoerges,False,False,merge
sometimesanotion/Qwenvergence-14B-v12-Prose-DS,sometimesanotion/Qwenvergence-14B-v12-Prose-DS (Merge),sometimesanotion,1,False,2025-01,14.766,Qwen2ForCausalLM,basemergesandmoerges,False,False,merge
sometimesanotion/Qwenvergence-14B-v13-Prose-DS,sometimesanotion/Qwenvergence-14B-v13-Prose-DS (Merge),sometimesanotion,1,False,2025-02,14.766,Qwen2ForCausalLM,basemergesandmoerges,False,False,merge
sometimesanotion/Qwenvergence-14B-v15-Prose-MS,sometimesanotion/Qwenvergence-14B-v15-Prose-MS,sometimesanotion,0,True,,14.766,Qwen2ForCausalLM,basemergesandmoerges,False,False,merge
sometimesanotion/Qwenvergence-14B-v2-Prose,sometimesanotion/Qwenvergence-14B-v2-Prose,sometimesanotion,0,True,,14.0,Qwen2ForCausalLM,basemergesandmoerges,False,False,merge
sometimesanotion/Qwenvergence-14B-v3,sometimesanotion/Qwenvergence-14B-v3,sometimesanotion,0,True,,14.0,Qwen2ForCausalLM,basemergesandmoerges,False,False,merge
sometimesanotion/Qwenvergence-14B-v3-Prose,sometimesanotion/Qwenvergence-14B-v3-Prose (Merge),sometimesanotion,1,False,2024-12,14.766,Qwen2ForCausalLM,basemergesandmoerges,False,False,merge
sometimesanotion/Qwenvergence-14B-v3-Reason,sometimesanotion/Qwenvergence-14B-v3-Reason,sometimesanotion,0,True,,14.0,Qwen2ForCausalLM,fine-tunedondomain-specificdatasets,False,False,base_removed
sometimesanotion/Qwenvergence-14B-v6-Prose,sometimesanotion/Qwenvergence-14B-v6-Prose (Merge),sometimesanotion,1,False,2024-12,14.0,Qwen2ForCausalLM,basemergesandmoerges,False,False,merge
sometimesanotion/Qwenvergence-14B-v6-Prose-model_stock,sometimesanotion/Qwenvergence-14B-v6-Prose-model_stock,sometimesanotion,0,True,,14.0,Qwen2ForCausalLM,basemergesandmoerges,False,False,merge
sometimesanotion/Qwenvergence-14B-v8,sometimesanotion/Qwenvergence-14B-v8,sometimesanotion,0,True,,14.766,Qwen2ForCausalLM,basemergesandmoerges,False,False,merge
sometimesanotion/Qwenvergence-14B-v9,sometimesanotion/Qwenvergence-14B-v9,sometimesanotion,0,True,,14.766,Qwen2ForCausalLM,basemergesandmoerges,False,False,merge
sometimesanotion/lamarck-14b-prose-model_stock,sometimesanotion/lamarck-14b-prose-model_stock,sometimesanotion,0,True,,14.766,Qwen2ForCausalLM,basemergesandmoerges,False,False,merge
sometimesanotion/lamarck-14b-reason-model_stock,sometimesanotion/lamarck-14b-reason-model_stock,sometimesanotion,0,True,,14.766,Qwen2ForCausalLM,basemergesandmoerges,False,False,merge
sonthenguyen/ft-unsloth-zephyr-sft-bnb-4bit-20241014-161415,unsloth/zephyr-sft-bnb-4bit,unsloth,1,False,2024-10,7.723,?,chatmodels,False,True,
sonthenguyen/ft-unsloth-zephyr-sft-bnb-4bit-20241014-164205,unsloth/zephyr-sft-bnb-4bit,unsloth,1,False,2024-10,7.723,?,chatmodels,False,True,
sonthenguyen/ft-unsloth-zephyr-sft-bnb-4bit-20241014-170522,unsloth/zephyr-sft-bnb-4bit,unsloth,1,False,2024-10,7.723,?,chatmodels,False,True,
sonthenguyen/zephyr-sft-bnb-4bit-DPO-mtbc-213steps,sonthenguyen/zephyr-sft-bnb-4bit-DPO-mtbc-213steps,sonthenguyen,0,False,2024-10,7.242,MistralForCausalLM,chatmodels,False,True,
sonthenguyen/zephyr-sft-bnb-4bit-DPO-mtbo-180steps,sonthenguyen/zephyr-sft-bnb-4bit-DPO-mtbo-180steps,sonthenguyen,0,False,2024-10,7.242,MistralForCausalLM,chatmodels,False,True,
sonthenguyen/zephyr-sft-bnb-4bit-DPO-mtbr-180steps,sonthenguyen/zephyr-sft-bnb-4bit-DPO-mtbr-180steps,sonthenguyen,0,False,2024-10,7.242,MistralForCausalLM,chatmodels,False,True,
sophosympatheia/Midnight-Miqu-70B-v1.5,sophosympatheia/Midnight-Miqu-70B-v1.5 (Merge),sophosympatheia,1,False,2024-03,68.977,LlamaForCausalLM,basemergesandmoerges,False,False,merge
speakleash/Bielik-11B-v2,speakleash/Bielik-11B-v2,speakleash,0,True,2024-08,11.169,MistralForCausalLM,continuouslypretrained,False,True,
speakleash/Bielik-11B-v2.0-Instruct,speakleash/Bielik-11B-v2,speakleash,1,True,2024-08,11.169,MistralForCausalLM,chatmodels,False,True,
speakleash/Bielik-11B-v2.1-Instruct,speakleash/Bielik-11B-v2,speakleash,1,True,2024-08,11.169,MistralForCausalLM,chatmodels,False,True,
speakleash/Bielik-11B-v2.2-Instruct,speakleash/Bielik-11B-v2,speakleash,1,True,2024-08,11.169,MistralForCausalLM,chatmodels,False,True,
speakleash/Bielik-11B-v2.3-Instruct,speakleash/Bielik-11B-v2.3-Instruct (Merge),speakleash,1,False,2024-08,11.169,MistralForCausalLM,chatmodels,False,False,merge
spmurrayzzz/Mistral-Syndicate-7B,mistralai/Mistral-7B-v0.1,mistralai,1,True,2023-12,7.242,MistralForCausalLM,fine-tunedondomain-specificdatasets,False,True,
spow12/ChatWaifu_12B_v2.0,spow12/ChatWaifu_12B_v2.0 (Merge),spow12,1,False,2024-10,12.248,MistralForCausalLM,fine-tunedondomain-specificdatasets,False,False,merge
spow12/ChatWaifu_22B_v2.0_preview,spow12/ChatWaifu_22B_v2.0_preview (Merge),spow12,1,False,2024-09,22.247,MistralForCausalLM,fine-tunedondomain-specificdatasets,False,False,merge
spow12/ChatWaifu_v1.4,spow12/ChatWaifu_v1.4 (Merge),spow12,1,False,2024-09,12.248,MistralForCausalLM,fine-tunedondomain-specificdatasets,False,False,merge
spow12/ChatWaifu_v2.0_22B,spow12/ChatWaifu_v2.0_22B (Merge),spow12,1,False,2024-10,22.247,MistralForCausalLM,fine-tunedondomain-specificdatasets,False,False,merge
ssmits/Qwen2.5-95B-Instruct,ssmits/Qwen2.5-95B-Instruct (Merge),ssmits,1,False,2024-09,94.648,Qwen2ForCausalLM,chatmodels,False,False,merge
stabilityai/StableBeluga2,stabilityai/StableBeluga2,stabilityai,0,False,2023-07,68.977,LlamaForCausalLM,fine-tunedondomain-specificdatasets,False,True,
stabilityai/stablelm-2-12b,stabilityai/stablelm-2-12b,stabilityai,0,True,2024-03,12.143,StableLmForCausalLM,pretrained,False,True,
stabilityai/stablelm-2-12b-chat,stabilityai/stablelm-2-12b-chat,stabilityai,0,False,2024-04,12.143,StableLmForCausalLM,chatmodels,False,True,
stabilityai/stablelm-2-1_6b,stabilityai/stablelm-2-1_6b,stabilityai,0,True,2024-01,1.645,StableLmForCausalLM,pretrained,False,True,
stabilityai/stablelm-2-1_6b-chat,stabilityai/stablelm-2-1_6b-chat,stabilityai,0,False,2024-04,1.645,StableLmForCausalLM,chatmodels,False,True,
stabilityai/stablelm-2-zephyr-1_6b,stabilityai/stablelm-2-zephyr-1_6b,stabilityai,0,False,2024-01,1.645,StableLmForCausalLM,chatmodels,False,True,
stabilityai/stablelm-3b-4e1t,stabilityai/stablelm-3b-4e1t,stabilityai,0,True,2023-09,2.795,StableLmForCausalLM,pretrained,False,True,
stabilityai/stablelm-zephyr-3b,stabilityai/stablelm-zephyr-3b,stabilityai,0,False,2023-11,2.795,StableLmForCausalLM,chatmodels,False,True,
sthenno/tempesthenno-0120,sthenno/tempesthenno-0120,sthenno,0,True,,14.766,Qwen2ForCausalLM,fine-tunedondomain-specificdatasets,False,False,base_removed
sthenno/tempesthenno-fusion-0309,sthenno/tempesthenno-fusion-0309 (Merge),sthenno,1,False,2025-03,14.766,Qwen2ForCausalLM,fine-tunedondomain-specificdatasets,False,False,merge
sthenno/tempesthenno-kto-0205-ckpt80,sthenno/tempesthenno-kto-0205-ckpt80 (Merge),sthenno,1,False,2025-02,14.766,Qwen2ForCausalLM,fine-tunedondomain-specificdatasets,False,False,merge
sthenno/tempesthenno-nuslerp-001,sthenno/tempesthenno-nuslerp-001 (Merge),sthenno,1,False,2025-01,14.766,Qwen2ForCausalLM,fine-tunedondomain-specificdatasets,False,False,merge
sthenno/tempesthenno-nuslerp-0124,sthenno/tempesthenno-nuslerp-0124 (Merge),sthenno,1,False,2025-01,14.766,Qwen2ForCausalLM,fine-tunedondomain-specificdatasets,False,False,merge
sthenno/tempesthenno-ppo-ckpt40,sthenno/tempesthenno-ppo-ckpt40 (Merge),sthenno,1,False,2025-01,14.766,Qwen2ForCausalLM,fine-tunedondomain-specificdatasets,False,False,merge
sthenno/tempesthenno-sft-0309-ckpt10,sthenno/tempesthenno-sft-0309-ckpt10 (Merge),sthenno,1,False,2025-03,14.766,Qwen2ForCausalLM,fine-tunedondomain-specificdatasets,False,False,merge
sthenno/tempesthenno-sft-0314-stage1-ckpt50,sthenno/tempesthenno-sft-0314-stage1-ckpt50 (Merge),sthenno,1,False,2025-03,14.766,Qwen2ForCausalLM,fine-tunedondomain-specificdatasets,False,False,merge
sthenno/tempestissimo-14b-0309,sthenno/tempestissimo-14b-0309 (Merge),sthenno,1,False,2025-03,14.766,Qwen2ForCausalLM,fine-tunedondomain-specificdatasets,False,False,merge
sthenno-com/miscii-14b-0130,sthenno-com/miscii-14b-0130 (Merge),sthenno-com,1,False,2025-01,14.766,Qwen2ForCausalLM,chatmodels,False,False,merge
sthenno-com/miscii-14b-0218,sthenno-com/miscii-14b-0218 (Merge),sthenno-com,1,False,2025-02,14.766,Qwen2ForCausalLM,chatmodels,False,False,merge
sthenno-com/miscii-14b-1028,sthenno-com/miscii-14b-1028 (Merge),sthenno-com,1,False,2024-11,14.77,Qwen2ForCausalLM,chatmodels,False,False,merge
sthenno-com/miscii-14b-1225,sthenno-com/miscii-14b-1225 (Merge),sthenno-com,1,False,2024-12,14.766,Qwen2ForCausalLM,chatmodels,False,False,merge
streamerbtw1002/Nexuim-R1-7B-Instruct,Qwen/Qwen2.5-7B,Qwen,1,True,2025-03,7.616,Qwen2ForCausalLM,fine-tunedondomain-specificdatasets,False,True,
stupidity-ai/Llama-3-8B-Instruct-MultiMoose,stupidity-ai/Llama-3-8B-Instruct-MultiMoose (Merge),stupidity-ai,1,False,2025-02,8.03,LlamaForCausalLM,basemergesandmoerges,False,False,merge
suayptalha/Clarus-7B-v0.1,suayptalha/Clarus-7B-v0.1 (Merge),suayptalha,1,False,2025-02,7.616,Qwen2ForCausalLM,basemergesandmoerges,False,False,merge
suayptalha/Clarus-7B-v0.2,suayptalha/Clarus-7B-v0.2 (Merge),suayptalha,1,False,2025-02,7.613,Qwen2ForCausalLM,basemergesandmoerges,False,False,merge
suayptalha/Clarus-7B-v0.3,suayptalha/Clarus-7B-v0.3 (Merge),suayptalha,1,False,2025-02,7.616,Qwen2ForCausalLM,basemergesandmoerges,False,False,merge
suayptalha/DeepSeek-R1-Distill-Llama-3B,suayptalha/DeepSeek-R1-Distill-Llama-3B (Merge),suayptalha,1,False,2025-02,3.213,LlamaForCausalLM,fine-tunedondomain-specificdatasets,False,False,merge
suayptalha/Falcon3-Jessi-v0.4-7B-Slerp,suayptalha/Falcon3-Jessi-v0.4-7B-Slerp (Merge),suayptalha,1,False,2025-01,7.456,LlamaForCausalLM,basemergesandmoerges,False,False,merge
suayptalha/HomerCreativeAnvita-Mix-Qw7B,suayptalha/HomerCreativeAnvita-Mix-Qw7B (Merge),suayptalha,1,False,2024-11,7.616,Qwen2ForCausalLM,basemergesandmoerges,False,False,merge
suayptalha/Komodo-Llama-3.2-3B-v2-fp16,suayptalha/Komodo-Llama-3.2-3B-v2-fp16 (Merge),suayptalha,1,False,2024-11,3.0,LlamaForCausalLM,fine-tunedondomain-specificdatasets,False,False,merge
suayptalha/Lamarckvergence-14B,suayptalha/Lamarckvergence-14B (Merge),suayptalha,1,False,2025-02,14.766,Qwen2ForCausalLM,basemergesandmoerges,False,False,merge
suayptalha/Lix-14B-v0.1,suayptalha/Lix-14B-v0.1 (Merge),suayptalha,1,False,2025-03,14.766,Qwen2ForCausalLM,basemergesandmoerges,False,False,merge
suayptalha/Luminis-phi-4,suayptalha/Luminis-phi-4 (Merge),suayptalha,1,False,2025-02,14.66,LlamaForCausalLM,basemergesandmoerges,False,False,merge
suayptalha/Maestro-10B,suayptalha/Maestro-10B (Merge),suayptalha,1,False,2025-01,10.306,LlamaForCausalLM,fine-tunedondomain-specificdatasets,False,False,merge
suayptalha/Rombos-2.5-T.E-8.1,suayptalha/Rombos-2.5-T.E-8.1 (Merge),suayptalha,1,False,2024-11,7.616,Qwen2ForCausalLM,basemergesandmoerges,False,False,merge
sumink/Qmerft,sumink/Qmerft (Merge),sumink,1,False,2025-01,1.777,Qwen2ForCausalLM,basemergesandmoerges,False,False,merge
sumink/Qwenftmodel,sumink/Qwenftmodel,sumink,0,False,2024-12,1.544,Qwen2ForCausalLM,fine-tunedondomain-specificdatasets,False,True,
sumink/Qwenmplus,sumink/Qwenmplus,sumink,0,False,2025-01,1.543,Qwen2ForCausalLM,fine-tunedondomain-specificdatasets,False,True,
sumink/Qwensci,sumink/Qwensci,sumink,0,False,2025-01,1.543,Qwen2ForCausalLM,fine-tunedondomain-specificdatasets,False,True,
sumink/bbhqwen,sumink/bbhqwen,sumink,0,False,2025-02,3.086,Qwen2ForCausalLM,fine-tunedondomain-specificdatasets,False,True,
sumink/bbhqwen2,sumink/bbhqwen2,sumink,0,False,2025-02,3.086,Qwen2ForCausalLM,fine-tunedondomain-specificdatasets,False,True,
sumink/bbhqwen3,sumink/bbhqwen3,sumink,0,False,2025-02,3.086,Qwen2ForCausalLM,fine-tunedondomain-specificdatasets,False,True,
sumink/bbhqwen4,sumink/bbhqwen4,sumink,0,False,2025-02,3.086,Qwen2ForCausalLM,fine-tunedondomain-specificdatasets,False,True,
sumink/bbhqwen5,sumink/bbhqwen5,sumink,0,False,2025-02,3.086,Qwen2ForCausalLM,fine-tunedondomain-specificdatasets,False,True,
sumink/bbhqwen6,sumink/bbhqwen6,sumink,0,False,2025-02,3.086,Qwen2ForCausalLM,fine-tunedondomain-specificdatasets,False,True,
sumink/flflmillama,sumink/flflmillama,sumink,0,False,2025-02,3.213,LlamaForCausalLM,fine-tunedondomain-specificdatasets,False,True,
sumink/ftgpt,sumink/ftgpt,sumink,0,False,2024-11,0.124,GPT2LMHeadModel,fine-tunedondomain-specificdatasets,False,True,
sumink/llamaft,sumink/llamaft,sumink,0,False,2025-02,3.213,LlamaForCausalLM,fine-tunedondomain-specificdatasets,False,True,
sumink/llamamerge,sumink/llamamerge,sumink,0,False,2025-01,13.016,LlamaForCausalLM,basemergesandmoerges,False,False,merge
sumink/llftfl7,sumink/llftfl7,sumink,0,False,2025-02,3.213,LlamaForCausalLM,fine-tunedondomain-specificdatasets,False,True,
sumink/llmer,sumink/llmer (Merge),sumink,1,False,2025-01,8.03,LlamaForCausalLM,basemergesandmoerges,False,False,merge
sumink/qwft,sumink/qwft,sumink,0,False,2025-01,7.616,Qwen2ForCausalLM,fine-tunedondomain-specificdatasets,False,True,
sumink/qwmer,sumink/qwmer (Merge),sumink,1,False,2025-01,7.616,Qwen2ForCausalLM,basemergesandmoerges,False,False,merge
sumink/solarmer3,sumink/solarmer3 (Merge),sumink,1,False,2025-01,10.732,LlamaForCausalLM,basemergesandmoerges,False,False,merge
sumink/somer,sumink/somer (Merge),sumink,1,False,2025-01,10.732,LlamaForCausalLM,basemergesandmoerges,False,False,merge
sumink/somer2,sumink/somer2 (Merge),sumink,1,False,2025-01,10.732,LlamaForCausalLM,basemergesandmoerges,False,False,merge
sumink/somerft,sumink/somerft,sumink,0,False,2025-01,1.543,Qwen2ForCausalLM,fine-tunedondomain-specificdatasets,False,True,
sunbaby/BrainCog-8B-0.1-Instruct,meta-llama/Meta-Llama-3-8B,meta-llama,1,True,2024-07,8.03,LlamaForCausalLM,chatmodels,False,True,
swap-uniba/LLaMAntino-3-ANITA-8B-Inst-DPO-ITA,meta-llama/Meta-Llama-3-8B-Instruct,meta-llama,1,False,2024-04,8.03,LlamaForCausalLM,fine-tunedondomain-specificdatasets,False,True,
synergetic/FrankenQwen2.5-14B,synergetic/FrankenQwen2.5-14B (Merge),synergetic,1,False,2024-11,16.972,Qwen2ForCausalLM,fine-tunedondomain-specificdatasets,False,False,merge
talha2001/Beast-Soul-new,talha2001/Beast-Soul-new (Merge),talha2001,1,False,2024-08,7.242,MistralForCausalLM,basemergesandmoerges,False,False,merge
tangledgroup/tangled-llama-pints-1.5b-v0.1-instruct,pints-ai/1.5-Pints-16K-v0.1,pints-ai,1,True,2024-08,1.5,LlamaForCausalLM,fine-tunedondomain-specificdatasets,False,True,
tangledgroup/tangled-llama-pints-1.5b-v0.2-instruct,pints-ai/1.5-Pints-16K-v0.1,pints-ai,1,True,2024-09,1.5,LlamaForCausalLM,fine-tunedondomain-specificdatasets,False,True,
tanliboy/lambda-gemma-2-9b-dpo,google/gemma-2-9b,google,1,True,2024-07,9.242,Gemma2ForCausalLM,chatmodels,False,True,
tanliboy/lambda-qwen2.5-14b-dpo-test,Qwen/Qwen2.5-14B,Qwen,1,True,2024-09,14.77,Qwen2ForCausalLM,chatmodels,False,True,
tanliboy/lambda-qwen2.5-32b-dpo-test,Qwen/Qwen2.5-32B,Qwen,1,True,2024-09,32.764,Qwen2ForCausalLM,chatmodels,False,True,
tannedbum/Ellaria-9B,tannedbum/Ellaria-9B (Merge),tannedbum,1,False,2024-08,10.159,Gemma2ForCausalLM,basemergesandmoerges,False,False,merge
tannedbum/L3-Nymeria-Maid-8B,tannedbum/L3-Nymeria-Maid-8B (Merge),tannedbum,1,False,2024-06,8.03,LlamaForCausalLM,basemergesandmoerges,False,False,merge
tannedbum/L3-Nymeria-v2-8B,tannedbum/L3-Nymeria-v2-8B (Merge),tannedbum,1,False,2024-06,8.03,LlamaForCausalLM,basemergesandmoerges,False,False,merge
tannedbum/L3-Rhaenys-8B,tannedbum/L3-Rhaenys-8B (Merge),tannedbum,1,False,2024-07,8.03,LlamaForCausalLM,basemergesandmoerges,False,False,merge
teknium/CollectiveCognition-v1.1-Mistral-7B,mistralai/Mistral-7B-v0.1,mistralai,1,True,2023-10,7.0,MistralForCausalLM,fine-tunedondomain-specificdatasets,False,True,
teknium/OpenHermes-13B,NousResearch/Llama-2-13b-hf,NousResearch,1,False,2023-09,13.0,LlamaForCausalLM,fine-tunedondomain-specificdatasets,False,True,
teknium/OpenHermes-2-Mistral-7B,mistralai/Mistral-7B-v0.1,mistralai,1,True,2023-10,7.0,MistralForCausalLM,chatmodels,False,True,
teknium/OpenHermes-2.5-Mistral-7B,mistralai/Mistral-7B-v0.1,mistralai,1,True,2023-10,7.242,MistralForCausalLM,chatmodels,False,True,
teknium/OpenHermes-7B,NousResearch/Llama-2-7b-hf,NousResearch,1,False,2023-09,7.0,LlamaForCausalLM,fine-tunedondomain-specificdatasets,False,True,
tensopolis/falcon3-10b-tensopolis-v1,tensopolis/falcon3-10b-tensopolis-v1 (Merge),tensopolis,1,False,2025-01,10.306,LlamaForCausalLM,basemergesandmoerges,False,False,merge
tensopolis/falcon3-10b-tensopolis-v2,tensopolis/falcon3-10b-tensopolis-v2 (Merge),tensopolis,1,False,2025-03,10.306,LlamaForCausalLM,basemergesandmoerges,False,False,merge
tensopolis/lamarckvergence-14b-tensopolis-v1,tensopolis/lamarckvergence-14b-tensopolis-v1 (Merge),tensopolis,1,False,2025-03,14.766,Qwen2ForCausalLM,basemergesandmoerges,False,False,merge
tensopolis/mistral-small-2501-tensopolis-v1,tensopolis/mistral-small-2501-tensopolis-v1 (Merge),tensopolis,1,False,2025-02,23.572,MistralForCausalLM,basemergesandmoerges,False,False,merge
tensopolis/mistral-small-r1-tensopolis,mistralai/Mistral-Small-24B-Instruct-2501 (Merge),mistralai,1,False,2025-02,23.572,MistralForCausalLM,fine-tunedondomain-specificdatasets,False,False,merge
tensopolis/phi-4-tensopolis-v1,tensopolis/phi-4-tensopolis-v1 (Merge),tensopolis,1,False,2025-02,14.66,LlamaForCausalLM,basemergesandmoerges,False,False,merge
tensopolis/qwen2.5-14b-tensopolis-v1,tensopolis/qwen2.5-14b-tensopolis-v1 (Merge),tensopolis,1,False,2025-02,14.77,Qwen2ForCausalLM,basemergesandmoerges,False,False,merge
tensopolis/qwen2.5-3b-or1-tensopolis,Qwen/Qwen2.5-3B,Qwen,1,True,2025-02,3.086,Qwen2ForCausalLM,fine-tunedondomain-specificdatasets,False,True,
tensopolis/qwen2.5-7b-tensopolis-v1,tensopolis/qwen2.5-7b-tensopolis-v1 (Merge),tensopolis,1,False,2025-02,7.616,Qwen2ForCausalLM,basemergesandmoerges,False,False,merge
tensopolis/qwen2.5-7b-tensopolis-v2,tensopolis/qwen2.5-7b-tensopolis-v2 (Merge),tensopolis,1,False,2025-03,7.616,Qwen2ForCausalLM,basemergesandmoerges,False,False,merge
tensopolis/virtuoso-lite-tensopolis-v1,tensopolis/virtuoso-lite-tensopolis-v1 (Merge),tensopolis,1,False,2025-02,10.306,LlamaForCausalLM,basemergesandmoerges,False,False,merge
tensopolis/virtuoso-lite-tensopolis-v2,tensopolis/virtuoso-lite-tensopolis-v2 (Merge),tensopolis,1,False,2025-02,10.306,LlamaForCausalLM,basemergesandmoerges,False,False,merge
tensopolis/virtuoso-small-tensopolis-v1,tensopolis/virtuoso-small-tensopolis-v1 (Merge),tensopolis,1,False,2025-01,14.77,Qwen2ForCausalLM,basemergesandmoerges,False,False,merge
tensopolis/virtuoso-small-tensopolis-v2,tensopolis/virtuoso-small-tensopolis-v2 (Merge),tensopolis,1,False,2025-01,14.77,Qwen2ForCausalLM,basemergesandmoerges,False,False,merge
tensopolis/virtuoso-small-v2-tensopolis-v1,tensopolis/virtuoso-small-v2-tensopolis-v1 (Merge),tensopolis,1,False,2025-02,14.766,Qwen2ForCausalLM,basemergesandmoerges,False,False,merge
tensoropera/Fox-1-1.6B,tensoropera/Fox-1-1.6B,tensoropera,0,True,2024-06,1.665,LlamaForCausalLM,pretrained,False,True,
tenyx/Llama3-TenyxChat-70B,tenyx/Llama3-TenyxChat-70B,tenyx,0,False,2024-04,70.554,LlamaForCausalLM,chatmodels,False,True,
theo77186/Qwen2.5-Coder-7B-Instruct-20241106,theo77186/Qwen2.5-Coder-7B-Instruct-20241106 (Merge),theo77186,1,False,2024-11,7.616,Qwen2ForCausalLM,chatmodels,False,False,merge
theprint/Boptruth-Agatha-7B,theprint/Boptruth-Agatha-7B,theprint,0,False,2024-09,7.242,MistralForCausalLM,fine-tunedondomain-specificdatasets,False,True,
theprint/CleverBoi-7B-v2,mistralai/Mistral-7B-v0.3,mistralai,1,True,2024-09,7.736,?,fine-tunedondomain-specificdatasets,False,True,
theprint/CleverBoi-7B-v3,mistralai/Mistral-7B-v0.3,mistralai,1,True,2024-09,7.736,?,fine-tunedondomain-specificdatasets,False,True,
theprint/CleverBoi-Llama-3.1-8B-Instruct,meta-llama/Meta-Llama-3.1-8B,meta-llama,1,False,2024-08,16.061,?,fine-tunedondomain-specificdatasets,False,True,
theprint/CleverBoi-Llama-3.1-8B-v2,meta-llama/Meta-Llama-3.1-8B,meta-llama,1,False,2024-09,9.3,?,fine-tunedondomain-specificdatasets,False,True,
theprint/CleverBoi-Nemo-12B-v2,unsloth/Mistral-Nemo-Instruct-2407-bnb-4bit,unsloth,1,False,2024-09,13.933,?,fine-tunedondomain-specificdatasets,False,True,
theprint/Code-Llama-Bagel-8B,theprint/Code-Llama-Bagel-8B (Merge),theprint,1,False,2024-06,8.03,LlamaForCausalLM,basemergesandmoerges,False,False,merge
theprint/Conversely-Mistral-7B,mistralai/Mistral-7B-v0.3,mistralai,1,True,2024-12,14.496,?,fine-tunedondomain-specificdatasets,False,True,
theprint/Llama-3.2-3B-VanRossum,meta-llama/Llama-3.2-3B-Instruct,meta-llama,1,False,2024-11,3.696,?,fine-tunedondomain-specificdatasets,False,True,
theprint/ReWiz-7B,mistralai/Mistral-7B-v0.3,mistralai,1,True,2024-10,7.736,?,fine-tunedondomain-specificdatasets,False,True,
theprint/ReWiz-Llama-3.1-8B-v2,meta-llama/Meta-Llama-3.1-8B,meta-llama,1,False,2024-11,9.3,?,fine-tunedondomain-specificdatasets,False,True,
theprint/ReWiz-Llama-3.2-3B,theprint/ReWiz-Llama-3.2-3B (Merge),theprint,1,False,2024-10,3.213,LlamaForCausalLM,fine-tunedondomain-specificdatasets,False,False,merge
theprint/ReWiz-Nemo-12B-Instruct,unsloth/Mistral-Nemo-Instruct-2407-bnb-4bit,unsloth,1,False,2024-10,12.248,MistralForCausalLM,fine-tunedondomain-specificdatasets,False,True,
theprint/ReWiz-Qwen-2.5-14B,Qwen/Qwen2.5-14B,Qwen,1,True,2024-11,16.743,?,fine-tunedondomain-specificdatasets,False,True,
theprint/ReWiz-Worldbuilder-7B,theprint/ReWiz-Worldbuilder-7B (Merge),theprint,1,False,2024-10,7.248,MistralForCausalLM,basemergesandmoerges,False,False,merge
theprint/RuDolph-Hermes-7B,theprint/RuDolph-Hermes-7B (Merge),theprint,1,False,2024-11,7.242,MistralForCausalLM,fine-tunedondomain-specificdatasets,False,False,merge
theprint/WorldBuilder-12B,unsloth/mistral-nemo-base-2407-bnb-4bit,unsloth,1,False,2024-10,13.933,?,fine-tunedondomain-specificdatasets,False,True,
theprint/phi-3-mini-4k-python,unsloth/Phi-3-mini-4k-instruct-bnb-4bit,unsloth,1,False,2024-06,4.132,?,fine-tunedondomain-specificdatasets,False,True,
thinkcoder/llama3-8b-instruct-lora-8-sft,thinkcoder/llama3-8b-instruct-lora-8-sft,thinkcoder,0,False,2025-03,8.03,LlamaForCausalLM,fine-tunedondomain-specificdatasets,False,True,
thirdeyeai/elevate360m,thirdeyeai/elevate360m,thirdeyeai,0,False,2025-01,0.362,LlamaForCausalLM,fine-tunedondomain-specificdatasets,False,True,
thomas-yanxin/XinYuan-Qwen2-1_5B,thomas-yanxin/XinYuan-Qwen2-1_5B,thomas-yanxin,0,True,2024-08,1.777,Qwen2ForCausalLM,fine-tunedondomain-specificdatasets,False,False,base_removed
thomas-yanxin/XinYuan-Qwen2-7B,thomas-yanxin/XinYuan-Qwen2-7B,thomas-yanxin,0,False,2024-08,7.616,Qwen2ForCausalLM,fine-tunedondomain-specificdatasets,False,True,
thomas-yanxin/XinYuan-Qwen2-7B-0917,thomas-yanxin/XinYuan-Qwen2-7B-0917,thomas-yanxin,0,False,2024-09,7.616,Qwen2ForCausalLM,fine-tunedondomain-specificdatasets,False,True,
thomas-yanxin/XinYuan-Qwen2.5-7B-0917,thomas-yanxin/XinYuan-Qwen2.5-7B-0917,thomas-yanxin,0,False,2024-09,7.616,Qwen2ForCausalLM,chatmodels,False,True,
tianyil1/MistralForCausalLM_Cal_DPO,mistralai/Mistral-7B-v0.1,mistralai,1,True,2025-01,7.242,MistralForCausalLM,fine-tunedondomain-specificdatasets,False,True,
tiiuae/Falcon3-10B-Base,tiiuae/Falcon3-10B-Base,tiiuae,0,True,2024-12,10.306,LlamaForCausalLM,pretrained,False,True,
tiiuae/Falcon3-10B-Instruct,tiiuae/Falcon3-10B-Base,tiiuae,1,True,2024-12,10.306,LlamaForCausalLM,chatmodels,False,True,
tiiuae/Falcon3-1B-Base,tiiuae/Falcon3-1B-Base,tiiuae,0,True,2024-12,1.669,LlamaForCausalLM,pretrained,False,True,
tiiuae/Falcon3-1B-Instruct,tiiuae/Falcon3-1B-Base,tiiuae,1,True,2024-12,1.669,LlamaForCausalLM,chatmodels,False,True,
tiiuae/Falcon3-3B-Base,tiiuae/Falcon3-3B-Base,tiiuae,0,True,2024-12,3.228,LlamaForCausalLM,pretrained,False,True,
tiiuae/Falcon3-3B-Instruct,tiiuae/Falcon3-3B-Instruct,tiiuae,0,False,2024-12,3.228,LlamaForCausalLM,chatmodels,False,True,
tiiuae/Falcon3-7B-Base,tiiuae/Falcon3-7B-Base,tiiuae,0,True,2024-11,7.456,LlamaForCausalLM,pretrained,False,True,
tiiuae/Falcon3-7B-Instruct,tiiuae/Falcon3-7B-Base,tiiuae,1,True,2024-11,7.456,LlamaForCausalLM,chatmodels,False,True,
tiiuae/Falcon3-Mamba-7B-Base,tiiuae/Falcon3-Mamba-7B-Base,tiiuae,0,True,2024-12,7.273,FalconMambaForCausalLM,pretrained,False,True,
tiiuae/Falcon3-Mamba-7B-Instruct,tiiuae/Falcon3-Mamba-7B-Instruct (Merge),tiiuae,1,False,2024-12,7.273,FalconMambaForCausalLM,chatmodels,False,False,merge
tiiuae/falcon-11B,tiiuae/falcon-11B,tiiuae,0,True,2024-05,11.103,FalconForCausalLM,pretrained,False,True,
tiiuae/falcon-40b,tiiuae/falcon-40b,tiiuae,0,True,2023-05,40.0,FalconForCausalLM,pretrained,False,True,
tiiuae/falcon-40b-instruct,tiiuae/falcon-40b-instruct,tiiuae,0,False,2023-05,40.0,FalconForCausalLM,chatmodels,False,True,
tiiuae/falcon-7b,tiiuae/falcon-7b,tiiuae,0,True,2023-04,7.0,FalconForCausalLM,pretrained,False,True,
tiiuae/falcon-7b-instruct,tiiuae/falcon-7b-instruct,tiiuae,0,False,2023-04,7.0,FalconForCausalLM,chatmodels,False,True,
tiiuae/falcon-mamba-7b,tiiuae/falcon-mamba-7b,tiiuae,0,True,2024-07,7.0,FalconMambaForCausalLM,pretrained,False,True,
tinycompany/BiBo-v0.3,tinycompany/BiBo-v0.3,tinycompany,0,False,2025-03,2.943,Qwen2ForCausalLM,fine-tunedondomain-specificdatasets,False,True,
tinycompany/BiBo-v0.7,tinycompany/BiBo-v0.7,tinycompany,0,False,2025-03,2.943,Qwen2ForCausalLM,fine-tunedondomain-specificdatasets,False,True,
tinycompany/ShawtyIsBad-bgem3,tinycompany/ShawtyIsBad-bgem3,tinycompany,0,True,2025-03,1.436,Qwen2ForCausalLM,pretrained,False,True,
tinycompany/ShawtyIsBad-e5-large,tinycompany/ShawtyIsBad-e5-large,tinycompany,0,True,2025-03,1.436,Qwen2ForCausalLM,pretrained,False,True,
tinycompany/ShawtyIsBad-ib,tinycompany/ShawtyIsBad-ib,tinycompany,0,True,2025-03,1.436,Qwen2ForCausalLM,pretrained,False,True,
tinycompany/ShawtyIsBad-nomic-moe,tinycompany/ShawtyIsBad-nomic-moe,tinycompany,0,True,2025-03,1.436,Qwen2ForCausalLM,pretrained,True,True,
tinycompany/ShawtyIsBad-nomic1.5,tinycompany/ShawtyIsBad-nomic1.5,tinycompany,0,True,2025-03,1.436,Qwen2ForCausalLM,pretrained,False,True,
tinycompany/SigmaBoi-base,tinycompany/SigmaBoi-base,tinycompany,0,True,2025-03,2.943,Qwen2ForCausalLM,pretrained,False,True,
tinycompany/SigmaBoi-bge-m3,tinycompany/SigmaBoi-bge-m3,tinycompany,0,True,2025-03,2.943,Qwen2ForCausalLM,pretrained,False,True,
tinycompany/SigmaBoi-bgem3,tinycompany/SigmaBoi-bgem3,tinycompany,0,False,2025-03,2.943,Qwen2ForCausalLM,fine-tunedondomain-specificdatasets,False,True,
tinycompany/SigmaBoi-ib,tinycompany/SigmaBoi-ib,tinycompany,0,True,2025-03,2.943,Qwen2ForCausalLM,pretrained,False,True,
tinycompany/SigmaBoi-nomic-moe,tinycompany/SigmaBoi-nomic-moe,tinycompany,0,True,2025-03,2.943,Qwen2ForCausalLM,pretrained,True,True,
tinycompany/SigmaBoi-nomic1.5,tinycompany/SigmaBoi-nomic1.5,tinycompany,0,True,2025-03,2.943,Qwen2ForCausalLM,pretrained,False,True,
tinycompany/SigmaBoi-nomic1.5-fp32,tinycompany/SigmaBoi-nomic1.5-fp32,tinycompany,0,True,2025-03,2.943,Qwen2ForCausalLM,pretrained,False,True,
tinycompany/Tamed-Shawty,tinycompany/Tamed-Shawty,tinycompany,0,False,2025-03,1.562,Qwen2ForCausalLM,fine-tunedondomain-specificdatasets,False,True,
tklohj/WindyFloLLM,tklohj/WindyFloLLM (Merge),tklohj,1,False,2024-06,13.016,LlamaForCausalLM,pretrained,False,False,merge
togethercomputer/GPT-JT-6B-v1,togethercomputer/GPT-JT-6B-v1,togethercomputer,0,False,2022-11,6.0,GPTJForCausalLM,fine-tunedondomain-specificdatasets,False,True,
togethercomputer/GPT-NeoXT-Chat-Base-20B,togethercomputer/GPT-NeoXT-Chat-Base-20B,togethercomputer,0,False,2023-03,20.0,GPTNeoXForCausalLM,fine-tunedondomain-specificdatasets,False,True,
togethercomputer/LLaMA-2-7B-32K,togethercomputer/LLaMA-2-7B-32K,togethercomputer,0,False,2023-07,7.0,LlamaForCausalLM,fine-tunedondomain-specificdatasets,False,True,
togethercomputer/Llama-2-7B-32K-Instruct,togethercomputer/Llama-2-7B-32K-Instruct,togethercomputer,0,False,2023-08,7.0,LlamaForCausalLM,fine-tunedondomain-specificdatasets,False,True,
togethercomputer/RedPajama-INCITE-7B-Base,togethercomputer/RedPajama-INCITE-7B-Base,togethercomputer,0,True,2023-05,7.0,GPTNeoXForCausalLM,pretrained,False,True,
togethercomputer/RedPajama-INCITE-7B-Chat,togethercomputer/RedPajama-INCITE-7B-Chat,togethercomputer,0,False,2023-05,7.0,GPTNeoXForCausalLM,fine-tunedondomain-specificdatasets,False,True,
togethercomputer/RedPajama-INCITE-7B-Instruct,togethercomputer/RedPajama-INCITE-7B-Instruct,togethercomputer,0,False,2023-05,7.0,GPTNeoXForCausalLM,fine-tunedondomain-specificdatasets,False,True,
togethercomputer/RedPajama-INCITE-Base-3B-v1,togethercomputer/RedPajama-INCITE-Base-3B-v1,togethercomputer,0,True,2023-05,3.0,GPTNeoXForCausalLM,pretrained,False,True,
togethercomputer/RedPajama-INCITE-Chat-3B-v1,togethercomputer/RedPajama-INCITE-Chat-3B-v1,togethercomputer,0,False,2023-05,3.0,GPTNeoXForCausalLM,fine-tunedondomain-specificdatasets,False,True,
togethercomputer/RedPajama-INCITE-Instruct-3B-v1,togethercomputer/RedPajama-INCITE-Instruct-3B-v1,togethercomputer,0,False,2023-05,3.0,GPTNeoXForCausalLM,fine-tunedondomain-specificdatasets,False,True,
tokyotech-llm/Llama-3-Swallow-8B-Instruct-v0.1,tokyotech-llm/Llama-3-Swallow-8B-Instruct-v0.1,tokyotech-llm,0,False,2024-06,8.03,LlamaForCausalLM,fine-tunedondomain-specificdatasets,False,True,
tomasmcm/sky-t1-coder-32b-flash,tomasmcm/sky-t1-coder-32b-flash (Merge),tomasmcm,1,False,2025-02,32.764,Qwen2ForCausalLM,basemergesandmoerges,False,False,merge
trthminh1112/autotrain-llama32-1b-finetune,TinyLlama/TinyLlama-1.1B-intermediate-step-1431k-3T,TinyLlama,1,True,2024-11,1.1,LlamaForCausalLM,fine-tunedondomain-specificdatasets,False,True,
tugstugi/Qwen2.5-7B-Instruct-QwQ-v0.1,tugstugi/Qwen2.5-7B-Instruct-QwQ-v0.1 (Merge),tugstugi,1,False,2025-01,7.616,Qwen2ForCausalLM,fine-tunedondomain-specificdatasets,False,False,merge
universalml/NepaliGPT-2.0,universalml/NepaliGPT-2.0 (Merge),universalml,1,False,2024-08,8.03,LlamaForCausalLM,fine-tunedondomain-specificdatasets,False,False,merge
unsloth/Llama-3.2-1B-Instruct,meta-llama/Llama-3.2-1B-Instruct,meta-llama,1,False,2024-09,1.236,LlamaForCausalLM,chatmodels,False,True,
unsloth/Llama-3.2-1B-Instruct-no-system-message,unsloth/Llama-3.2-1B-Instruct-no-system-message,unsloth,0,True,,1.236,LlamaForCausalLM,chatmodels,False,False,base_removed
unsloth/Phi-3-mini-4k-instruct,unsloth/Phi-3-mini-4k-instruct,unsloth,0,False,2024-04,3.821,MistralForCausalLM,basemergesandmoerges,False,False,merge
unsloth/phi-4,microsoft/phi-4,microsoft,1,True,2025-01,14.66,LlamaForCausalLM,chatmodels,False,True,
unsloth/phi-4-bnb-4bit,microsoft/phi-4,microsoft,1,True,2025-01,8.058,LlamaForCausalLM,chatmodels,False,True,
unsloth/phi-4-unsloth-bnb-4bit,microsoft/phi-4,microsoft,1,True,2025-01,8.483,LlamaForCausalLM,chatmodels,False,True,
upstage/SOLAR-10.7B-Instruct-v1.0,upstage/SOLAR-10.7B-Instruct-v1.0 (Merge),upstage,1,False,2023-12,10.732,LlamaForCausalLM,chatmodels,False,False,merge
upstage/SOLAR-10.7B-v1.0,upstage/SOLAR-10.7B-v1.0,upstage,0,True,2023-12,10.732,LlamaForCausalLM,pretrained,False,True,
upstage/solar-pro-preview-instruct,upstage/solar-pro-preview-instruct,upstage,0,False,2024-09,22.14,SolarForCausalLM,chatmodels,False,True,
utkmst/chimera-beta-test2-lora-merged,meta-llama/Meta-Llama-3.1-8B,meta-llama,1,False,2025-03,8.03,LlamaForCausalLM,fine-tunedondomain-specificdatasets,False,True,
uukuguy/speechless-code-mistral-7b-v1.0,uukuguy/speechless-code-mistral-7b-v1.0,uukuguy,0,False,2023-10,7.0,MistralForCausalLM,fine-tunedondomain-specificdatasets,False,True,
uukuguy/speechless-codellama-34b-v2.0,uukuguy/speechless-codellama-34b-v2.0,uukuguy,0,False,2023-10,34.0,LlamaForCausalLM,fine-tunedondomain-specificdatasets,False,True,
uukuguy/speechless-coder-ds-6.7b,uukuguy/speechless-coder-ds-6.7b,uukuguy,0,False,2023-12,6.7,LlamaForCausalLM,fine-tunedondomain-specificdatasets,False,True,
uukuguy/speechless-instruct-mistral-7b-v0.2,uukuguy/speechless-instruct-mistral-7b-v0.2,uukuguy,0,False,2024-05,7.242,MistralForCausalLM,fine-tunedondomain-specificdatasets,False,True,
uukuguy/speechless-llama2-hermes-orca-platypus-wizardlm-13b,uukuguy/speechless-llama2-hermes-orca-platypus-wizardlm-13b,uukuguy,0,False,2023-09,13.016,LlamaForCausalLM,fine-tunedondomain-specificdatasets,False,True,
uukuguy/speechless-mistral-dolphin-orca-platypus-samantha-7b,uukuguy/speechless-mistral-dolphin-orca-platypus-samantha-7b,uukuguy,0,False,2023-10,7.242,MistralForCausalLM,fine-tunedondomain-specificdatasets,False,True,
uukuguy/speechless-zephyr-code-functionary-7b,uukuguy/speechless-zephyr-code-functionary-7b,uukuguy,0,False,2024-01,7.242,MistralForCausalLM,fine-tunedondomain-specificdatasets,False,True,
v000000/L3-8B-Stheno-v3.2-abliterated,v000000/L3-8B-Stheno-v3.2-abliterated (Merge),v000000,1,False,2024-07,8.03,LlamaForCausalLM,fine-tunedondomain-specificdatasets,False,False,merge
v000000/L3.1-Niitorm-8B-DPO-t0.0001,v000000/L3.1-Niitorm-8B-DPO-t0.0001 (Merge),v000000,1,False,2024-09,8.03,LlamaForCausalLM,chatmodels,False,False,merge
v000000/L3.1-Storniitova-8B,v000000/L3.1-Storniitova-8B (Merge),v000000,1,False,2024-09,8.03,LlamaForCausalLM,basemergesandmoerges,False,False,merge
v000000/Qwen2.5-14B-Gutenberg-1e-Delta,v000000/Qwen2.5-14B-Gutenberg-1e-Delta (Merge),v000000,1,False,2024-09,14.77,Qwen2ForCausalLM,chatmodels,False,False,merge
v000000/Qwen2.5-14B-Gutenberg-Instruct-Slerpeno,v000000/Qwen2.5-14B-Gutenberg-Instruct-Slerpeno (Merge),v000000,1,False,2024-09,14.77,Qwen2ForCausalLM,basemergesandmoerges,False,False,merge
v000000/Qwen2.5-Lumen-14B,v000000/Qwen2.5-Lumen-14B (Merge),v000000,1,False,2024-09,14.77,Qwen2ForCausalLM,chatmodels,False,False,merge
vhab10/Llama-3.1-8B-Base-Instruct-SLERP,vhab10/Llama-3.1-8B-Base-Instruct-SLERP (Merge),vhab10,1,False,2024-09,8.03,LlamaForCausalLM,basemergesandmoerges,False,False,merge
vhab10/Llama-3.2-Instruct-3B-TIES,vhab10/Llama-3.2-Instruct-3B-TIES (Merge),vhab10,1,False,2024-10,1.848,LlamaForCausalLM,basemergesandmoerges,False,False,merge
vhab10/llama-3-8b-merged-linear,vhab10/llama-3-8b-merged-linear (Merge),vhab10,1,False,2024-09,4.65,LlamaForCausalLM,basemergesandmoerges,False,False,merge
vicgalle/CarbonBeagle-11B,vicgalle/CarbonBeagle-11B (Merge),vicgalle,1,False,2024-01,10.732,MistralForCausalLM,chatmodels,False,False,merge
vicgalle/CarbonBeagle-11B-truthy,vicgalle/CarbonBeagle-11B-truthy,vicgalle,0,False,2024-02,10.732,MistralForCausalLM,chatmodels,False,True,
vicgalle/Configurable-Hermes-2-Pro-Llama-3-8B,NousResearch/Meta-Llama-3-8B,NousResearch,1,False,2024-05,8.031,LlamaForCausalLM,fine-tunedondomain-specificdatasets,False,True,
vicgalle/Configurable-Llama-3.1-8B-Instruct,vicgalle/Configurable-Llama-3.1-8B-Instruct,vicgalle,0,False,2024-07,8.03,LlamaForCausalLM,chatmodels,False,True,
vicgalle/Configurable-Yi-1.5-9B-Chat,vicgalle/Configurable-Yi-1.5-9B-Chat,vicgalle,0,False,2024-05,8.829,LlamaForCausalLM,chatmodels,False,True,
vicgalle/ConfigurableBeagle-11B,vicgalle/ConfigurableBeagle-11B,vicgalle,0,False,2024-02,10.732,MistralForCausalLM,chatmodels,False,True,
vicgalle/ConfigurableHermes-7B,vicgalle/ConfigurableHermes-7B,vicgalle,0,False,2024-02,7.242,MistralForCausalLM,chatmodels,False,True,
vicgalle/ConfigurableSOLAR-10.7B,vicgalle/ConfigurableSOLAR-10.7B,vicgalle,0,False,2024-03,10.732,LlamaForCausalLM,chatmodels,False,True,
vicgalle/Humanish-RP-Llama-3.1-8B,vicgalle/Humanish-RP-Llama-3.1-8B,vicgalle,0,False,2024-08,8.03,LlamaForCausalLM,chatmodels,False,True,
vicgalle/Merge-Mistral-Prometheus-7B,vicgalle/Merge-Mistral-Prometheus-7B (Merge),vicgalle,1,False,2024-05,7.242,MistralForCausalLM,basemergesandmoerges,False,False,merge
vicgalle/Merge-Mixtral-Prometheus-8x7B,vicgalle/Merge-Mixtral-Prometheus-8x7B (Merge),vicgalle,1,False,2024-05,46.703,MixtralForCausalLM,basemergesandmoerges,True,False,merge
vicgalle/Roleplay-Llama-3-8B,vicgalle/Roleplay-Llama-3-8B,vicgalle,0,False,2024-04,8.03,LlamaForCausalLM,chatmodels,False,True,
viettelsecurity-ai/security-llama3.2-3b,viettelsecurity-ai/security-llama3.2-3b (Merge),viettelsecurity-ai,1,False,2025-03,3.213,LlamaForCausalLM,fine-tunedondomain-specificdatasets,False,False,merge
vihangd/smart-dan-sft-v0.1,vihangd/smart-dan-sft-v0.1,vihangd,0,False,2024-08,0.379,LlamaForCausalLM,fine-tunedondomain-specificdatasets,False,True,
voidful/smol-360m-ft,voidful/smol-360m-ft (Merge),voidful,1,False,2024-11,0.362,LlamaForCausalLM,fine-tunedondomain-specificdatasets,False,False,merge
vonjack/MobileLLM-125M-HF,vonjack/MobileLLM-125M-HF,vonjack,0,True,2024-11,0.125,LlamaForCausalLM,pretrained,False,True,
vonjack/Phi-3-mini-4k-instruct-LLaMAfied,vonjack/Phi-3-mini-4k-instruct-LLaMAfied,vonjack,0,False,2024-04,3.821,LlamaForCausalLM,fine-tunedondomain-specificdatasets,False,True,
vonjack/Phi-3.5-mini-instruct-hermes-fc-json,vonjack/Phi-3.5-mini-instruct-hermes-fc-json (Merge),vonjack,1,False,2024-11,4.132,?,fine-tunedondomain-specificdatasets,False,False,merge
vonjack/Qwen2.5-Coder-0.5B-Merged,vonjack/Qwen2.5-Coder-0.5B-Merged (Merge),vonjack,1,False,2024-11,0.63,Qwen2ForCausalLM,fine-tunedondomain-specificdatasets,False,False,merge
vonjack/SmolLM2-1.7B-Merged,vonjack/SmolLM2-1.7B-Merged (Merge),vonjack,1,False,2024-11,1.711,LlamaForCausalLM,fine-tunedondomain-specificdatasets,False,False,merge
vonjack/SmolLM2-135M-Merged,vonjack/SmolLM2-135M-Merged (Merge),vonjack,1,False,2024-11,0.135,LlamaForCausalLM,fine-tunedondomain-specificdatasets,False,False,merge
vonjack/SmolLM2-360M-Merged,vonjack/SmolLM2-360M-Merged (Merge),vonjack,1,False,2024-11,0.362,LlamaForCausalLM,fine-tunedondomain-specificdatasets,False,False,merge
w4r10ck/SOLAR-10.7B-Instruct-v1.0-uncensored,w4r10ck/SOLAR-10.7B-Instruct-v1.0-uncensored,w4r10ck,0,False,2023-12,10.732,LlamaForCausalLM,fine-tunedondomain-specificdatasets,False,True,
wanlige/li-14b-v0.4,wanlige/li-14b-v0.4 (Merge),wanlige,1,False,2025-02,14.77,Qwen2ForCausalLM,basemergesandmoerges,False,False,merge
wanlige/li-14b-v0.4-slerp,wanlige/li-14b-v0.4-slerp (Merge),wanlige,1,False,2025-02,14.766,Qwen2ForCausalLM,basemergesandmoerges,False,False,merge
wanlige/li-14b-v0.4-slerp0.1,wanlige/li-14b-v0.4-slerp0.1 (Merge),wanlige,1,False,2025-02,14.766,Qwen2ForCausalLM,basemergesandmoerges,False,False,merge
wannaphong/KhanomTanLLM-Instruct,wannaphong/KhanomTanLLM-Instruct,wannaphong,0,False,2024-08,3.447,LlamaForCausalLM,chatmodels,False,True,
waqasali1707/Beast-Soul-new,waqasali1707/Beast-Soul-new (Merge),waqasali1707,1,False,2024-08,7.242,MistralForCausalLM,basemergesandmoerges,False,False,merge
wave-on-discord/qwent-7b,wave-on-discord/qwent-7b (Merge),wave-on-discord,1,False,2024-09,7.616,Qwen2ForCausalLM,basemergesandmoerges,False,False,merge
weathermanj/Menda-3B-500,weathermanj/Menda-3B-500,weathermanj,0,False,2025-03,3.086,Qwen2ForCausalLM,fine-tunedondomain-specificdatasets,False,True,
weathermanj/Menda-3b-750,weathermanj/Menda-3b-750,weathermanj,0,False,2025-03,3.086,Qwen2ForCausalLM,fine-tunedondomain-specificdatasets,False,True,
weathermanj/Menda-3b-Optim-100,weathermanj/Menda-3b-Optim-100,weathermanj,0,False,2025-03,3.086,Qwen2ForCausalLM,fine-tunedondomain-specificdatasets,False,True,
weathermanj/Menda-3b-Optim-200,weathermanj/Menda-3b-Optim-200,weathermanj,0,False,2025-03,3.086,Qwen2ForCausalLM,fine-tunedondomain-specificdatasets,False,True,
win10/ArliAI-RPMax-v1.3-merge-13.3B,win10/ArliAI-RPMax-v1.3-merge-13.3B (Merge),win10,1,False,2024-11,13.265,LlamaForCausalLM,basemergesandmoerges,False,False,merge
win10/Breeze-13B-32k-Instruct-v1_0,win10/Breeze-13B-32k-Instruct-v1_0,win10,0,False,2024-06,12.726,MistralForCausalLM,basemergesandmoerges,False,False,merge
win10/EVA-Norns-Qwen2.5-v0.1,win10/EVA-Norns-Qwen2.5-v0.1 (Merge),win10,1,False,2024-11,7.616,Qwen2ForCausalLM,basemergesandmoerges,False,False,merge
win10/Llama-3.2-3B-Instruct-24-9-29,meta-llama/Llama-3.2-3B-Instruct,meta-llama,1,False,2024-09,3.213,LlamaForCausalLM,chatmodels,False,True,
win10/Norns-Qwen2.5-12B,win10/Norns-Qwen2.5-12B (Merge),win10,1,False,2024-11,12.277,Qwen2ForCausalLM,basemergesandmoerges,False,False,merge
win10/Norns-Qwen2.5-7B,win10/Norns-Qwen2.5-7B (Merge),win10,1,False,2024-11,7.616,Qwen2ForCausalLM,basemergesandmoerges,False,False,merge
win10/Qwen2.5-2B-Instruct,win10/Qwen2.5-2B-Instruct (Merge),win10,1,False,2024-10,2.9,Qwen2ForCausalLM,basemergesandmoerges,False,False,merge
win10/llama3-13.45b-Instruct,win10/llama3-13.45b-Instruct (Merge),win10,1,False,2024-06,13.265,LlamaForCausalLM,fine-tunedondomain-specificdatasets,False,False,merge
win10/miscii-14b-1M-0128,win10/miscii-14b-1M-0128 (Merge),win10,1,False,2025-01,14.766,Qwen2ForCausalLM,basemergesandmoerges,False,False,merge
winglian/Llama-3-8b-64k-PoSE,winglian/Llama-3-8b-64k-PoSE,winglian,0,False,2024-04,8.03,LlamaForCausalLM,fine-tunedondomain-specificdatasets,False,True,
winglian/llama-3-8b-256k-PoSE,winglian/llama-3-8b-256k-PoSE,winglian,0,False,2024-04,8.03,LlamaForCausalLM,fine-tunedondomain-specificdatasets,False,True,
wzhouad/gemma-2-9b-it-WPO-HB,google/gemma-2-9b,google,1,True,2024-08,9.242,Gemma2ForCausalLM,fine-tunedondomain-specificdatasets,False,True,
x0000001/Deepseek-Lumen-R1-Qwen2.5-14B,x0000001/Deepseek-Lumen-R1-Qwen2.5-14B (Merge),x0000001,1,False,2025-01,14.77,Qwen2ForCausalLM,fine-tunedondomain-specificdatasets,False,False,merge
xMaulana/FinMatcha-3B-Instruct,xMaulana/FinMatcha-3B-Instruct (Merge),xMaulana,1,False,2024-09,3.213,LlamaForCausalLM,fine-tunedondomain-specificdatasets,False,False,merge
xinchen9/Llama3.1_8B_Instruct_CoT,xinchen9/Llama3.1_8B_Instruct_CoT,xinchen9,0,False,2024-09,8.03,LlamaForCausalLM,fine-tunedondomain-specificdatasets,False,True,
xinchen9/Llama3.1_CoT,xinchen9/Llama3.1_CoT,xinchen9,0,False,2024-09,8.03,LlamaForCausalLM,fine-tunedondomain-specificdatasets,False,True,
xinchen9/Llama3.1_CoT_V1,xinchen9/Llama3.1_CoT_V1,xinchen9,0,False,2024-09,8.03,LlamaForCausalLM,fine-tunedondomain-specificdatasets,False,True,
xinchen9/Mistral-7B-CoT,xinchen9/Mistral-7B-CoT,xinchen9,0,False,2024-09,7.242,MistralForCausalLM,fine-tunedondomain-specificdatasets,False,True,
xinchen9/llama3-b8-ft-dis,xinchen9/llama3-b8-ft-dis,xinchen9,0,False,2024-06,8.03,LlamaForCausalLM,fine-tunedondomain-specificdatasets,False,True,
xkp24/Llama-3-8B-Instruct-SPPO-Iter2_bt_2b-table,xkp24/Llama-3-8B-Instruct-SPPO-Iter2_bt_2b-table,xkp24,0,False,2024-09,8.03,LlamaForCausalLM,chatmodels,False,True,
xkp24/Llama-3-8B-Instruct-SPPO-Iter2_bt_8b-table,xkp24/Llama-3-8B-Instruct-SPPO-Iter2_bt_8b-table,xkp24,0,False,2024-09,8.03,LlamaForCausalLM,chatmodels,False,True,
xkp24/Llama-3-8B-Instruct-SPPO-Iter2_gp_2b-table,xkp24/Llama-3-8B-Instruct-SPPO-Iter2_gp_2b-table,xkp24,0,False,2024-09,8.03,LlamaForCausalLM,chatmodels,False,True,
xkp24/Llama-3-8B-Instruct-SPPO-Iter2_gp_8b-table,xkp24/Llama-3-8B-Instruct-SPPO-Iter2_gp_8b-table,xkp24,0,False,2024-09,8.03,LlamaForCausalLM,chatmodels,False,True,
xkp24/Llama-3-8B-Instruct-SPPO-score-Iter2_bt_2b-table-0.001,xkp24/Llama-3-8B-Instruct-SPPO-score-Iter2_bt_2b-table-0.001,xkp24,0,False,2024-09,8.03,LlamaForCausalLM,chatmodels,False,True,
xkp24/Llama-3-8B-Instruct-SPPO-score-Iter2_bt_8b-table-0.002,xkp24/Llama-3-8B-Instruct-SPPO-score-Iter2_bt_8b-table-0.002,xkp24,0,False,2024-09,8.03,LlamaForCausalLM,chatmodels,False,True,
xkp24/Llama-3-8B-Instruct-SPPO-score-Iter2_gp_2b-table-0.001,xkp24/Llama-3-8B-Instruct-SPPO-score-Iter2_gp_2b-table-0.001,xkp24,0,False,2024-09,8.03,LlamaForCausalLM,chatmodels,False,True,
xkp24/Llama-3-8B-Instruct-SPPO-score-Iter2_gp_8b-table-0.002,xkp24/Llama-3-8B-Instruct-SPPO-score-Iter2_gp_8b-table-0.002,xkp24,0,False,2024-09,8.03,LlamaForCausalLM,chatmodels,False,True,
xukp20/Llama-3-8B-Instruct-SPPO-Iter3_bt_2b-table,xukp20/Llama-3-8B-Instruct-SPPO-Iter3_bt_2b-table,xukp20,0,False,2024-09,8.03,LlamaForCausalLM,chatmodels,False,True,
xukp20/Llama-3-8B-Instruct-SPPO-Iter3_bt_8b-table,xukp20/Llama-3-8B-Instruct-SPPO-Iter3_bt_8b-table,xukp20,0,False,2024-09,8.03,LlamaForCausalLM,chatmodels,False,True,
xukp20/Llama-3-8B-Instruct-SPPO-Iter3_gp_2b-table,xukp20/Llama-3-8B-Instruct-SPPO-Iter3_gp_2b-table,xukp20,0,False,2024-09,8.03,LlamaForCausalLM,chatmodels,False,True,
xukp20/Llama-3-8B-Instruct-SPPO-Iter3_gp_8b-table,xukp20/Llama-3-8B-Instruct-SPPO-Iter3_gp_8b-table,xukp20,0,False,2024-09,8.03,LlamaForCausalLM,chatmodels,False,True,
xukp20/Llama-3-8B-Instruct-SPPO-score-Iter3_bt_2b-table-0.001,xukp20/Llama-3-8B-Instruct-SPPO-score-Iter3_bt_2b-table-0.001,xukp20,0,False,2024-09,8.03,LlamaForCausalLM,chatmodels,False,True,
xukp20/Llama-3-8B-Instruct-SPPO-score-Iter3_bt_8b-table-0.002,xukp20/Llama-3-8B-Instruct-SPPO-score-Iter3_bt_8b-table-0.002,xukp20,0,False,2024-09,8.03,LlamaForCausalLM,chatmodels,False,True,
xukp20/Llama-3-8B-Instruct-SPPO-score-Iter3_gp_2b-table-0.001,xukp20/Llama-3-8B-Instruct-SPPO-score-Iter3_gp_2b-table-0.001,xukp20,0,False,2024-09,8.03,LlamaForCausalLM,chatmodels,False,True,
xukp20/llama-3-8b-instruct-sppo-iter1-gp-2b-tau01-table,xukp20/llama-3-8b-instruct-sppo-iter1-gp-2b-tau01-table,xukp20,0,False,2024-09,8.03,LlamaForCausalLM,chatmodels,False,True,
xwen-team/Xwen-7B-Chat,Qwen/Qwen2.5-7B,Qwen,1,True,2025-01,7.616,Qwen2ForCausalLM,chatmodels,False,True,
xxx777xxxASD/L3.1-ClaudeMaid-4x8B,xxx777xxxASD/L3.1-ClaudeMaid-4x8B,xxx777xxxASD,0,False,2024-07,24.942,MixtralForCausalLM,basemergesandmoerges,True,False,merge
yam-peleg/Hebrew-Gemma-11B-Instruct,yam-peleg/Hebrew-Gemma-11B-Instruct,yam-peleg,0,False,2024-03,10.475,GemmaForCausalLM,chatmodels,False,True,
yam-peleg/Hebrew-Mistral-7B,yam-peleg/Hebrew-Mistral-7B,yam-peleg,0,False,2024-04,7.504,MistralForCausalLM,fine-tunedondomain-specificdatasets,False,True,
yam-peleg/Hebrew-Mistral-7B-200K,yam-peleg/Hebrew-Mistral-7B-200K,yam-peleg,0,False,2024-05,7.504,MistralForCausalLM,fine-tunedondomain-specificdatasets,False,True,
yanng1242/Marcoro14-7B-slerp,yanng1242/Marcoro14-7B-slerp,yanng1242,0,False,2025-01,7.242,MistralForCausalLM,basemergesandmoerges,False,False,merge
yasserrmd/Coder-GRPO-3B,yasserrmd/Coder-GRPO-3B (Merge),yasserrmd,1,False,2025-02,3.086,Qwen2ForCausalLM,fine-tunedondomain-specificdatasets,False,False,merge
yasserrmd/Text2SQL-1.5B,Qwen/Qwen2.5-Coder-1.5B-Instruct (Merge),Qwen,1,False,2025-03,1.544,Qwen2ForCausalLM,fine-tunedondomain-specificdatasets,False,False,merge
ycros/BagelMIsteryTour-v2-8x7B,ycros/BagelMIsteryTour-v2-8x7B (Merge),ycros,1,False,2024-01,46.703,MixtralForCausalLM,fine-tunedondomain-specificdatasets,False,False,merge
yfzp/Llama-3-8B-Instruct-SPPO-Iter1_bt_2b-table,yfzp/Llama-3-8B-Instruct-SPPO-Iter1_bt_2b-table,yfzp,0,False,2024-09,8.03,LlamaForCausalLM,chatmodels,False,True,
yfzp/Llama-3-8B-Instruct-SPPO-Iter1_bt_8b-table,yfzp/Llama-3-8B-Instruct-SPPO-Iter1_bt_8b-table,yfzp,0,False,2024-09,8.03,LlamaForCausalLM,chatmodels,False,True,
yfzp/Llama-3-8B-Instruct-SPPO-Iter1_gp_2b-table,yfzp/Llama-3-8B-Instruct-SPPO-Iter1_gp_2b-table,yfzp,0,False,2024-09,8.03,LlamaForCausalLM,chatmodels,False,True,
yfzp/Llama-3-8B-Instruct-SPPO-Iter1_gp_8b-table,yfzp/Llama-3-8B-Instruct-SPPO-Iter1_gp_8b-table,yfzp,0,False,2024-09,8.03,LlamaForCausalLM,chatmodels,False,True,
yfzp/Llama-3-8B-Instruct-SPPO-score-Iter1_bt_2b-table-0.001,yfzp/Llama-3-8B-Instruct-SPPO-score-Iter1_bt_2b-table-0.001,yfzp,0,False,2024-09,8.03,LlamaForCausalLM,chatmodels,False,True,
yfzp/Llama-3-8B-Instruct-SPPO-score-Iter1_bt_8b-table-0.002,yfzp/Llama-3-8B-Instruct-SPPO-score-Iter1_bt_8b-table-0.002,yfzp,0,False,2024-09,8.03,LlamaForCausalLM,chatmodels,False,True,
yfzp/Llama-3-8B-Instruct-SPPO-score-Iter1_gp_2b-table-0.001,yfzp/Llama-3-8B-Instruct-SPPO-score-Iter1_gp_2b-table-0.001,yfzp,0,False,2024-09,8.03,LlamaForCausalLM,chatmodels,False,True,
yfzp/Llama-3-8B-Instruct-SPPO-score-Iter1_gp_8b-table-0.002,yfzp/Llama-3-8B-Instruct-SPPO-score-Iter1_gp_8b-table-0.002,yfzp,0,False,2024-09,8.03,LlamaForCausalLM,chatmodels,False,True,
yifAI/Llama-3-8B-Instruct-SPPO-score-Iter3_gp_8b-table-0.002,yifAI/Llama-3-8B-Instruct-SPPO-score-Iter3_gp_8b-table-0.002,yifAI,0,True,,8.03,LlamaForCausalLM,chatmodels,False,False,base_removed
ylalain/ECE-PRYMMAL-YL-1B-SLERP-V8,ylalain/ECE-PRYMMAL-YL-1B-SLERP-V8,ylalain,0,False,2024-11,1.357,Qwen2ForCausalLM,basemergesandmoerges,False,False,merge
ymcki/Llama-3.1-8B-GRPO-Instruct,meta-llama/Meta-Llama-3.1-8B,meta-llama,1,False,2025-02,8.03,LlamaForCausalLM,fine-tunedondomain-specificdatasets,False,True,
ymcki/Llama-3.1-8B-SFT-GRPO-Instruct,meta-llama/Meta-Llama-3.1-8B,meta-llama,1,False,2025-03,8.03,LlamaForCausalLM,fine-tunedondomain-specificdatasets,False,True,
ymcki/gemma-2-2b-ORPO-jpn-it-abliterated-18,google/gemma-2-2b,google,1,True,2024-10,2.614,Gemma2ForCausalLM,fine-tunedondomain-specificdatasets,False,True,
ymcki/gemma-2-2b-ORPO-jpn-it-abliterated-18-merge,google/gemma-2-2b,google,1,True,2024-10,2.614,Gemma2ForCausalLM,fine-tunedondomain-specificdatasets,False,True,
ymcki/gemma-2-2b-jpn-it-abliterated-17,google/gemma-2-2b,google,1,True,2024-10,2.614,Gemma2ForCausalLM,fine-tunedondomain-specificdatasets,False,True,
ymcki/gemma-2-2b-jpn-it-abliterated-17-18-24,google/gemma-2-2b,google,1,True,2024-11,2.614,Gemma2ForCausalLM,fine-tunedondomain-specificdatasets,False,True,
ymcki/gemma-2-2b-jpn-it-abliterated-17-ORPO,google/gemma-2-2b,google,1,True,2024-10,2.614,Gemma2ForCausalLM,fine-tunedondomain-specificdatasets,False,True,
ymcki/gemma-2-2b-jpn-it-abliterated-17-ORPO-alpaca,ymcki/gemma-2-2b-jpn-it-abliterated-17-ORPO-alpaca,ymcki,0,True,,2.614,Gemma2ForCausalLM,fine-tunedondomain-specificdatasets,False,False,base_removed
ymcki/gemma-2-2b-jpn-it-abliterated-18,google/gemma-2-2b,google,1,True,2024-10,2.614,Gemma2ForCausalLM,fine-tunedondomain-specificdatasets,False,True,
ymcki/gemma-2-2b-jpn-it-abliterated-18-ORPO,google/gemma-2-2b,google,1,True,2024-10,2.614,Gemma2ForCausalLM,fine-tunedondomain-specificdatasets,False,True,
ymcki/gemma-2-2b-jpn-it-abliterated-24,google/gemma-2-2b,google,1,True,2024-10,2.614,Gemma2ForCausalLM,fine-tunedondomain-specificdatasets,False,True,
yuchenxie/ArlowGPT-3B-Multilingual,yuchenxie/ArlowGPT-3B-Multilingual (Merge),yuchenxie,1,False,2024-11,3.213,LlamaForCausalLM,fine-tunedondomain-specificdatasets,False,False,merge
yuchenxie/ArlowGPT-8B,yuchenxie/ArlowGPT-8B (Merge),yuchenxie,1,False,2024-10,8.03,LlamaForCausalLM,fine-tunedondomain-specificdatasets,False,False,merge
yuvraj17/Llama3-8B-SuperNova-Spectrum-Hermes-DPO,yuvraj17/Llama3-8B-SuperNova-Spectrum-Hermes-DPO,yuvraj17,0,False,2024-09,8.03,LlamaForCausalLM,chatmodels,False,True,
yuvraj17/Llama3-8B-SuperNova-Spectrum-dare_ties,yuvraj17/Llama3-8B-SuperNova-Spectrum-dare_ties (Merge),yuvraj17,1,False,2024-09,8.03,LlamaForCausalLM,basemergesandmoerges,False,False,merge
yuvraj17/Llama3-8B-abliterated-Spectrum-slerp,yuvraj17/Llama3-8B-abliterated-Spectrum-slerp (Merge),yuvraj17,1,False,2024-09,8.03,LlamaForCausalLM,basemergesandmoerges,False,False,merge
zake7749/gemma-2-2b-it-chinese-kyara-dpo,zake7749/gemma-2-2b-it-chinese-kyara-dpo (Merge),zake7749,1,False,2024-08,2.614,Gemma2ForCausalLM,fine-tunedondomain-specificdatasets,False,False,merge
zake7749/gemma-2-9b-it-chinese-kyara,zake7749/gemma-2-9b-it-chinese-kyara (Merge),zake7749,1,False,2025-02,9.242,Gemma2ForCausalLM,chatmodels,False,False,merge
zelk12/Gemma-2-TM-9B,zelk12/Gemma-2-TM-9B (Merge),zelk12,1,False,2024-11,10.159,Gemma2ForCausalLM,basemergesandmoerges,False,False,merge
zelk12/MT-Gen1-gemma-2-9B,zelk12/MT-Gen1-gemma-2-9B (Merge),zelk12,1,False,2024-10,10.159,Gemma2ForCausalLM,basemergesandmoerges,False,False,merge
zelk12/MT-Gen2-GI-gemma-2-9B,zelk12/MT-Gen2-GI-gemma-2-9B (Merge),zelk12,1,False,2024-11,10.159,Gemma2ForCausalLM,basemergesandmoerges,False,False,merge
zelk12/MT-Gen2-gemma-2-9B,zelk12/MT-Gen2-gemma-2-9B (Merge),zelk12,1,False,2024-11,10.159,Gemma2ForCausalLM,basemergesandmoerges,False,False,merge
zelk12/MT-Gen3-gemma-2-9B,zelk12/MT-Gen3-gemma-2-9B (Merge),zelk12,1,False,2024-11,10.159,Gemma2ForCausalLM,basemergesandmoerges,False,False,merge
zelk12/MT-Gen4-gemma-2-9B,zelk12/MT-Gen4-gemma-2-9B (Merge),zelk12,1,False,2024-12,10.159,Gemma2ForCausalLM,basemergesandmoerges,False,False,merge
zelk12/MT-Gen5-gemma-2-9B,zelk12/MT-Gen5-gemma-2-9B (Merge),zelk12,1,False,2024-12,10.159,Gemma2ForCausalLM,basemergesandmoerges,False,False,merge
zelk12/MT-Gen6-gemma-2-9B,zelk12/MT-Gen6-gemma-2-9B (Merge),zelk12,1,False,2025-01,10.159,Gemma2ForCausalLM,basemergesandmoerges,False,False,merge
zelk12/MT-Gen6fix-gemma-2-9B,zelk12/MT-Gen6fix-gemma-2-9B (Merge),zelk12,1,False,2025-02,10.159,Gemma2ForCausalLM,basemergesandmoerges,False,False,merge
zelk12/MT-Gen7-gemma-2-9B,zelk12/MT-Gen7-gemma-2-9B (Merge),zelk12,1,False,2025-02,10.159,Gemma2ForCausalLM,basemergesandmoerges,False,False,merge
zelk12/MT-Max-Merge_02012025163610-gemma-2-9B,zelk12/MT-Max-Merge_02012025163610-gemma-2-9B (Merge),zelk12,1,False,2025-01,10.159,Gemma2ForCausalLM,basemergesandmoerges,False,False,merge
zelk12/MT-Merge-gemma-2-9B,zelk12/MT-Merge-gemma-2-9B (Merge),zelk12,1,False,2024-10,10.159,Gemma2ForCausalLM,basemergesandmoerges,False,False,merge
zelk12/MT-Merge1-gemma-2-9B,zelk12/MT-Merge1-gemma-2-9B (Merge),zelk12,1,False,2024-11,10.159,Gemma2ForCausalLM,basemergesandmoerges,False,False,merge
zelk12/MT-Merge2-MU-gemma-2-MTg2MT1g2-9B,zelk12/MT-Merge2-MU-gemma-2-MTg2MT1g2-9B (Merge),zelk12,1,False,2024-11,10.159,Gemma2ForCausalLM,basemergesandmoerges,False,False,merge
zelk12/MT-Merge2-gemma-2-9B,zelk12/MT-Merge2-gemma-2-9B (Merge),zelk12,1,False,2024-11,10.159,Gemma2ForCausalLM,basemergesandmoerges,False,False,merge
zelk12/MT-Merge3-gemma-2-9B,zelk12/MT-Merge3-gemma-2-9B (Merge),zelk12,1,False,2024-12,10.159,Gemma2ForCausalLM,basemergesandmoerges,False,False,merge
zelk12/MT-Merge4-gemma-2-9B,zelk12/MT-Merge4-gemma-2-9B (Merge),zelk12,1,False,2024-12,10.159,Gemma2ForCausalLM,basemergesandmoerges,False,False,merge
zelk12/MT-Merge5-gemma-2-9B,zelk12/MT-Merge5-gemma-2-9B (Merge),zelk12,1,False,2024-12,10.159,Gemma2ForCausalLM,basemergesandmoerges,False,False,merge
zelk12/MT-Merge6-gemma-2-9B,zelk12/MT-Merge6-gemma-2-9B (Merge),zelk12,1,False,2025-02,10.159,Gemma2ForCausalLM,basemergesandmoerges,False,False,merge
zelk12/MT-gemma-2-9B,zelk12/MT-gemma-2-9B (Merge),zelk12,1,False,2024-10,10.159,Gemma2ForCausalLM,basemergesandmoerges,False,False,merge
zelk12/MT1-Gen1-gemma-2-9B,zelk12/MT1-Gen1-gemma-2-9B (Merge),zelk12,1,False,2024-10,10.159,Gemma2ForCausalLM,basemergesandmoerges,False,False,merge
zelk12/MT1-Gen2-gemma-2-9B,zelk12/MT1-Gen2-gemma-2-9B (Merge),zelk12,1,False,2024-11,10.159,Gemma2ForCausalLM,basemergesandmoerges,False,False,merge
zelk12/MT1-Gen3-gemma-2-9B,zelk12/MT1-Gen3-gemma-2-9B (Merge),zelk12,1,False,2024-12,10.159,Gemma2ForCausalLM,basemergesandmoerges,False,False,merge
zelk12/MT1-Gen4-gemma-2-9B,zelk12/MT1-Gen4-gemma-2-9B (Merge),zelk12,1,False,2024-12,10.159,Gemma2ForCausalLM,basemergesandmoerges,False,False,merge
zelk12/MT1-Gen5-IF-gemma-2-S2DMv1-9B,zelk12/MT1-Gen5-IF-gemma-2-S2DMv1-9B (Merge),zelk12,1,False,2024-12,10.159,Gemma2ForCausalLM,basemergesandmoerges,False,False,merge
zelk12/MT1-Gen5-gemma-2-9B,zelk12/MT1-Gen5-gemma-2-9B (Merge),zelk12,1,False,2024-12,10.159,Gemma2ForCausalLM,basemergesandmoerges,False,False,merge
zelk12/MT1-Gen6-gemma-2-9B,zelk12/MT1-Gen6-gemma-2-9B (Merge),zelk12,1,False,2025-02,10.159,Gemma2ForCausalLM,basemergesandmoerges,False,False,merge
zelk12/MT1-Gen7-gemma-2-9B,zelk12/MT1-Gen7-gemma-2-9B (Merge),zelk12,1,False,2025-02,10.159,Gemma2ForCausalLM,basemergesandmoerges,False,False,merge
zelk12/MT1-Max-Merge_02012025163610-gemma-2-9B,zelk12/MT1-Max-Merge_02012025163610-gemma-2-9B (Merge),zelk12,1,False,2025-01,10.159,Gemma2ForCausalLM,basemergesandmoerges,False,False,merge
zelk12/MT1-gemma-2-9B,zelk12/MT1-gemma-2-9B (Merge),zelk12,1,False,2024-10,10.159,Gemma2ForCausalLM,basemergesandmoerges,False,False,merge
zelk12/MT2-Gen1-gemma-2-9B,zelk12/MT2-Gen1-gemma-2-9B (Merge),zelk12,1,False,2024-10,10.159,Gemma2ForCausalLM,basemergesandmoerges,False,False,merge
zelk12/MT2-Gen2-gemma-2-9B,zelk12/MT2-Gen2-gemma-2-9B (Merge),zelk12,1,False,2024-11,10.159,Gemma2ForCausalLM,basemergesandmoerges,False,False,merge
zelk12/MT2-Gen3-gemma-2-9B,zelk12/MT2-Gen3-gemma-2-9B (Merge),zelk12,1,False,2024-12,10.159,Gemma2ForCausalLM,basemergesandmoerges,False,False,merge
zelk12/MT2-Gen4-gemma-2-9B,zelk12/MT2-Gen4-gemma-2-9B (Merge),zelk12,1,False,2024-12,10.159,Gemma2ForCausalLM,basemergesandmoerges,False,False,merge
zelk12/MT2-Gen5-gemma-2-9B,zelk12/MT2-Gen5-gemma-2-9B (Merge),zelk12,1,False,2024-12,10.159,Gemma2ForCausalLM,basemergesandmoerges,False,False,merge
zelk12/MT2-Gen6-gemma-2-9B,zelk12/MT2-Gen6-gemma-2-9B (Merge),zelk12,1,False,2025-02,10.159,Gemma2ForCausalLM,basemergesandmoerges,False,False,merge
zelk12/MT2-Gen7-gemma-2-9B,zelk12/MT2-Gen7-gemma-2-9B (Merge),zelk12,1,False,2025-02,10.159,Gemma2ForCausalLM,basemergesandmoerges,False,False,merge
zelk12/MT2-Max-Merge_02012025163610-gemma-2-9B,zelk12/MT2-Max-Merge_02012025163610-gemma-2-9B (Merge),zelk12,1,False,2025-01,10.159,Gemma2ForCausalLM,basemergesandmoerges,False,False,merge
zelk12/MT2-gemma-2-9B,zelk12/MT2-gemma-2-9B (Merge),zelk12,1,False,2024-10,10.159,Gemma2ForCausalLM,basemergesandmoerges,False,False,merge
zelk12/MT3-Gen1-gemma-2-9B,zelk12/MT3-Gen1-gemma-2-9B (Merge),zelk12,1,False,2024-10,10.159,Gemma2ForCausalLM,basemergesandmoerges,False,False,merge
zelk12/MT3-Gen2-gemma-2-9B,zelk12/MT3-Gen2-gemma-2-9B (Merge),zelk12,1,False,2024-11,10.159,Gemma2ForCausalLM,basemergesandmoerges,False,False,merge
zelk12/MT3-Gen3-gemma-2-9B,zelk12/MT3-Gen3-gemma-2-9B (Merge),zelk12,1,False,2024-12,10.159,Gemma2ForCausalLM,basemergesandmoerges,False,False,merge
zelk12/MT3-Gen4-gemma-2-9B,zelk12/MT3-Gen4-gemma-2-9B (Merge),zelk12,1,False,2024-12,10.159,Gemma2ForCausalLM,basemergesandmoerges,False,False,merge
zelk12/MT3-Gen5-gemma-2-9B,zelk12/MT3-Gen5-gemma-2-9B (Merge),zelk12,1,False,2024-12,10.159,Gemma2ForCausalLM,basemergesandmoerges,False,False,merge
zelk12/MT3-Gen5-gemma-2-9B_v1,zelk12/MT3-Gen5-gemma-2-9B_v1 (Merge),zelk12,1,False,2024-12,10.159,Gemma2ForCausalLM,basemergesandmoerges,False,False,merge
zelk12/MT3-Gen6-gemma-2-9B,zelk12/MT3-Gen6-gemma-2-9B (Merge),zelk12,1,False,2025-02,10.159,Gemma2ForCausalLM,basemergesandmoerges,False,False,merge
zelk12/MT3-Max-Merge_02012025163610-gemma-2-9B,zelk12/MT3-Max-Merge_02012025163610-gemma-2-9B (Merge),zelk12,1,False,2025-01,10.159,Gemma2ForCausalLM,basemergesandmoerges,False,False,merge
zelk12/MT3-gemma-2-9B,zelk12/MT3-gemma-2-9B (Merge),zelk12,1,False,2024-10,10.159,Gemma2ForCausalLM,basemergesandmoerges,False,False,merge
zelk12/MT4-Gen1-gemma-2-9B,zelk12/MT4-Gen1-gemma-2-9B (Merge),zelk12,1,False,2024-10,10.159,Gemma2ForCausalLM,basemergesandmoerges,False,False,merge
zelk12/MT4-Gen2-gemma-2-9B,zelk12/MT4-Gen2-gemma-2-9B (Merge),zelk12,1,False,2024-11,10.159,Gemma2ForCausalLM,basemergesandmoerges,False,False,merge
zelk12/MT4-Gen3-gemma-2-9B,zelk12/MT4-Gen3-gemma-2-9B (Merge),zelk12,1,False,2024-12,10.159,Gemma2ForCausalLM,basemergesandmoerges,False,False,merge
zelk12/MT4-Gen4-gemma-2-9B,zelk12/MT4-Gen4-gemma-2-9B (Merge),zelk12,1,False,2024-12,10.159,Gemma2ForCausalLM,basemergesandmoerges,False,False,merge
zelk12/MT4-Gen5-gemma-2-9B,zelk12/MT4-Gen5-gemma-2-9B (Merge),zelk12,1,False,2024-12,10.159,Gemma2ForCausalLM,basemergesandmoerges,False,False,merge
zelk12/MT4-Max-Merge_02012025163610-gemma-2-9B,zelk12/MT4-Max-Merge_02012025163610-gemma-2-9B (Merge),zelk12,1,False,2025-01,10.159,Gemma2ForCausalLM,basemergesandmoerges,False,False,merge
zelk12/MT4-gemma-2-9B,zelk12/MT4-gemma-2-9B (Merge),zelk12,1,False,2024-10,10.159,Gemma2ForCausalLM,basemergesandmoerges,False,False,merge
zelk12/MT5-Gen1-gemma-2-9B,zelk12/MT5-Gen1-gemma-2-9B (Merge),zelk12,1,False,2024-10,10.159,Gemma2ForCausalLM,basemergesandmoerges,False,False,merge
zelk12/MT5-Gen2-gemma-2-9B,zelk12/MT5-Gen2-gemma-2-9B (Merge),zelk12,1,False,2024-11,10.159,Gemma2ForCausalLM,basemergesandmoerges,False,False,merge
zelk12/MT5-Gen3-gemma-2-9B,zelk12/MT5-Gen3-gemma-2-9B (Merge),zelk12,1,False,2024-12,10.159,Gemma2ForCausalLM,basemergesandmoerges,False,False,merge
zelk12/MT5-Gen4-gemma-2-9B,zelk12/MT5-Gen4-gemma-2-9B (Merge),zelk12,1,False,2024-12,10.159,Gemma2ForCausalLM,basemergesandmoerges,False,False,merge
zelk12/MT5-Gen5-gemma-2-9B,zelk12/MT5-Gen5-gemma-2-9B (Merge),zelk12,1,False,2024-12,10.159,Gemma2ForCausalLM,basemergesandmoerges,False,False,merge
zelk12/MT5-Max-Merge_02012025163610-gemma-2-9B,zelk12/MT5-Max-Merge_02012025163610-gemma-2-9B (Merge),zelk12,1,False,2025-01,10.159,Gemma2ForCausalLM,basemergesandmoerges,False,False,merge
zelk12/MT5-gemma-2-9B,zelk12/MT5-gemma-2-9B (Merge),zelk12,1,False,2024-10,10.159,Gemma2ForCausalLM,basemergesandmoerges,False,False,merge
zelk12/MTM-Merge-gemma-2-9B,zelk12/MTM-Merge-gemma-2-9B (Merge),zelk12,1,False,2025-01,10.159,Gemma2ForCausalLM,basemergesandmoerges,False,False,merge
zelk12/MTMaMe-Merge_02012025163610-gemma-2-9B,zelk12/MTMaMe-Merge_02012025163610-gemma-2-9B (Merge),zelk12,1,False,2025-01,10.159,Gemma2ForCausalLM,basemergesandmoerges,False,False,merge
zelk12/Rv0.4DMv1t0.25-gemma-2-9B,zelk12/Rv0.4DMv1t0.25-gemma-2-9B (Merge),zelk12,1,False,2024-12,10.159,Gemma2ForCausalLM,basemergesandmoerges,False,False,merge
zelk12/Rv0.4DMv1t0.25Tt0.25-gemma-2-9B,zelk12/Rv0.4DMv1t0.25Tt0.25-gemma-2-9B (Merge),zelk12,1,False,2024-12,10.159,Gemma2ForCausalLM,basemergesandmoerges,False,False,merge
zelk12/Rv0.4MT4g2-gemma-2-9B,zelk12/Rv0.4MT4g2-gemma-2-9B (Merge),zelk12,1,False,2025-01,10.159,Gemma2ForCausalLM,basemergesandmoerges,False,False,merge
zelk12/T31122024203920-gemma-2-9B,zelk12/T31122024203920-gemma-2-9B (Merge),zelk12,1,False,2024-12,10.159,Gemma2ForCausalLM,basemergesandmoerges,False,False,merge
zelk12/Test01012025155054,zelk12/Test01012025155054 (Merge),zelk12,1,False,2025-01,3.817,Gemma2ForCausalLM,basemergesandmoerges,False,False,merge
zelk12/Test01012025155054t0.5_gemma-2,zelk12/Test01012025155054t0.5_gemma-2 (Merge),zelk12,1,False,2025-01,3.817,Gemma2ForCausalLM,basemergesandmoerges,False,False,merge
zelk12/gemma-2-S2MTM-9B,zelk12/gemma-2-S2MTM-9B (Merge),zelk12,1,False,2024-12,10.159,Gemma2ForCausalLM,basemergesandmoerges,False,False,merge
zelk12/recoilme-gemma-2-Ataraxy-9B-v0.1,zelk12/recoilme-gemma-2-Ataraxy-9B-v0.1 (Merge),zelk12,1,False,2024-10,10.159,Gemma2ForCausalLM,basemergesandmoerges,False,False,merge
zelk12/recoilme-gemma-2-Ataraxy-9B-v0.1-t0.25,zelk12/recoilme-gemma-2-Ataraxy-9B-v0.1-t0.25 (Merge),zelk12,1,False,2024-10,10.159,Gemma2ForCausalLM,basemergesandmoerges,False,False,merge
zelk12/recoilme-gemma-2-Ataraxy-9B-v0.1-t0.75,zelk12/recoilme-gemma-2-Ataraxy-9B-v0.1-t0.75 (Merge),zelk12,1,False,2024-10,10.159,Gemma2ForCausalLM,basemergesandmoerges,False,False,merge
zelk12/recoilme-gemma-2-Ataraxy-9B-v0.2,zelk12/recoilme-gemma-2-Ataraxy-9B-v0.2 (Merge),zelk12,1,False,2024-10,10.159,Gemma2ForCausalLM,basemergesandmoerges,False,False,merge
zelk12/recoilme-gemma-2-Gutenberg-Doppel-9B-v0.1,zelk12/recoilme-gemma-2-Gutenberg-Doppel-9B-v0.1 (Merge),zelk12,1,False,2024-10,10.159,Gemma2ForCausalLM,basemergesandmoerges,False,False,merge
zelk12/recoilme-gemma-2-Ifable-9B-v0.1,zelk12/recoilme-gemma-2-Ifable-9B-v0.1 (Merge),zelk12,1,False,2024-10,10.159,Gemma2ForCausalLM,basemergesandmoerges,False,False,merge
zelk12/recoilme-gemma-2-psy10k-mental_healt-9B-v0.1,zelk12/recoilme-gemma-2-psy10k-mental_healt-9B-v0.1 (Merge),zelk12,1,False,2024-10,10.159,Gemma2ForCausalLM,basemergesandmoerges,False,False,merge
zetasepic/Qwen2.5-32B-Instruct-abliterated-v2,Qwen/Qwen2.5-32B,Qwen,1,True,2024-10,32.764,Qwen2ForCausalLM,fine-tunedondomain-specificdatasets,False,True,
zetasepic/Qwen2.5-72B-Instruct-abliterated,Qwen/Qwen2.5-72B,Qwen,1,True,2024-10,72.706,Qwen2ForCausalLM,fine-tunedondomain-specificdatasets,False,True,
zhengr/MixTAO-7Bx2-MoE-v8.1,zhengr/MixTAO-7Bx2-MoE-v8.1,zhengr,0,False,2024-02,12.879,MixtralForCausalLM,fine-tunedondomain-specificdatasets,True,True,
